1016485,AAOI,2026-01-08 21:45:05.180,SwingFilter,Hold,Volatility too high (11.21%) - excessive risk,2026-01-08 21:45:05.580
1016486,AA,2026-01-08 05:00:00.000,RelaxedEngine,Hold,REJECT - Insufficient confirmations,2026-01-08 21:45:05.657
1016487,A,2026-01-08 05:00:00.000,RelaxedEngine,Hold,REJECT - Insufficient confirmations,2026-01-08 21:45:05.707
1016488,AA,2026-01-08 21:45:05.363,TrendMTF,Hold,0.00|No clear trend setup,2026-01-08 21:45:05.760
1016489,AAON,2026-01-08 21:45:05.180,SwingFilter,Hold,No clear weekly trend direction,2026-01-08 21:45:05.777
1016490,AA,2026-01-08 21:45:05.463,MeanRevSR,Hold,0.00|Strong trend - avoid mean reversion,2026-01-08 21:45:05.817
1016491,AA,2026-01-08 21:45:05.520,BreakoutVol,Hold,0.00|No breakout pattern (ADX=51.2),2026-01-08 21:45:05.883
1016492,AA,2026-01-08 21:45:05.577,MomentumDiv,Hold,0.00|Indicators not ready,2026-01-08 21:45:05.937
1016493,AA,2026-01-08 21:45:05.627,EMA+RSI,Hold,0.00|No EMA crossover,2026-01-08 21:45:05.993
1016494,A,2026-01-08 21:45:05.413,TrendMTF,Hold,0.00|No clear trend setup,2026-01-08 21:45:06.013
1016495,AA,2026-01-08 21:45:05.683,Bollinger,Sell,0.68|Bollinger mean reversion sell (RSI=74.5),2026-01-08 21:45:06.050
1016496,A,2026-01-08 21:45:05.707,MeanRevSR,Hold,"0.00|No mean reversion setup (RSI=50.0, regime=Quiet Market)",2026-01-08 21:45:06.070
1016497,AA,2026-01-08 21:45:05.743,ATR,Hold,0.00|No ATR breakout,2026-01-08 21:45:06.103
1016498,A,2026-01-08 21:45:05.763,BreakoutVol,Hold,0.00|No breakout pattern (ADX=24.1),2026-01-08 21:45:06.130
1016499,AA,2026-01-08 21:45:05.797,MACD,Hold,0.00|No MACD signal,2026-01-08 21:45:06.160
1016500,A,2026-01-08 21:45:05.820,MomentumDiv,Hold,0.00|Indicators not ready,2026-01-08 21:45:06.183
1016501,AA,2026-01-08 21:45:05.853,ADX,Buy,0.85|ADX strong trend ? (ADX=51.2),2026-01-08 21:45:06.217
1016502,A,2026-01-08 21:45:05.877,EMA+RSI,Hold,0.00|EMA buy rejected: EMAs too close (0.19%),2026-01-08 21:45:06.240
1016503,AA,2026-01-08 21:45:05.907,Volume,Sell,0.85|Volume spike 1.9x with downward momentum,2026-01-08 21:45:06.270
1016504,ABBV,2026-01-08 21:45:05.913,SwingFilter,Hold,Weekly trend too weak (1.1%),2026-01-08 21:45:06.277
1016505,AA,2026-01-08 21:45:05.970,Donchian,Hold,"0.00|Price within channel ($61.09, U=$65.01, L=$42.32)",2026-01-08 21:45:06.337
1016506,A,2026-01-08 21:45:05.970,Bollinger,Sell,0.67|Bollinger mean reversion sell (RSI=58.1),2026-01-08 21:45:06.337
1016507,A,2026-01-08 21:45:06.030,ATR,Hold,0.00|No ATR breakout,2026-01-08 21:45:06.393
1016508,AA,2026-01-08 21:45:06.030,Ichimoku,Buy,1.00|Bullish Ichimoku (price 8.5% above cloud),2026-01-08 21:45:06.393
1016509,AA,2026-01-08 21:45:06.083,PriceAction,Buy,0.80|Strong uptrend: Higher highs & higher lows confirmed,2026-01-08 21:45:06.450
1016510,A,2026-01-08 21:45:06.083,MACD,Buy,0.65|MACD momentum building (hist=1.2601),2026-01-08 21:45:06.450
1016511,A,2026-01-08 21:45:06.140,ADX,Buy,0.66|ADX strong trend ? (ADX=24.1),2026-01-08 21:45:06.503
1016512,AA,2026-01-08 21:45:06.140,Supertrend,Buy,0.65|Supertrend bullish continuation (5.31% above),2026-01-08 21:45:06.503
1016513,AA,2026-01-08 21:45:06.197,MeanRevMFI,Hold,0.00|No MFI mean reversion setup,2026-01-08 21:45:06.557
1016514,A,2026-01-08 21:45:06.197,Volume,Hold,0.00|Volume too low: 0.75x,2026-01-08 21:45:06.557
1016515,A,2026-01-08 21:45:06.250,Donchian,Hold,"0.00|Price within channel ($145.76, U=$151.43, L=$135.27)",2026-01-08 21:45:06.613
1016516,AA,2026-01-08 21:45:06.250,TripleMomentum,Hold,0.00|Insufficient momentum consensus,2026-01-08 21:45:06.613
1016517,AA,2026-01-08 21:45:06.303,SRBounce,Hold,0.00|Not near key S/R levels,2026-01-08 21:45:06.670
1016518,A,2026-01-08 21:45:06.303,Ichimoku,Hold,0.00|TK lines too close: 0.72%,2026-01-08 21:45:06.670
1016519,A,2026-01-08 21:45:06.360,PriceAction,Buy,0.80|Strong uptrend: Higher highs & higher lows confirmed,2026-01-08 21:45:06.720
1016520,AA,2026-01-08 21:45:06.360,CMFMomentum,Hold,0.00|No CMF momentum signal,2026-01-08 21:45:06.720
1016521,ABT,2026-01-08 21:45:06.403,SwingFilter,Hold,Weekly trend too weak (0.1%),2026-01-08 21:45:06.763
1016522,AA,2026-01-08 21:45:06.413,ForceIndex,Hold,0.00|No Force Index breakout,2026-01-08 21:45:06.777
1016523,A,2026-01-08 21:45:06.413,Supertrend,Buy,0.65|Supertrend bullish continuation (4.16% above),2026-01-08 21:45:06.777
1016524,A,2026-01-08 21:45:06.470,MeanRevMFI,Hold,0.00|No MFI mean reversion setup,2026-01-08 21:45:06.833
1016525,AA,2026-01-08 21:45:06.470,WilliamsR,Sell,0.70|Williams %R overbought reversal (-21.8 from -12.4),2026-01-08 21:45:06.833
1016526,AA,2026-01-08 21:45:06.523,PSAR,Hold,0.00|SAR no flip,2026-01-08 21:45:06.887
1016527,A,2026-01-08 21:45:06.523,TripleMomentum,Hold,0.00|Insufficient momentum consensus,2026-01-08 21:45:06.887
1016528,A,2026-01-08 21:45:06.583,SRBounce,Hold,0.00|Not near key S/R levels,2026-01-08 21:45:06.943
1016529,AA,2026-01-08 21:45:06.587,Keltner,Hold,0.00|No Keltner breakout,2026-01-08 21:45:06.943
1016530,AA,2026-01-08 21:45:06.643,OBV,Hold,0.00|No OBV divergence,2026-01-08 21:45:07.000
1016531,A,2026-01-08 21:45:06.643,CMFMomentum,Hold,0.00|No CMF momentum signal,2026-01-08 21:45:07.000
1016532,A,2026-01-08 21:45:06.697,ForceIndex,Hold,0.00|No Force Index breakout,2026-01-08 21:45:07.050
1016533,AA,2026-01-08 21:45:06.697,Aroon,Hold,0.00|No Aroon trend change,2026-01-08 21:45:07.057
1016534,ABUS,2026-01-08 21:45:06.707,SwingFilter,Hold,Weekly trend too weak (1.1%),2026-01-08 21:45:07.063
1016535,AA,2026-01-08 21:45:06.753,ROC,Hold,0.00|No ROC momentum burst,2026-01-08 21:45:07.107
1016536,A,2026-01-08 21:45:06.750,WilliamsR,Sell,0.80|Williams %R overbought reversal (-25.7 from -11.2),2026-01-08 21:45:07.107
1016537,A,2026-01-08 21:45:06.803,PSAR,Hold,0.00|SAR no flip,2026-01-08 21:45:07.163
1016538,AA,2026-01-08 21:45:06.803,TSI,Hold,0.00|No TSI crossover,2026-01-08 21:45:07.163
1016539,AA,2026-01-08 21:45:06.860,Vortex,Hold,0.00|No Vortex trend change,2026-01-08 21:45:07.217
1016540,A,2026-01-08 21:45:06.860,Keltner,Hold,0.00|No Keltner breakout,2026-01-08 21:45:07.217
1016541,A,2026-01-08 21:45:06.913,OBV,Hold,0.00|No OBV divergence,2026-01-08 21:45:07.267
1016542,AA,2026-01-08 21:45:06.913,Confluence,Hold,0.00|Insufficient confluence (score=3),2026-01-08 21:45:07.267
1016543,AA,2026-01-08 21:45:06.963,Enhanced_Consensus,Hold,REJECT - Insufficient confirmations | conf=0% | quality=72%,2026-01-08 21:45:07.320
1016544,A,2026-01-08 21:45:06.963,Aroon,Hold,0.00|No Aroon trend change,2026-01-08 21:45:07.320
1016545,A,2026-01-08 21:45:07.017,ROC,Hold,0.00|No ROC momentum burst,2026-01-08 21:45:07.377
1016546,A,2026-01-08 21:45:07.073,TSI,Hold,0.00|No TSI crossover,2026-01-08 21:45:07.430
1016547,A,2026-01-08 21:45:07.127,Vortex,Hold,0.00|No Vortex trend change,2026-01-08 21:45:07.487
1016548,A,2026-01-08 21:45:07.183,Confluence,Hold,0.00|Insufficient confluence (score=3),2026-01-08 21:45:07.540
1016549,A,2026-01-08 21:45:07.237,Enhanced_Consensus,Hold,REJECT - Insufficient confirmations | conf=0% | quality=59%,2026-01-08 21:45:07.590
1016550,ACI,2026-01-08 05:00:00.000,RealisticConservative,Sell,Sell: 7@73% Q:65% (BB conflict),2026-01-08 21:45:07.730
1016551,ACMR,2026-01-08 05:00:00.000,RelaxedEngine,Hold,Failed validation,2026-01-08 21:45:07.760
1016552,ACI,2026-01-08 21:45:07.430,TrendMTF,Hold,0.00|No clear trend setup,2026-01-08 21:45:07.787
1016553,ACMR,2026-01-08 21:45:07.457,TrendMTF,Hold,0.00|No clear trend setup,2026-01-08 21:45:07.817
1016554,ACI,2026-01-08 21:45:07.483,MeanRevSR,Hold,"0.00|No mean reversion setup (RSI=50.0, regime=Quiet Market)",2026-01-08 21:45:07.843
1016555,ACMR,2026-01-08 21:45:07.513,MeanRevSR,Hold,"0.00|No mean reversion setup (RSI=50.0, regime=Weak Trend)",2026-01-08 21:45:07.867
1016556,ACI,2026-01-08 21:45:07.543,BreakoutVol,Hold,0.00|No breakout pattern (ADX=28.5),2026-01-08 21:45:07.903
1016557,ACMR,2026-01-08 21:45:07.563,BreakoutVol,Hold,0.00|No breakout pattern (ADX=40.7),2026-01-08 21:45:07.930
1016558,ADBE,2026-01-08 21:45:07.583,SwingFilter,Hold,Weekly trend too weak (0.9%),2026-01-08 21:45:07.950
1016559,ACI,2026-01-08 21:45:07.597,MomentumDiv,Hold,0.00|Indicators not ready,2026-01-08 21:45:07.960
1016560,ACMR,2026-01-08 21:45:07.620,MomentumDiv,Hold,0.00|Indicators not ready,2026-01-08 21:45:07.983
1016561,ACI,2026-01-08 21:45:07.653,EMA+RSI,Hold,0.00|No EMA crossover,2026-01-08 21:45:08.017
1016562,ACMR,2026-01-08 21:45:07.677,EMA+RSI,Hold,0.00|No EMA crossover,2026-01-08 21:45:08.037
1016563,ACI,2026-01-08 21:45:07.707,Bollinger,Buy,0.70|Bollinger mean reversion buy (RSI=38.6),2026-01-08 21:45:08.070
1016564,ACMR,2026-01-08 21:45:07.727,Bollinger,Sell,0.71|Bollinger mean reversion sell (RSI=78.8),2026-01-08 21:45:08.090
1016565,ACI,2026-01-08 21:45:07.760,ATR,Hold,0.00|No ATR breakout,2026-01-08 21:45:08.123
1016566,ACMR,2026-01-08 21:45:07.783,ATR,Hold,0.00|No ATR breakout,2026-01-08 21:45:08.153
1016567,ACI,2026-01-08 21:45:07.817,MACD,Sell,0.65|MACD momentum building (hist=-0.0708),2026-01-08 21:45:08.177
1016568,ACMR,2026-01-08 21:45:07.843,MACD,Buy,0.65|MACD momentum building (hist=0.8774),2026-01-08 21:45:08.203
1016569,ACI,2026-01-08 21:45:07.867,ADX,Sell,0.79|ADX strong trend ? (ADX=28.5),2026-01-08 21:45:08.230
1016570,ADI,2026-01-08 05:00:00.000,RelaxedEngine,Hold,Failed validation,2026-01-08 21:45:08.243
1016571,ACMR,2026-01-08 21:45:07.897,ADX,Buy,0.85|ADX strong trend ? (ADX=40.7),2026-01-08 21:45:08.260
1016572,ACI,2026-01-08 21:45:07.920,Volume,Sell,0.78|Volume spike 1.7x with downward momentum,2026-01-08 21:45:08.283
1016573,ADI,2026-01-08 21:45:07.937,TrendMTF,Hold,0.00|No clear trend setup,2026-01-08 21:45:08.297
1016574,ACMR,2026-01-08 21:45:07.953,Volume,Hold,0.00|Volume too low: 1.19x,2026-01-08 21:45:08.317
1016575,ACI,2026-01-08 21:45:07.977,Donchian,Hold,"0.00|Price within channel ($16.63, U=$18.28, L=$15.80)",2026-01-08 21:45:08.340
1016576,ADI,2026-01-08 21:45:07.987,MeanRevSR,Hold,"0.00|No mean reversion setup (RSI=50.0, regime=Weak Trend)",2026-01-08 21:45:08.353
1016577,ACI,2026-01-08 21:45:08.033,Ichimoku,Sell,0.60|Bearish Ichimoku (price 1.3% below cloud),2026-01-08 21:45:08.397
1016578,ACMR,2026-01-08 21:45:08.007,Donchian,Hold,"0.00|Price within channel ($49.19, U=$49.24, L=$32.20)",2026-01-08 21:45:08.397
1016579,ADI,2026-01-08 21:45:08.047,BreakoutVol,Hold,0.00|No breakout pattern (ADX=27.2),2026-01-08 21:45:08.410
1016580,ACI,2026-01-08 21:45:08.087,PriceAction,Hold,0.00|No clear price action trend,2026-01-08 21:45:08.450
1016581,ACMR,2026-01-08 21:45:08.090,Ichimoku,Buy,1.00|Bullish Ichimoku (price 13.6% above cloud),2026-01-08 21:45:08.453
1016582,ADI,2026-01-08 21:45:08.100,MomentumDiv,Hold,0.00|Indicators not ready,2026-01-08 21:45:08.463
1016583,ACMR,2026-01-08 21:45:08.143,PriceAction,Hold,0.00|No clear price action trend,2026-01-08 21:45:08.503
1016584,ACI,2026-01-08 21:45:08.140,Supertrend,Sell,0.65|Supertrend bearish continuation (4.97% below),2026-01-08 21:45:08.503
1016585,ADI,2026-01-08 21:45:08.157,EMA+RSI,Hold,0.00|No EMA crossover,2026-01-08 21:45:08.520
1016586,ACMR,2026-01-08 21:45:08.197,Supertrend,Buy,0.60|Supertrend bullish continuation (13.87% above),2026-01-08 21:45:08.560
1016587,ACI,2026-01-08 21:45:08.197,MeanRevMFI,Hold,0.00|No MFI mean reversion setup,2026-01-08 21:45:08.560
1016588,ADI,2026-01-08 21:45:08.213,Bollinger,Sell,0.74|Bollinger mean reversion sell (RSI=75.1),2026-01-08 21:45:08.577
1016589,ACI,2026-01-08 21:45:08.253,TripleMomentum,Hold,0.00|Insufficient momentum consensus,2026-01-08 21:45:08.617
1016590,ACMR,2026-01-08 21:45:08.253,MeanRevMFI,Hold,0.00|No MFI mean reversion setup,2026-01-08 21:45:08.617
1016591,ADI,2026-01-08 21:45:08.270,ATR,Buy,0.80|ATR breakout ? (vol=2.2%),2026-01-08 21:45:08.633
1016592,ADMA,2026-01-08 21:45:08.043,SwingFilter,Hold,Weekly trend too weak (1.1%),2026-01-08 21:45:08.637
1016593,ACI,2026-01-08 21:45:08.307,SRBounce,Hold,0.00|Not near key S/R levels,2026-01-08 21:45:08.670
1016594,ACMR,2026-01-08 21:45:08.307,TripleMomentum,Buy,0.90|Triple momentum bullish (2/3 indicators),2026-01-08 21:45:08.670
1016595,ADI,2026-01-08 21:45:08.323,MACD,Buy,0.65|MACD momentum building (hist=1.0475),2026-01-08 21:45:08.683
1016596,ACMR,2026-01-08 21:45:08.360,SRBounce,Hold,0.00|Not near key S/R levels,2026-01-08 21:45:08.720
1016597,ACI,2026-01-08 21:45:08.360,CMFMomentum,Hold,0.00|No CMF momentum signal,2026-01-08 21:45:08.720
1016598,ADI,2026-01-08 21:45:08.377,ADX,Buy,0.75|ADX strong trend ? (ADX=27.2),2026-01-08 21:45:08.740
1016599,ACI,2026-01-08 21:45:08.413,ForceIndex,Hold,0.00|No Force Index breakout,2026-01-08 21:45:08.777
1016600,ACMR,2026-01-08 21:45:08.413,CMFMomentum,Hold,0.00|No CMF momentum signal,2026-01-08 21:45:08.777
1016601,ADI,2026-01-08 21:45:08.433,Volume,Hold,0.00|Volume too low: 0.95x,2026-01-08 21:45:08.793
1016602,ACMR,2026-01-08 21:45:08.467,ForceIndex,Hold,0.00|No Force Index breakout,2026-01-08 21:45:08.830
1016603,ACI,2026-01-08 21:45:08.467,WilliamsR,Hold,0.00|No Williams %R reversal signal,2026-01-08 21:45:08.833
1016604,ADI,2026-01-08 21:45:08.483,Donchian,Hold,"0.00|Price within channel ($299.16, U=$299.53, L=$270.14)",2026-01-08 21:45:08.843
1016605,ACMR,2026-01-08 21:45:08.520,WilliamsR,Hold,0.00|No Williams %R reversal signal,2026-01-08 21:45:08.883
1016606,ACI,2026-01-08 21:45:08.523,PSAR,Hold,0.00|SAR no flip,2026-01-08 21:45:08.890
1016607,ADI,2026-01-08 21:45:08.537,Ichimoku,Hold,0.00|TK lines too close: 0.78%,2026-01-08 21:45:08.897
1016608,ACMR,2026-01-08 21:45:08.577,PSAR,Hold,0.00|SAR no flip,2026-01-08 21:45:08.937
1016609,ACI,2026-01-08 21:45:08.580,Keltner,Hold,0.00|No Keltner breakout,2026-01-08 21:45:08.940
1016610,ADI,2026-01-08 21:45:08.590,PriceAction,Hold,0.00|No clear price action trend,2026-01-08 21:45:08.953
1016611,ACI,2026-01-08 21:45:08.633,OBV,Hold,0.00|No OBV divergence,2026-01-08 21:45:08.993
1016612,ACMR,2026-01-08 21:45:08.630,Keltner,Hold,0.00|No Keltner breakout,2026-01-08 21:45:08.993
1016613,ADI,2026-01-08 21:45:08.643,Supertrend,Buy,0.65|Supertrend bullish continuation (7.03% above),2026-01-08 21:45:09.003
1016614,ACI,2026-01-08 21:45:08.683,Aroon,Hold,0.00|No Aroon trend change,2026-01-08 21:45:09.043
1016615,ACMR,2026-01-08 21:45:08.683,OBV,Hold,0.00|No OBV divergence,2026-01-08 21:45:09.043
1016616,ADI,2026-01-08 21:45:08.697,MeanRevMFI,Hold,0.00|No MFI mean reversion setup,2026-01-08 21:45:09.060
1016617,ACI,2026-01-08 21:45:08.737,ROC,Hold,0.00|No ROC momentum burst,2026-01-08 21:45:09.103
1016618,ACMR,2026-01-08 21:45:08.737,Aroon,Hold,0.00|No Aroon trend change,2026-01-08 21:45:09.103
1016619,ADI,2026-01-08 21:45:08.753,TripleMomentum,Buy,1.00|Triple momentum bullish (3/3 indicators),2026-01-08 21:45:09.113
1016620,ACI,2026-01-08 21:45:08.797,TSI,Hold,0.00|No TSI crossover,2026-01-08 21:45:09.160
1016621,ACMR,2026-01-08 21:45:08.797,ROC,Hold,0.00|No ROC momentum burst,2026-01-08 21:45:09.160
1016622,ADI,2026-01-08 21:45:08.803,SRBounce,Hold,0.00|Not near key S/R levels,2026-01-08 21:45:09.163
1016623,ACMR,2026-01-08 21:45:08.853,TSI,Hold,0.00|No TSI crossover,2026-01-08 21:45:09.213
1016624,ADI,2026-01-08 21:45:08.857,CMFMomentum,Hold,0.00|No CMF momentum signal,2026-01-08 21:45:09.217
1016625,ACI,2026-01-08 21:45:08.853,Vortex,Hold,0.00|No Vortex trend change,2026-01-08 21:45:09.217
1016626,ACMR,2026-01-08 21:45:08.903,Vortex,Hold,0.00|No Vortex trend change,2026-01-08 21:45:09.263
1016627,ACI,2026-01-08 21:45:08.907,Confluence,Hold,0.00|Insufficient confluence (score=0),2026-01-08 21:45:09.270
1016628,ADI,2026-01-08 21:45:08.907,ForceIndex,Hold,0.00|No Force Index breakout,2026-01-08 21:45:09.270
1016629,ACMR,2026-01-08 21:45:08.957,Confluence,Hold,0.00|Insufficient confluence (score=3),2026-01-08 21:45:09.317
1016630,ACI,2026-01-08 21:45:08.960,Enhanced_Consensus,Sell,Sell: 7@73% Q:65% (BB conflict) | conf=68% | quality=65%,2026-01-08 21:45:09.320
1016631,ADI,2026-01-08 21:45:08.960,WilliamsR,Hold,0.00|No Williams %R reversal signal,2026-01-08 21:45:09.320
1016632,ACI,2026-01-08 21:45:09.013,Enhanced_Entry,Sell,"entry=$16.61, qty=90, stop=$1.01, quality=65%",2026-01-08 21:45:09.373
1016633,ACMR,2026-01-08 21:45:09.010,Enhanced_Consensus,Hold,Failed validation | conf=0% | quality=75%,2026-01-08 21:45:09.373
1016634,ADI,2026-01-08 21:45:09.013,PSAR,Hold,0.00|SAR no flip,2026-01-08 21:45:09.377
1016635,ADI,2026-01-08 21:45:09.070,Keltner,Hold,0.00|No Keltner breakout,2026-01-08 21:45:09.433
1016636,ADT,2026-01-08 21:45:09.097,SwingFilter,Hold,Weekly trend too weak (0.9%),2026-01-08 21:45:09.460
1016637,ADI,2026-01-08 21:45:09.123,OBV,Hold,0.00|No OBV divergence,2026-01-08 21:45:09.490
1016638,ADI,2026-01-08 21:45:09.180,Aroon,Hold,0.00|No Aroon trend change,2026-01-08 21:45:09.543
1016639,ADI,2026-01-08 21:45:09.237,ROC,Buy,"0.70|ROC momentum burst ? (ROC=9.0%, vol=1.10x)",2026-01-08 21:45:09.597
1016640,ADI,2026-01-08 21:45:09.293,TSI,Hold,0.00|No TSI crossover,2026-01-08 21:45:09.657
1016641,ADI,2026-01-08 21:45:09.347,Vortex,Hold,0.00|No Vortex trend change,2026-01-08 21:45:09.710
1016642,ADI,2026-01-08 21:45:09.400,Confluence,Hold,0.00|Insufficient confluence (score=3),2026-01-08 21:45:09.763
1016643,ADI,2026-01-08 21:45:09.457,Enhanced_Consensus,Hold,Failed validation | conf=0% | quality=58%,2026-01-08 21:45:09.817
1016644,AEE,2026-01-08 21:45:09.470,SwingFilter,Hold,Weekly trend too weak (1.1%),2026-01-08 21:45:09.833
1016645,AEHR,2026-01-08 21:45:09.503,SwingFilter,Hold,Weekly trend too weak (1.3%),2026-01-08 21:45:09.867
1016646,AEP,2026-01-08 21:45:09.787,SwingFilter,Hold,Weekly trend too weak (0.4%),2026-01-08 21:45:10.143
1016647,AES,2026-01-08 21:45:09.860,SwingFilter,Hold,Weekly trend too weak (1.0%),2026-01-08 21:45:10.220
1016648,AFL,2026-01-08 21:45:10.207,SwingFilter,Hold,Weekly trend too weak (0.0%),2026-01-08 21:45:10.563
1016649,AGIO,2026-01-08 21:45:10.250,SwingFilter,Hold,No clear weekly trend direction,2026-01-08 21:45:10.607
1016650,AFRM,2026-01-08 05:00:00.000,RelaxedEngine,Hold,Insufficient votes,2026-01-08 21:45:10.617
1016651,AHR,2026-01-08 21:45:10.283,SwingFilter,Hold,Weekly trend too weak (0.4%),2026-01-08 21:45:10.640
1016652,AFRM,2026-01-08 21:45:10.313,TrendMTF,Hold,0.00|No clear trend setup,2026-01-08 21:45:10.670
1016653,AFRM,2026-01-08 21:45:10.370,MeanRevSR,Hold,"0.00|No mean reversion setup (RSI=50.0, regime=High Volatility)",2026-01-08 21:45:10.727
1016654,AFRM,2026-01-08 21:45:10.427,BreakoutVol,Hold,0.00|No breakout pattern (ADX=18.1),2026-01-08 21:45:10.783
1016655,AFRM,2026-01-08 21:45:10.480,MomentumDiv,Hold,0.00|Indicators not ready,2026-01-08 21:45:10.840
1016656,AFRM,2026-01-08 21:45:10.537,EMA+RSI,Hold,0.00|No EMA crossover,2026-01-08 21:45:10.890
1016657,AFRM,2026-01-08 21:45:10.587,Bollinger,Sell,0.68|Bollinger mean reversion sell (RSI=63.4),2026-01-08 21:45:10.977
1016658,AFRM,2026-01-08 21:45:10.683,ATR,Hold,0.00|No ATR breakout,2026-01-08 21:45:11.040
1016659,AIV,2026-01-08 21:45:10.710,SwingFilter,Hold,Weekly trend too weak (1.0%),2026-01-08 21:45:11.067
1016660,AFRM,2026-01-08 21:45:10.737,MACD,Hold,0.00|No MACD signal,2026-01-08 21:45:11.097
1016661,AFRM,2026-01-08 21:45:10.793,ADX,Hold,0.00|ADX too weak: 18.1 < 22,2026-01-08 21:45:11.143
1016662,AFRM,2026-01-08 21:45:10.850,Volume,Hold,0.00|Volume too low: 0.70x,2026-01-08 21:45:11.200
1016663,AFRM,2026-01-08 21:45:10.903,Donchian,Hold,"0.00|Price within channel ($81.61, U=$83.90, L=$64.90)",2026-01-08 21:45:11.253
1016664,AFRM,2026-01-08 21:45:10.957,Ichimoku,Buy,1.00|Bullish Ichimoku (price 6.4% above cloud),2026-01-08 21:45:11.310
1016665,AFRM,2026-01-08 21:45:11.013,PriceAction,Hold,0.00|No clear price action trend,2026-01-08 21:45:11.363
1016666,AKAM,2026-01-08 21:45:11.020,SwingFilter,Hold,Weekly trend too weak (0.3%),2026-01-08 21:45:11.370
1016667,AFRM,2026-01-08 21:45:11.067,Supertrend,Buy,0.64|Supertrend bullish continuation (9.16% above),2026-01-08 21:45:11.417
1016668,AKBA,2026-01-08 05:00:00.000,RealisticConservative,Sell,Sell: 7@78% Q:58% (BB conflict),2026-01-08 21:45:11.437
1016669,AFRM,2026-01-08 21:45:11.120,MeanRevMFI,Hold,0.00|No MFI mean reversion setup,2026-01-08 21:45:11.473
1016670,AKBA,2026-01-08 21:45:11.143,TrendMTF,Hold,0.00|No clear trend setup,2026-01-08 21:45:11.493
1016671,AFRM,2026-01-08 21:45:11.177,TripleMomentum,Hold,0.00|Insufficient momentum consensus,2026-01-08 21:45:11.530
1016672,AKBA,2026-01-08 21:45:11.197,MeanRevSR,Hold,"0.00|No mean reversion setup (RSI=50.0, regime=Weak Trend)",2026-01-08 21:45:11.550
1016673,AFRM,2026-01-08 21:45:11.233,SRBounce,Hold,0.00|Not near key S/R levels,2026-01-08 21:45:11.583
1016674,AKBA,2026-01-08 21:45:11.253,BreakoutVol,Hold,0.00|No breakout pattern (ADX=27.1),2026-01-08 21:45:11.603
1016675,AFRM,2026-01-08 21:45:11.290,CMFMomentum,Hold,0.00|No CMF momentum signal,2026-01-08 21:45:11.640
1016676,AKBA,2026-01-08 21:45:11.307,MomentumDiv,Hold,0.00|Indicators not ready,2026-01-08 21:45:11.657
1016677,AFRM,2026-01-08 21:45:11.343,ForceIndex,Hold,0.00|No Force Index breakout,2026-01-08 21:45:11.697
1016678,AKRO,2026-01-08 21:45:11.350,SwingFilter,Hold,Volatility too low (0.54%) - no swing opportunity,2026-01-08 21:45:11.700
1016679,AKBA,2026-01-08 21:45:11.360,EMA+RSI,Hold,0.00|No EMA crossover,2026-01-08 21:45:11.710
1016680,AFRM,2026-01-08 21:45:11.400,WilliamsR,Sell,0.80|Williams %R overbought reversal (-20.7 from -7.0),2026-01-08 21:45:11.750
1016681,AKBA,2026-01-08 21:45:11.413,Bollinger,Buy,0.70|Bollinger mean reversion buy (RSI=37.1),2026-01-08 21:45:11.763
1016682,AL,2026-01-08 21:45:11.437,SwingFilter,Hold,Volatility too low (0.20%) - no swing opportunity,2026-01-08 21:45:11.790
1016683,AFRM,2026-01-08 21:45:11.453,PSAR,Hold,0.00|SAR no flip,2026-01-08 21:45:11.803
1016684,AKBA,2026-01-08 21:45:11.467,ATR,Hold,0.00|Volatility outside swing range: 6.07%,2026-01-08 21:45:11.817
1016685,AFRM,2026-01-08 21:45:11.507,Keltner,Hold,0.00|No Keltner breakout,2026-01-08 21:45:11.860
1016686,AKBA,2026-01-08 21:45:11.520,MACD,Hold,0.00|No MACD signal,2026-01-08 21:45:11.870
1016687,AFRM,2026-01-08 21:45:11.563,OBV,Hold,0.00|No OBV divergence,2026-01-08 21:45:11.913
1016688,AKBA,2026-01-08 21:45:11.573,ADX,Sell,0.75|ADX strong trend ? (ADX=27.1),2026-01-08 21:45:11.920
1016689,AFRM,2026-01-08 21:45:11.617,Aroon,Hold,0.00|No Aroon trend change,2026-01-08 21:45:11.970
1016690,AKBA,2026-01-08 21:45:11.623,Volume,Hold,0.00|Volume too low: 1.22x,2026-01-08 21:45:11.977
1016691,AFRM,2026-01-08 21:45:11.670,ROC,Hold,0.00|No ROC momentum burst,2026-01-08 21:45:12.020
1016692,AKBA,2026-01-08 21:45:11.680,Donchian,Hold,"0.00|Price within channel ($1.49, U=$1.73, L=$1.46)",2026-01-08 21:45:12.033
1016693,AFRM,2026-01-08 21:45:11.723,TSI,Hold,0.00|No TSI crossover,2026-01-08 21:45:12.077
1016694,AKBA,2026-01-08 21:45:11.737,Ichimoku,Hold,0.00|TK lines too close: 1.10%,2026-01-08 21:45:12.083
1016695,AFRM,2026-01-08 21:45:11.780,Vortex,Hold,0.00|No Vortex trend change,2026-01-08 21:45:12.133
1016696,AKBA,2026-01-08 21:45:11.787,PriceAction,Hold,0.00|No clear price action trend,2026-01-08 21:45:12.137
1016697,AFRM,2026-01-08 21:45:11.837,Confluence,Hold,0.00|Insufficient confluence (score=1),2026-01-08 21:45:12.193
1016698,AKBA,2026-01-08 21:45:11.840,Supertrend,Sell,0.60|Supertrend bearish continuation (13.70% below),2026-01-08 21:45:12.200
1016699,ALGM,2026-01-08 05:00:00.000,RelaxedEngine,Hold,REJECT - Primary filters not met,2026-01-08 21:45:12.233
1016700,AFRM,2026-01-08 21:45:11.887,Enhanced_Consensus,Hold,Insufficient votes | conf=0% | quality=0%,2026-01-08 21:45:12.250
1016701,AKBA,2026-01-08 21:45:11.890,MeanRevMFI,Hold,0.00|No MFI mean reversion setup,2026-01-08 21:45:12.250
1016702,ALGN,2026-01-08 05:00:00.000,RealisticConservative,Buy,"? BUY: 9 votes, Composite=71%, Confirms=3 (BB conflict)",2026-01-08 21:45:12.250
1016703,ALGM,2026-01-08 21:45:11.927,TrendMTF,Hold,0.00|No clear trend setup,2026-01-08 21:45:12.290
1016704,ALGN,2026-01-08 21:45:11.943,TrendMTF,Hold,0.00|No clear trend setup,2026-01-08 21:45:12.307
1016705,AKBA,2026-01-08 21:45:11.943,TripleMomentum,Sell,1.00|Triple momentum bearish (3/3 indicators),2026-01-08 21:45:12.307
1016706,ALGM,2026-01-08 21:45:11.983,MeanRevSR,Hold,"0.00|No mean reversion setup (RSI=50.0, regime=High Volatility)",2026-01-08 21:45:12.343
1016707,AKBA,2026-01-08 21:45:12.000,SRBounce,Hold,0.00|Not near key S/R levels,2026-01-08 21:45:12.360
1016708,ALGN,2026-01-08 21:45:12.000,MeanRevSR,Hold,"0.00|No mean reversion setup (RSI=50.0, regime=Weak Trend)",2026-01-08 21:45:12.360
1016709,ALGM,2026-01-08 21:45:12.037,BreakoutVol,Hold,0.00|No breakout pattern (ADX=20.0),2026-01-08 21:45:12.393
1016710,ALGN,2026-01-08 21:45:12.053,BreakoutVol,Hold,0.00|No breakout pattern (ADX=30.7),2026-01-08 21:45:12.413
1016711,AKBA,2026-01-08 21:45:12.053,CMFMomentum,Sell,"0.90|CMF distribution (CMF=-0.323, RSI=37)",2026-01-08 21:45:12.413
1016712,ALGM,2026-01-08 21:45:12.087,MomentumDiv,Hold,0.00|Indicators not ready,2026-01-08 21:45:12.447
1016713,AKBA,2026-01-08 21:45:12.107,ForceIndex,Hold,0.00|No Force Index breakout,2026-01-08 21:45:12.470
1016714,ALGN,2026-01-08 21:45:12.107,MomentumDiv,Hold,0.00|Indicators not ready,2026-01-08 21:45:12.470
1016715,ALGM,2026-01-08 21:45:12.140,EMA+RSI,Buy,"0.60|EMA(20/50) crossover ? ",2026-01-08 21:45:12.507
1016716,ALGN,2026-01-08 21:45:12.163,EMA+RSI,Hold,0.00|No EMA crossover,2026-01-08 21:45:12.523
1016717,AKBA,2026-01-08 21:45:12.163,WilliamsR,Hold,0.00|No Williams %R reversal signal,2026-01-08 21:45:12.527
1016718,ALGM,2026-01-08 21:45:12.200,Bollinger,Sell,0.70|Bollinger mean reversion sell (RSI=67.1),2026-01-08 21:45:12.560
1016719,ALGN,2026-01-08 21:45:12.217,Bollinger,Sell,0.72|Bollinger mean reversion sell (RSI=71.8),2026-01-08 21:45:12.573
1016720,AKBA,2026-01-08 21:45:12.220,PSAR,Hold,0.00|SAR no flip,2026-01-08 21:45:12.580
1016721,ALGM,2026-01-08 21:45:12.250,ATR,Hold,0.00|No ATR breakout,2026-01-08 21:45:12.610
1016722,ALGN,2026-01-08 21:45:12.267,ATR,Hold,0.00|No ATR breakout,2026-01-08 21:45:12.630
1016723,AKBA,2026-01-08 21:45:12.270,Keltner,Hold,0.00|No Keltner breakout,2026-01-08 21:45:12.630
1016724,ALGM,2026-01-08 21:45:12.303,MACD,Buy,0.65|MACD momentum building (hist=0.5169),2026-01-08 21:45:12.667
1016725,AKBA,2026-01-08 21:45:12.323,OBV,Hold,0.00|No OBV divergence,2026-01-08 21:45:12.687
1016726,ALGN,2026-01-08 21:45:12.323,MACD,Buy,0.88|MACD crossover + momentum (hist=0.3912),2026-01-08 21:45:12.687
1016727,ALHC,2026-01-08 05:00:00.000,RelaxedEngine,Hold,REJECT - Insufficient confirmations,2026-01-08 21:45:12.723
1016728,ALGM,2026-01-08 21:45:12.360,ADX,Hold,0.00|ADX too weak: 20.0 < 22,2026-01-08 21:45:12.723
1016729,ALGN,2026-01-08 21:45:12.380,ADX,Buy,0.85|ADX strong trend ? (ADX=30.7),2026-01-08 21:45:12.743
1016730,AKBA,2026-01-08 21:45:12.380,Aroon,Sell,"0.60|Aroon downtrend emerging (Up=56, Down=92)",2026-01-08 21:45:12.743
1016731,ALGM,2026-01-08 21:45:12.417,Volume,Hold,0.00|Volume too low: 0.85x,2026-01-08 21:45:12.773
1016732,ALHC,2026-01-08 21:45:12.417,TrendMTF,Hold,0.00|No clear trend setup,2026-01-08 21:45:12.773
1016733,AKBA,2026-01-08 21:45:12.437,ROC,Sell,"0.60|ROC momentum burst ? (ROC=-10.2%, vol=1.28x)",2026-01-08 21:45:12.800
1016734,ALGN,2026-01-08 21:45:12.437,Volume,Hold,0.00|Volume too low: 0.56x,2026-01-08 21:45:12.800
1016735,ALHC,2026-01-08 21:45:12.467,MeanRevSR,Hold,"0.00|No mean reversion setup (RSI=50.0, regime=Weak Trend)",2026-01-08 21:45:12.830
1016736,ALGM,2026-01-08 21:45:12.470,Donchian,Hold,"0.00|Price within channel ($31.30, U=$32.38, L=$25.32)",2026-01-08 21:45:12.830
1016737,ALGN,2026-01-08 21:45:12.493,Donchian,Hold,"0.00|Price within channel ($170.58, U=$172.10, L=$150.92)",2026-01-08 21:45:12.853
1016738,AKBA,2026-01-08 21:45:12.493,TSI,Hold,0.00|No TSI crossover,2026-01-08 21:45:12.853
1016739,ALGM,2026-01-08 21:45:12.523,Ichimoku,Hold,0.00|TK lines too close: 1.49%,2026-01-08 21:45:12.883
1016740,ALHC,2026-01-08 21:45:12.523,BreakoutVol,Hold,0.00|No breakout pattern (ADX=25.6),2026-01-08 21:45:12.883
1016741,AKBA,2026-01-08 21:45:12.550,Vortex,Hold,0.00|No Vortex trend change,2026-01-08 21:45:12.913
1016742,ALGN,2026-01-08 21:45:12.550,Ichimoku,Buy,1.00|Bullish Ichimoku (price 5.5% above cloud),2026-01-08 21:45:12.913
1016743,ALGM,2026-01-08 21:45:12.580,PriceAction,Hold,0.00|No clear price action trend,2026-01-08 21:45:12.940
1016744,ALHC,2026-01-08 21:45:12.580,MomentumDiv,Hold,0.00|Indicators not ready,2026-01-08 21:45:12.940
1016745,ALGN,2026-01-08 21:45:12.610,PriceAction,Hold,0.00|No clear price action trend,2026-01-08 21:45:12.970
1016746,AKBA,2026-01-08 21:45:12.610,Confluence,Hold,0.00|Insufficient confluence (score=1),2026-01-08 21:45:12.970
1016747,ALHC,2026-01-08 21:45:12.633,EMA+RSI,Hold,0.00|No EMA crossover,2026-01-08 21:45:13.000
1016748,ALGM,2026-01-08 21:45:12.633,Supertrend,Buy,0.61|Supertrend bullish continuation (13.37% above),2026-01-08 21:45:13.000
1016749,ALGN,2026-01-08 21:45:12.667,Supertrend,Buy,0.65|Supertrend bullish continuation (6.79% above),2026-01-08 21:45:13.027
1016750,AKBA,2026-01-08 21:45:12.667,Enhanced_Consensus,Sell,Sell: 7@78% Q:58% (BB conflict) | conf=73% | quality=58%,2026-01-08 21:45:13.027
1016751,ALHC,2026-01-08 21:45:12.693,Bollinger,Sell,0.68|Bollinger mean reversion sell (RSI=65.1),2026-01-08 21:45:13.053
1016752,ALGM,2026-01-08 21:45:12.693,MeanRevMFI,Hold,0.00|No MFI mean reversion setup,2026-01-08 21:45:13.053
1016753,AKBA,2026-01-08 21:45:12.723,Enhanced_Entry,Sell,"entry=$1.49, qty=679, stop=$0.12, quality=58%",2026-01-08 21:45:13.083
1016754,ALGN,2026-01-08 21:45:12.723,MeanRevMFI,Hold,0.00|No MFI mean reversion setup,2026-01-08 21:45:13.083
1016755,ALGM,2026-01-08 21:45:12.747,TripleMomentum,Buy,0.95|Triple momentum bullish (2/3 indicators),2026-01-08 21:45:13.110
1016756,ALHC,2026-01-08 21:45:12.747,ATR,Hold,0.00|No ATR breakout,2026-01-08 21:45:13.110
1016757,ALGN,2026-01-08 21:45:12.780,TripleMomentum,Buy,1.00|Triple momentum bullish (3/3 indicators),2026-01-08 21:45:13.140
1016758,ALIT,2026-01-08 05:00:00.000,RealisticConservative,Sell,Sell: 7@78% Q:60% (BB conflict),2026-01-08 21:45:13.140
1016759,ALGM,2026-01-08 21:45:12.807,SRBounce,Hold,0.00|Not near key S/R levels,2026-01-08 21:45:13.170
1016760,ALHC,2026-01-08 21:45:12.807,MACD,Buy,0.65|MACD momentum building (hist=0.0761),2026-01-08 21:45:13.170
1016761,ALGN,2026-01-08 21:45:12.833,SRBounce,Hold,0.00|Not near key S/R levels,2026-01-08 21:45:13.197
1016762,ALIT,2026-01-08 21:45:12.833,TrendMTF,Hold,0.00|No clear trend setup,2026-01-08 21:45:13.197
1016763,ALHC,2026-01-08 21:45:12.863,ADX,Buy,0.70|ADX strong trend ? (ADX=25.6),2026-01-08 21:45:13.223
1016764,ALGM,2026-01-08 21:45:12.863,CMFMomentum,Hold,0.00|No CMF momentum signal,2026-01-08 21:45:13.223
1016765,ALGN,2026-01-08 21:45:12.893,CMFMomentum,Hold,0.00|No CMF momentum signal,2026-01-08 21:45:13.253
1016766,ALIT,2026-01-08 21:45:12.893,MeanRevSR,Hold,"0.00|No mean reversion setup (RSI=50.0, regime=Weak Trend)",2026-01-08 21:45:13.253
1016767,ALGM,2026-01-08 21:45:12.920,ForceIndex,Hold,0.00|No Force Index breakout,2026-01-08 21:45:13.280
1016768,ALHC,2026-01-08 21:45:12.920,Volume,Hold,0.00|Volume too low: 0.46x,2026-01-08 21:45:13.280
1016769,ALGN,2026-01-08 21:45:12.950,ForceIndex,Hold,0.00|No Force Index breakout,2026-01-08 21:45:13.310
1016770,ALIT,2026-01-08 21:45:12.950,BreakoutVol,Hold,0.00|No breakout pattern (ADX=30.0),2026-01-08 21:45:13.310
1016771,ALGM,2026-01-08 21:45:12.977,WilliamsR,Hold,0.00|No Williams %R reversal signal,2026-01-08 21:45:13.340
1016772,ALHC,2026-01-08 21:45:12.977,Donchian,Hold,"0.00|Price within channel ($20.95, U=$21.65, L=$18.23)",2026-01-08 21:45:13.340
1016773,ALGN,2026-01-08 21:45:13.003,WilliamsR,Hold,0.00|No Williams %R reversal signal,2026-01-08 21:45:13.363
1016774,ALIT,2026-01-08 21:45:13.003,MomentumDiv,Hold,0.00|Indicators not ready,2026-01-08 21:45:13.367
1016775,ALGM,2026-01-08 21:45:13.037,PSAR,Hold,0.00|SAR no flip,2026-01-08 21:45:13.397
1016776,ALHC,2026-01-08 21:45:13.037,Ichimoku,Hold,0.00|TK lines too close: 0.00%,2026-01-08 21:45:13.397
1016777,ALGN,2026-01-08 21:45:13.060,PSAR,Hold,0.00|SAR no flip,2026-01-08 21:45:13.417
1016778,ALIT,2026-01-08 21:45:13.060,EMA+RSI,Hold,0.00|No EMA crossover,2026-01-08 21:45:13.420
1016779,ALGM,2026-01-08 21:45:13.093,Keltner,Buy,0.55|Keltner breakout ? (vol=0.75x),2026-01-08 21:45:13.460
1016780,ALHC,2026-01-08 21:45:13.093,PriceAction,Hold,0.00|No clear price action trend,2026-01-08 21:45:13.460
1016781,ALGN,2026-01-08 21:45:13.117,Keltner,Buy,0.65|Keltner breakout ? (vol=0.73x),2026-01-08 21:45:13.473
1016782,ALIT,2026-01-08 21:45:13.123,Bollinger,Buy,0.72|Bollinger mean reversion buy (RSI=27.6),2026-01-08 21:45:13.490
1016783,ALGM,2026-01-08 21:45:13.157,OBV,Hold,0.00|No OBV divergence,2026-01-08 21:45:13.517
1016784,ALHC,2026-01-08 21:45:13.157,Supertrend,Buy,0.65|Supertrend bullish continuation (7.34% above),2026-01-08 21:45:13.517
1016785,ALGN,2026-01-08 21:45:13.167,OBV,Hold,0.00|No OBV divergence,2026-01-08 21:45:13.533
1016786,ALIT,2026-01-08 21:45:13.190,ATR,Hold,0.00|Volatility outside swing range: 6.41%,2026-01-08 21:45:13.560
1016787,ALGM,2026-01-08 21:45:13.217,Aroon,Hold,0.00|No Aroon trend change,2026-01-08 21:45:13.577
1016788,ALHC,2026-01-08 21:45:13.217,MeanRevMFI,Hold,0.00|No MFI mean reversion setup,2026-01-08 21:45:13.577
1016789,ALGN,2026-01-08 21:45:13.227,Aroon,Hold,0.00|No Aroon trend change,2026-01-08 21:45:13.593
1016790,ALK,2026-01-08 21:45:13.237,SwingFilter,Hold,Weekly trend too weak (0.6%),2026-01-08 21:45:13.597
1016791,ALIT,2026-01-08 21:45:13.257,MACD,Sell,0.65|MACD momentum building (hist=-0.0095),2026-01-08 21:45:13.617
1016792,ALGM,2026-01-08 21:45:13.273,ROC,Hold,0.00|No ROC momentum burst,2026-01-08 21:45:13.633
1016793,ALHC,2026-01-08 21:45:13.273,TripleMomentum,Buy,0.95|Triple momentum bullish (2/3 indicators),2026-01-08 21:45:13.633
1016794,ALGN,2026-01-08 21:45:13.290,ROC,Buy,"0.70|ROC momentum burst ? (ROC=8.2%, vol=0.73x)",2026-01-08 21:45:13.647
1016795,ALIT,2026-01-08 21:45:13.313,ADX,Sell,0.83|ADX strong trend ? (ADX=30.0),2026-01-08 21:45:13.673
1016796,ALHC,2026-01-08 21:45:13.327,SRBounce,Hold,0.00|Not near key S/R levels,2026-01-08 21:45:13.690
1016797,ALGM,2026-01-08 21:45:13.327,TSI,Hold,0.00|No TSI crossover,2026-01-08 21:45:13.690
1016798,ALGN,2026-01-08 21:45:13.343,TSI,Hold,0.00|No TSI crossover,2026-01-08 21:45:13.703
1016799,ALIT,2026-01-08 21:45:13.370,Volume,Hold,0.00|Volume too low: 0.98x,2026-01-08 21:45:13.730
1016800,ALGM,2026-01-08 21:45:13.383,Vortex,Hold,0.00|No Vortex trend change,2026-01-08 21:45:13.743
1016801,ALHC,2026-01-08 21:45:13.383,CMFMomentum,Hold,0.00|No CMF momentum signal,2026-01-08 21:45:13.743
1016802,ALGN,2026-01-08 21:45:13.400,Vortex,Hold,0.00|No Vortex trend change,2026-01-08 21:45:13.757
1016803,ALIT,2026-01-08 21:45:13.427,Donchian,Hold,"0.00|Price within channel ($1.70, U=$2.26, L=$1.67)",2026-01-08 21:45:13.787
1016804,ALGM,2026-01-08 21:45:13.443,Confluence,Hold,0.00|Insufficient confluence (score=2),2026-01-08 21:45:13.800
1016805,ALHC,2026-01-08 21:45:13.443,ForceIndex,Hold,0.00|No Force Index breakout,2026-01-08 21:45:13.800
1016806,ALGN,2026-01-08 21:45:13.450,Confluence,Hold,0.00|Insufficient confluence (score=3),2026-01-08 21:45:13.810
1016807,ALIT,2026-01-08 21:45:13.480,Ichimoku,Sell,1.00|Bearish Ichimoku (price 13.6% below cloud),2026-01-08 21:45:13.840
1016808,ALHC,2026-01-08 21:45:13.497,WilliamsR,Hold,0.00|No Williams %R reversal signal,2026-01-08 21:45:13.857
1016809,ALGM,2026-01-08 21:45:13.497,Enhanced_Consensus,Hold,REJECT - Primary filters not met | conf=0% | quality=64%,2026-01-08 21:45:13.857
1016810,ALGN,2026-01-08 21:45:13.503,Enhanced_Consensus,Buy,"? BUY: 9 votes, Composite=71%, Confirms=3 (BB conflict) | conf=74% | quality=55%",2026-01-08 21:45:13.860
1016811,ALIT,2026-01-08 21:45:13.537,PriceAction,Hold,0.00|No clear price action trend,2026-01-08 21:45:13.897
1016812,ALHC,2026-01-08 21:45:13.550,PSAR,Hold,0.00|SAR no flip,2026-01-08 21:45:13.910
1016813,ALGN,2026-01-08 21:45:13.557,Enhanced_Entry,Buy,"entry=$170.75, qty=5, stop=$12.79, quality=55%",2026-01-08 21:45:13.913
1016814,ALIT,2026-01-08 21:45:13.593,Supertrend,Sell,0.59|Supertrend bearish continuation (15.88% below),2026-01-08 21:45:13.957
1016815,ALHC,2026-01-08 21:45:13.607,Keltner,Hold,0.00|No Keltner breakout,2026-01-08 21:45:13.963
1016816,ALIT,2026-01-08 21:45:13.653,MeanRevMFI,Hold,0.00|No MFI mean reversion setup,2026-01-08 21:45:14.013
1016817,ALHC,2026-01-08 21:45:13.660,OBV,Hold,0.00|No OBV divergence,2026-01-08 21:45:14.020
1016818,ALKT,2026-01-08 21:45:13.663,SwingFilter,Hold,Weekly trend too weak (1.1%),2026-01-08 21:45:14.070
1016819,ALIT,2026-01-08 21:45:13.710,TripleMomentum,Sell,0.90|Triple momentum bearish (2/3 indicators),2026-01-08 21:45:14.070
1016820,ALHC,2026-01-08 21:45:13.717,Aroon,Hold,0.00|No Aroon trend change,2026-01-08 21:45:14.077
1016821,ALIT,2026-01-08 21:45:13.767,SRBounce,Hold,0.00|Not near key S/R levels,2026-01-08 21:45:14.127
1016822,ALHC,2026-01-08 21:45:13.773,ROC,Hold,0.00|No ROC momentum burst,2026-01-08 21:45:14.137
1016823,ALIT,2026-01-08 21:45:13.820,CMFMomentum,Sell,"0.75|CMF distribution (CMF=-0.190, RSI=28)",2026-01-08 21:45:14.180
1016824,ALHC,2026-01-08 21:45:13.833,TSI,Hold,0.00|No TSI crossover,2026-01-08 21:45:14.193
1016825,ALIT,2026-01-08 21:45:13.877,ForceIndex,Hold,0.00|No Force Index breakout,2026-01-08 21:45:14.230
1016826,ALHC,2026-01-08 21:45:13.887,Vortex,Hold,0.00|No Vortex trend change,2026-01-08 21:45:14.240
1016827,ALIT,2026-01-08 21:45:13.933,WilliamsR,Hold,0.00|No Williams %R reversal signal,2026-01-08 21:45:14.287
1016828,ALHC,2026-01-08 21:45:13.943,Confluence,Hold,0.00|Insufficient confluence (score=3),2026-01-08 21:45:14.293
1016829,ALIT,2026-01-08 21:45:13.990,PSAR,Hold,0.00|SAR no flip,2026-01-08 21:45:14.343
1016830,ALHC,2026-01-08 21:45:13.997,Enhanced_Consensus,Hold,REJECT - Insufficient confirmations | conf=0% | quality=56%,2026-01-08 21:45:14.350
1016831,ALIT,2026-01-08 21:45:14.043,Keltner,Hold,0.00|No Keltner breakout,2026-01-08 21:45:14.400
1016832,ALIT,2026-01-08 21:45:14.100,OBV,Hold,0.00|No OBV divergence,2026-01-08 21:45:14.453
1016833,ALIT,2026-01-08 21:45:14.157,Aroon,Hold,0.00|No Aroon trend change,2026-01-08 21:45:14.510
1016834,ALIT,2026-01-08 21:45:14.213,ROC,Hold,0.00|No ROC momentum burst,2026-01-08 21:45:14.570
1016835,ALIT,2026-01-08 21:45:14.273,TSI,Hold,0.00|No TSI crossover,2026-01-08 21:45:14.627
1016836,ALIT,2026-01-08 21:45:14.330,Vortex,Hold,0.00|No Vortex trend change,2026-01-08 21:45:14.683
1016837,ALIT,2026-01-08 21:45:14.383,Confluence,Hold,0.00|Insufficient confluence (score=-1),2026-01-08 21:45:14.740
1016838,ALIT,2026-01-08 21:45:14.440,Enhanced_Consensus,Sell,Sell: 7@78% Q:60% (BB conflict) | conf=73% | quality=60%,2026-01-08 21:45:14.820
1016839,ALIT,2026-01-08 21:45:14.520,Enhanced_Entry,Sell,"entry=$1.70, qty=621, stop=$0.14, quality=60%",2026-01-08 21:45:14.873
1016840,AMC,2026-01-08 05:00:00.000,RelaxedEngine,Hold,Failed validation,2026-01-08 21:45:14.897
1016841,AMC,2026-01-08 21:45:14.600,TrendMTF,Hold,0.00|No clear trend setup,2026-01-08 21:45:14.953
1016842,AMC,2026-01-08 21:45:14.657,MeanRevSR,Hold,0.00|Strong trend - avoid mean reversion,2026-01-08 21:45:15.010
1016843,AMC,2026-01-08 21:45:14.710,BreakoutVol,Hold,0.00|No breakout pattern (ADX=46.1),2026-01-08 21:45:15.060
1016844,AMC,2026-01-08 21:45:14.767,MomentumDiv,Hold,0.00|Indicators not ready,2026-01-08 21:45:15.120
1016845,AMC,2026-01-08 21:45:14.827,EMA+RSI,Hold,0.00|No EMA crossover,2026-01-08 21:45:15.177
1016846,AMGN,2026-01-08 21:45:14.790,SwingFilter,Hold,Weekly trend too weak (1.3%),2026-01-08 21:45:15.180
1016847,AMC,2026-01-08 21:45:14.880,Bollinger,Buy,0.68|Bollinger mean reversion buy (RSI=19.4),2026-01-08 21:45:15.230
1016848,AMC,2026-01-08 21:45:14.937,ATR,Hold,0.00|Volatility outside swing range: 6.80%,2026-01-08 21:45:15.287
1016849,AMC,2026-01-08 21:45:14.993,MACD,Hold,0.00|No MACD signal,2026-01-08 21:45:15.360
1016850,AMH,2026-01-08 21:45:15.003,SwingFilter,Hold,Weekly trend too weak (0.5%),2026-01-08 21:45:15.360
1016851,AMC,2026-01-08 21:45:15.063,ADX,Sell,0.85|ADX strong trend ? (ADX=46.1),2026-01-08 21:45:15.417
1016852,AMC,2026-01-08 21:45:15.120,Volume,Sell,0.60|Volume spike 1.3x with downward momentum,2026-01-08 21:45:15.470
1016853,AMC,2026-01-08 21:45:15.177,Donchian,Hold,"0.00|Price within channel ($1.45, U=$2.34, L=$1.44)",2026-01-08 21:45:15.523
1016854,AMC,2026-01-08 21:45:15.227,Ichimoku,Sell,1.00|Bearish Ichimoku (price 20.2% below cloud),2026-01-08 21:45:15.580
1016855,AMPL,2026-01-08 21:45:15.233,SwingFilter,Hold,No clear weekly trend direction,2026-01-08 21:45:15.583
1016856,AMC,2026-01-08 21:45:15.283,PriceAction,Hold,0.00|No clear price action trend,2026-01-08 21:45:15.633
1016857,AMC,2026-01-08 21:45:15.340,Supertrend,Sell,0.57|Supertrend bearish continuation (18.55% below),2026-01-08 21:45:15.690
1016858,AMC,2026-01-08 21:45:15.397,MeanRevMFI,Buy,"0.69|MFI oversold reversal (MFI=6.4, band=16%)",2026-01-08 21:45:15.747
1016859,AMC,2026-01-08 21:45:15.450,TripleMomentum,Sell,1.00|Triple momentum bearish (3/3 indicators),2026-01-08 21:45:15.803
1016860,AMC,2026-01-08 21:45:15.507,SRBounce,Hold,0.00|Not near key S/R levels,2026-01-08 21:45:15.860
1016861,AMC,2026-01-08 21:45:15.563,CMFMomentum,Sell,"0.75|CMF distribution (CMF=-0.444, RSI=19)",2026-01-08 21:45:15.917
1016862,AMC,2026-01-08 21:45:15.620,ForceIndex,Hold,0.00|No Force Index breakout,2026-01-08 21:45:15.967
1016863,AMC,2026-01-08 21:45:15.670,WilliamsR,Hold,0.00|No Williams %R reversal signal,2026-01-08 21:45:16.020
1016864,AMC,2026-01-08 21:45:15.723,PSAR,Hold,0.00|SAR no flip,2026-01-08 21:45:16.077
1016865,AMC,2026-01-08 21:45:15.797,Keltner,Hold,0.00|No Keltner breakout,2026-01-08 21:45:16.147
1016866,AMTM,2026-01-08 05:00:00.000,RealisticConservative,Buy,"? BUY: 8 votes, Composite=68%, Confirms=3 (BB conflict)",2026-01-08 21:45:16.163
1016867,AMC,2026-01-08 21:45:15.850,OBV,Hold,0.00|No OBV divergence,2026-01-08 21:45:16.200
1016868,AMTM,2026-01-08 21:45:15.870,TrendMTF,Hold,0.00|No clear trend setup,2026-01-08 21:45:16.223
1016869,AMC,2026-01-08 21:45:15.903,Aroon,Hold,0.00|No Aroon trend change,2026-01-08 21:45:16.267
1016870,AMTM,2026-01-08 21:45:15.930,MeanRevSR,Hold,0.00|Strong trend - avoid mean reversion,2026-01-08 21:45:16.290
1016871,AMC,2026-01-08 21:45:15.960,ROC,Sell,"0.69|ROC momentum burst ? (ROC=-17.1%, vol=1.11x)",2026-01-08 21:45:16.320
1016872,AMTM,2026-01-08 21:45:15.987,BreakoutVol,Hold,0.00|No breakout pattern (ADX=43.5),2026-01-08 21:45:16.347
1016873,AMC,2026-01-08 21:45:16.010,TSI,Hold,0.00|No TSI crossover,2026-01-08 21:45:16.370
1016874,AMTM,2026-01-08 21:45:16.040,MomentumDiv,Hold,0.00|Indicators not ready,2026-01-08 21:45:16.403
1016875,AMC,2026-01-08 21:45:16.063,Vortex,Hold,0.00|No Vortex trend change,2026-01-08 21:45:16.427
1016876,AMTM,2026-01-08 21:45:16.097,EMA+RSI,Hold,0.00|No EMA crossover,2026-01-08 21:45:16.460
1016877,AMC,2026-01-08 21:45:16.120,Confluence,Hold,0.00|Insufficient confluence (score=0),2026-01-08 21:45:16.480
1016878,AMTM,2026-01-08 21:45:16.153,Bollinger,Sell,0.73|Bollinger mean reversion sell (RSI=71.2),2026-01-08 21:45:16.517
1016879,AMC,2026-01-08 21:45:16.173,Enhanced_Consensus,Hold,Failed validation | conf=0% | quality=65%,2026-01-08 21:45:16.530
1016880,AMTM,2026-01-08 21:45:16.210,ATR,Hold,0.00|No ATR breakout,2026-01-08 21:45:16.570
1016881,AMTM,2026-01-08 21:45:16.263,MACD,Buy,0.65|MACD momentum building (hist=0.1006),2026-01-08 21:45:16.627
1016882,AMTM,2026-01-08 21:45:16.320,ADX,Buy,0.85|ADX strong trend ? (ADX=43.5),2026-01-08 21:45:16.683
1016883,AMTM,2026-01-08 21:45:16.377,Volume,Hold,0.00|Volume too low: 1.04x,2026-01-08 21:45:16.740
1016884,AMTM,2026-01-08 21:45:16.433,Donchian,Hold,"0.00|Price within channel ($32.47, U=$32.85, L=$28.01)",2026-01-08 21:45:16.797
1016885,AMTM,2026-01-08 21:45:16.490,Ichimoku,Hold,0.00|TK lines too close: 1.27%,2026-01-08 21:45:16.850
1016886,AMTM,2026-01-08 21:45:16.547,PriceAction,Hold,0.00|No clear price action trend,2026-01-08 21:45:16.907
1016887,AMTM,2026-01-08 21:45:16.600,Supertrend,Buy,0.64|Supertrend bullish continuation (9.33% above),2026-01-08 21:45:16.963
1016888,AMTM,2026-01-08 21:45:16.657,MeanRevMFI,Hold,0.00|No MFI mean reversion setup,2026-01-08 21:45:17.020
1016889,AMTM,2026-01-08 21:45:16.713,TripleMomentum,Buy,1.00|Triple momentum bullish (3/3 indicators),2026-01-08 21:45:17.077
1016890,APH,2026-01-08 21:45:16.760,SwingFilter,Hold,Weekly trend too weak (0.5%),2026-01-08 21:45:17.120
1016891,AMTM,2026-01-08 21:45:16.770,SRBounce,Hold,0.00|Not near key S/R levels,2026-01-08 21:45:17.150
1016892,AMTM,2026-01-08 21:45:16.847,CMFMomentum,Hold,0.00|No CMF momentum signal,2026-01-08 21:45:17.207
1016893,AMTM,2026-01-08 21:45:16.900,ForceIndex,Hold,0.00|No Force Index breakout,2026-01-08 21:45:17.263
1016894,AMTM,2026-01-08 21:45:16.957,WilliamsR,Hold,0.00|No Williams %R reversal signal,2026-01-08 21:45:17.317
1016895,APLS,2026-01-08 05:00:00.000,RelaxedEngine,Hold,Insufficient votes,2026-01-08 21:45:17.323
1016896,AMTM,2026-01-08 21:45:17.013,PSAR,Hold,0.00|SAR no flip,2026-01-08 21:45:17.373
1016897,APLS,2026-01-08 21:45:17.020,TrendMTF,Hold,0.00|No clear trend setup,2026-01-08 21:45:17.380
1016898,AMTM,2026-01-08 21:45:17.070,Keltner,Buy,0.85|Keltner breakout ? (vol=1.33x),2026-01-08 21:45:17.430
1016899,APLS,2026-01-08 21:45:17.077,MeanRevSR,Hold,"0.00|No mean reversion setup (RSI=50.0, regime=Weak Trend)",2026-01-08 21:45:17.437
1016900,AMTM,2026-01-08 21:45:17.127,OBV,Hold,0.00|No OBV divergence,2026-01-08 21:45:17.483
1016901,APLS,2026-01-08 21:45:17.130,BreakoutVol,Hold,0.00|No breakout pattern (ADX=28.3),2026-01-08 21:45:17.487
1016902,AMTM,2026-01-08 21:45:17.183,Aroon,Hold,0.00|No Aroon trend change,2026-01-08 21:45:17.540
1016903,APLS,2026-01-08 21:45:17.187,MomentumDiv,Hold,0.00|Indicators not ready,2026-01-08 21:45:17.543
1016904,APLS,2026-01-08 21:45:17.240,EMA+RSI,Hold,0.00|No EMA crossover,2026-01-08 21:45:17.597
1016905,AMTM,2026-01-08 21:45:17.237,ROC,Buy,"0.90|ROC momentum burst ? (ROC=11.2%, vol=1.33x)",2026-01-08 21:45:17.597
1016906,APLS,2026-01-08 21:45:17.290,Bollinger,Sell,0.68|Bollinger mean reversion sell (RSI=60.7),2026-01-08 21:45:17.650
1016907,AMTM,2026-01-08 21:45:17.293,TSI,Hold,0.00|No TSI crossover,2026-01-08 21:45:17.653
1016908,APLS,2026-01-08 21:45:17.347,ATR,Hold,0.00|No ATR breakout,2026-01-08 21:45:17.707
1016909,AMTM,2026-01-08 21:45:17.350,Vortex,Hold,0.00|No Vortex trend change,2026-01-08 21:45:17.710
1016910,APLS,2026-01-08 21:45:17.403,MACD,Hold,0.00|No MACD signal,2026-01-08 21:45:17.763
1016911,AMTM,2026-01-08 21:45:17.403,Confluence,Buy,"0.65|Bullish confluence (4/5): MACD bullish, Volume spike, Price momentum, ADX uptrend",2026-01-08 21:45:17.763
1016912,APLS,2026-01-08 21:45:17.460,ADX,Buy,0.78|ADX strong trend ? (ADX=28.3),2026-01-08 21:45:17.817
1016913,AMTM,2026-01-08 21:45:17.460,Enhanced_Consensus,Buy,"? BUY: 8 votes, Composite=68%, Confirms=3 (BB conflict) | conf=71% | quality=60%",2026-01-08 21:45:17.820
1016914,APLS,2026-01-08 21:45:17.513,Volume,Hold,0.00|Inconsistent price action,2026-01-08 21:45:17.870
1016915,AMTM,2026-01-08 21:45:17.517,Enhanced_Entry,Buy,"entry=$32.50, qty=32, stop=$2.60, quality=60%",2026-01-08 21:45:17.877
1016916,APLS,2026-01-08 21:45:17.570,Donchian,Hold,"0.00|Price within channel ($26.26, U=$26.68, L=$20.61)",2026-01-08 21:45:17.927
1016917,APLS,2026-01-08 21:45:17.623,Ichimoku,Hold,0.00|Cloud too thin: 0.87% (need >1%),2026-01-08 21:45:17.980
1016918,APLS,2026-01-08 21:45:17.677,PriceAction,Hold,0.00|No clear price action trend,2026-01-08 21:45:18.037
1016919,APLS,2026-01-08 21:45:17.730,Supertrend,Buy,0.62|Supertrend bullish continuation (11.60% above),2026-01-08 21:45:18.087
1016920,APLS,2026-01-08 21:45:17.783,MeanRevMFI,Hold,0.00|No MFI mean reversion setup,2026-01-08 21:45:18.143
1016921,APLS,2026-01-08 21:45:17.840,TripleMomentum,Hold,0.00|Insufficient momentum consensus,2026-01-08 21:45:18.200
1016922,APLS,2026-01-08 21:45:17.897,SRBounce,Hold,0.00|Not near key S/R levels,2026-01-08 21:45:18.257
1016923,APLS,2026-01-08 21:45:17.950,CMFMomentum,Hold,0.00|No CMF momentum signal,2026-01-08 21:45:18.307
1016924,APLS,2026-01-08 21:45:18.003,ForceIndex,Hold,0.00|No Force Index breakout,2026-01-08 21:45:18.367
1016925,APLS,2026-01-08 21:45:18.057,WilliamsR,Hold,0.00|No Williams %R reversal signal,2026-01-08 21:45:18.420
1016926,APLS,2026-01-08 21:45:18.113,PSAR,Hold,0.00|SAR no flip,2026-01-08 21:45:18.477
1016927,APLS,2026-01-08 21:45:18.167,Keltner,Hold,0.00|No Keltner breakout,2026-01-08 21:45:18.533
1016928,APLS,2026-01-08 21:45:18.233,OBV,Hold,0.00|No OBV divergence,2026-01-08 21:45:18.597
1016929,APLS,2026-01-08 21:45:18.290,Aroon,Hold,0.00|No Aroon trend change,2026-01-08 21:45:18.653
1016930,APLS,2026-01-08 21:45:18.343,ROC,Hold,0.00|No ROC momentum burst,2026-01-08 21:45:18.710
1016931,APLS,2026-01-08 21:45:18.400,TSI,Hold,0.00|No TSI crossover,2026-01-08 21:45:18.767
1016932,APLS,2026-01-08 21:45:18.457,Vortex,Hold,0.00|No Vortex trend change,2026-01-08 21:45:18.820
1016933,APLS,2026-01-08 21:45:18.513,Confluence,Buy,"0.65|Bullish confluence (4/5): MACD bullish, Volume spike, Price momentum, ADX uptrend",2026-01-08 21:45:18.877
1016934,APLS,2026-01-08 21:45:18.567,Enhanced_Consensus,Hold,Insufficient votes | conf=0% | quality=0%,2026-01-08 21:45:18.930
1016935,ARRY,2026-01-08 21:45:18.770,SwingFilter,Hold,No clear weekly trend direction,2026-01-08 21:45:19.133
1016936,ARWR,2026-01-08 21:45:18.990,SwingFilter,Hold,No clear weekly trend direction,2026-01-08 21:45:19.353
1016937,ASO,2026-01-08 05:00:00.000,RealisticConservative,Buy,"? BUY: 6 votes, Composite=67%, Confirms=3 (BB conflict)",2026-01-08 21:45:19.590
1016938,ASO,2026-01-08 21:45:19.280,TrendMTF,Hold,0.00|No clear trend setup,2026-01-08 21:45:19.647
1016939,ASO,2026-01-08 21:45:19.337,MeanRevSR,Hold,"0.00|No mean reversion setup (RSI=50.0, regime=Weak Trend)",2026-01-08 21:45:19.700
1016940,ASPI,2026-01-08 21:45:19.347,SwingFilter,Hold,No clear weekly trend direction,2026-01-08 21:45:19.710
1016941,ASO,2026-01-08 21:45:19.393,BreakoutVol,Hold,0.00|No breakout pattern (ADX=28.2),2026-01-08 21:45:19.757
1016942,ASO,2026-01-08 21:45:19.447,MomentumDiv,Hold,0.00|Indicators not ready,2026-01-08 21:45:19.813
1016943,ASO,2026-01-08 21:45:19.503,EMA+RSI,Hold,0.00|No EMA crossover,2026-01-08 21:45:19.867
1016944,ASO,2026-01-08 21:45:19.557,Bollinger,Sell,0.68|Bollinger mean reversion sell (RSI=63.3),2026-01-08 21:45:19.917
1016945,ASO,2026-01-08 21:45:19.607,ATR,Hold,0.00|No ATR breakout,2026-01-08 21:45:19.973
1016946,ASO,2026-01-08 21:45:19.663,MACD,Buy,0.65|MACD momentum building (hist=0.4413),2026-01-08 21:45:20.027
1016947,ASO,2026-01-08 21:45:19.717,ADX,Buy,0.78|ADX strong trend ? (ADX=28.2),2026-01-08 21:45:20.080
1016948,ASO,2026-01-08 21:45:19.773,Volume,Hold,0.00|Volume too low: 1.01x,2026-01-08 21:45:20.133
1016949,ASO,2026-01-08 21:45:19.823,Donchian,Hold,"0.00|Price within channel ($56.93, U=$59.49, L=$48.11)",2026-01-08 21:45:20.190
1016950,ASO,2026-01-08 21:45:19.880,Ichimoku,Hold,0.00|TK lines too close: 1.32%,2026-01-08 21:45:20.240
1016951,ASO,2026-01-08 21:45:19.930,PriceAction,Hold,0.00|No clear price action trend,2026-01-08 21:45:20.297
1016952,ASO,2026-01-08 21:45:19.990,Supertrend,Buy,0.65|Supertrend bullish continuation (8.01% above),2026-01-08 21:45:20.353
1016953,ASO,2026-01-08 21:45:20.043,MeanRevMFI,Hold,0.00|No MFI mean reversion setup,2026-01-08 21:45:20.407
1016954,ASO,2026-01-08 21:45:20.097,TripleMomentum,Buy,0.95|Triple momentum bullish (2/3 indicators),2026-01-08 21:45:20.460
1016955,AVAH,2026-01-08 21:45:20.127,SwingFilter,Hold,Weekly trend too weak (1.1%),2026-01-08 21:45:20.490
1016956,ASO,2026-01-08 21:45:20.153,SRBounce,Hold,0.00|Not near key S/R levels,2026-01-08 21:45:20.517
1016957,ASO,2026-01-08 21:45:20.207,CMFMomentum,Hold,0.00|No CMF momentum signal,2026-01-08 21:45:20.570
1016958,ASO,2026-01-08 21:45:20.260,ForceIndex,Hold,0.00|No Force Index breakout,2026-01-08 21:45:20.607
1016959,ASO,2026-01-08 21:45:20.310,WilliamsR,Hold,0.00|No Williams %R reversal signal,2026-01-08 21:45:20.660
1016960,ASO,2026-01-08 21:45:20.363,PSAR,Hold,0.00|SAR no flip,2026-01-08 21:45:20.713
1016961,ASO,2026-01-08 21:45:20.420,Keltner,Hold,0.00|No Keltner breakout,2026-01-08 21:45:20.770
1016962,ASO,2026-01-08 21:45:20.477,OBV,Hold,0.00|No OBV divergence,2026-01-08 21:45:20.840
1016963,AVPT,2026-01-08 21:45:20.493,SwingFilter,Hold,Weekly trend too weak (0.2%),2026-01-08 21:45:20.843
1016964,AWK,2026-01-08 21:45:20.543,SwingFilter,Hold,Weekly trend too weak (1.4%),2026-01-08 21:45:20.890
1016965,ASO,2026-01-08 21:45:20.543,Aroon,Hold,0.00|No Aroon trend change,2026-01-08 21:45:20.893
1016966,ASO,2026-01-08 21:45:20.600,ROC,Buy,"0.70|ROC momentum burst ? (ROC=6.0%, vol=1.01x)",2026-01-08 21:45:20.947
1016967,ASO,2026-01-08 21:45:20.650,TSI,Hold,0.00|No TSI crossover,2026-01-08 21:45:21.003
1016968,ASO,2026-01-08 21:45:20.707,Vortex,Hold,0.00|No Vortex trend change,2026-01-08 21:45:21.060
1016969,ASO,2026-01-08 21:45:20.763,Confluence,Hold,0.00|Insufficient confluence (score=3),2026-01-08 21:45:21.160
1016970,ASO,2026-01-08 21:45:20.863,Enhanced_Consensus,Buy,"? BUY: 6 votes, Composite=67%, Confirms=3 (BB conflict) | conf=70% | quality=74%",2026-01-08 21:45:21.213
1016971,ASO,2026-01-08 21:45:20.920,Enhanced_Entry,Buy,"entry=$56.99, qty=27, stop=$3.78, quality=74%",2026-01-08 21:45:21.270
1016972,BA,2026-01-08 05:00:00.000,RelaxedEngine,Hold,REJECT - Insufficient confirmations,2026-01-08 21:45:21.327
1016973,BA,2026-01-08 21:45:21.033,TrendMTF,Hold,0.00|No clear trend setup,2026-01-08 21:45:21.383
1016974,BA,2026-01-08 21:45:21.087,MeanRevSR,Hold,"0.00|No mean reversion setup (RSI=50.0, regime=Weak Trend)",2026-01-08 21:45:21.433
1016975,BA,2026-01-08 21:45:21.140,BreakoutVol,Hold,0.00|No breakout pattern (ADX=42.3),2026-01-08 21:45:21.487
1016976,BA,2026-01-08 21:45:21.190,MomentumDiv,Hold,0.00|Indicators not ready,2026-01-08 21:45:21.540
1016977,BA,2026-01-08 21:45:21.243,EMA+RSI,Hold,0.00|No EMA crossover,2026-01-08 21:45:21.590
1016978,BA,2026-01-08 21:45:21.297,Bollinger,Sell,0.68|Bollinger mean reversion sell (RSI=70.8),2026-01-08 21:45:21.657
1016979,BA,2026-01-08 21:45:21.350,ATR,Hold,0.00|No ATR breakout,2026-01-08 21:45:21.713
1016980,BAM,2026-01-08 21:45:21.403,SwingFilter,Hold,Weekly trend too weak (0.6%),2026-01-08 21:45:21.760
1016981,BA,2026-01-08 21:45:21.407,MACD,Sell,0.65|MACD momentum building (hist=1.1942),2026-01-08 21:45:21.770
1016982,BA,2026-01-08 21:45:21.463,ADX,Buy,0.85|ADX strong trend ? (ADX=42.3),2026-01-08 21:45:21.823
1016983,BA,2026-01-08 21:45:21.520,Volume,Hold,0.00|Volume too low: 0.86x,2026-01-08 21:45:21.880
1016984,BA,2026-01-08 21:45:21.577,Donchian,Hold,"0.00|Price within channel ($227.38, U=$233.57, L=$197.40)",2026-01-08 21:45:21.937
1016985,BA,2026-01-08 21:45:21.633,Ichimoku,Buy,0.82|Bullish Ichimoku (price 3.5% above cloud),2026-01-08 21:45:21.993
1016986,BBAI,2026-01-08 21:45:21.653,SwingFilter,Hold,Weekly trend too weak (0.8%),2026-01-08 21:45:22.013
1016987,BA,2026-01-08 21:45:21.687,PriceAction,Hold,0.00|No clear price action trend,2026-01-08 21:45:22.043
1016988,BA,2026-01-08 21:45:21.740,Supertrend,Buy,0.65|Supertrend bullish continuation (4.04% above),2026-01-08 21:45:22.100
1016989,BA,2026-01-08 21:45:21.797,MeanRevMFI,Hold,0.00|No MFI mean reversion setup,2026-01-08 21:45:22.157
1016990,BA,2026-01-08 21:45:21.850,TripleMomentum,Hold,0.00|Insufficient momentum consensus,2026-01-08 21:45:22.210
1016991,BA,2026-01-08 21:45:21.903,SRBounce,Hold,0.00|Not near key S/R levels,2026-01-08 21:45:22.263
1016992,BA,2026-01-08 21:45:21.960,CMFMomentum,Hold,0.00|No CMF momentum signal,2026-01-08 21:45:22.317
1016993,BBIO,2026-01-08 21:45:21.983,SwingFilter,Hold,No clear weekly trend direction,2026-01-08 21:45:22.343
1016994,BA,2026-01-08 21:45:22.013,ForceIndex,Hold,0.00|No Force Index breakout,2026-01-08 21:45:22.373
1016995,BA,2026-01-08 21:45:22.067,WilliamsR,Sell,0.70|Williams %R overbought reversal (-23.9 from -19.6),2026-01-08 21:45:22.423
1016996,BBY,2026-01-08 21:45:22.087,SwingFilter,Hold,No clear weekly trend direction,2026-01-08 21:45:22.443
1016997,BA,2026-01-08 21:45:22.120,PSAR,Hold,0.00|SAR no flip,2026-01-08 21:45:22.480
1016998,BA,2026-01-08 21:45:22.177,Keltner,Hold,0.00|No Keltner breakout,2026-01-08 21:45:22.537
1016999,BA,2026-01-08 21:45:22.233,OBV,Hold,0.00|No OBV divergence,2026-01-08 21:45:22.593
1017000,BA,2026-01-08 21:45:22.290,Aroon,Hold,0.00|No Aroon trend change,2026-01-08 21:45:22.650
1017001,BA,2026-01-08 21:45:22.343,ROC,Hold,0.00|No ROC momentum burst,2026-01-08 21:45:22.707
1017002,BA,2026-01-08 21:45:22.400,TSI,Hold,0.00|No TSI crossover,2026-01-08 21:45:22.760
1017003,BA,2026-01-08 21:45:22.457,Vortex,Hold,0.00|No Vortex trend change,2026-01-08 21:45:22.817
1017004,BA,2026-01-08 21:45:22.513,Confluence,Hold,0.00|Insufficient confluence (score=1),2026-01-08 21:45:22.873
1017005,BA,2026-01-08 21:45:22.567,Enhanced_Consensus,Hold,REJECT - Insufficient confirmations | conf=0% | quality=55%,2026-01-08 21:45:22.930
1017006,BFLY,2026-01-08 05:00:00.000,RelaxedEngine,Hold,Insufficient votes,2026-01-08 21:45:23.397
1017007,BFLY,2026-01-08 21:45:23.093,TrendMTF,Hold,0.00|No clear trend setup,2026-01-08 21:45:23.453
1017008,BG,2026-01-08 05:00:00.000,RelaxedEngine,Hold,REJECT - Primary filters not met,2026-01-08 21:45:23.510
1017009,BFLY,2026-01-08 21:45:23.180,MeanRevSR,Hold,0.00|Strong trend - avoid mean reversion,2026-01-08 21:45:23.540
1017010,BG,2026-01-08 21:45:23.207,TrendMTF,Hold,0.00|No clear trend setup,2026-01-08 21:45:23.567
1017011,BFLY,2026-01-08 21:45:23.260,BreakoutVol,Hold,0.00|No breakout pattern (ADX=47.1),2026-01-08 21:45:23.630
1017012,BG,2026-01-08 21:45:23.260,MeanRevSR,Hold,"0.00|No mean reversion setup (RSI=50.0, regime=Quiet Market)",2026-01-08 21:45:23.630
1017013,BGS,2026-01-08 05:00:00.000,RelaxedEngine,Hold,Insufficient votes,2026-01-08 21:45:23.633
1017014,BFLY,2026-01-08 21:45:23.323,MomentumDiv,Hold,0.00|Indicators not ready,2026-01-08 21:45:23.687
1017015,BG,2026-01-08 21:45:23.323,BreakoutVol,Hold,0.00|No breakout pattern (ADX=19.6),2026-01-08 21:45:23.687
1017016,BGS,2026-01-08 21:45:23.330,TrendMTF,Hold,0.00|No clear trend setup,2026-01-08 21:45:23.693
1017017,BG,2026-01-08 21:45:23.387,MomentumDiv,Hold,0.00|Indicators not ready,2026-01-08 21:45:23.740
1017018,BFLY,2026-01-08 21:45:23.387,EMA+RSI,Hold,0.00|No EMA crossover,2026-01-08 21:45:23.740
1017019,BGS,2026-01-08 21:45:23.390,MeanRevSR,Hold,"0.00|No mean reversion setup (RSI=50.0, regime=High Volatility)",2026-01-08 21:45:23.743
1017020,BFLY,2026-01-08 21:45:23.440,Bollinger,Sell,0.68|Bollinger mean reversion sell (RSI=70.3),2026-01-08 21:45:23.800
1017021,BG,2026-01-08 21:45:23.440,EMA+RSI,Hold,0.00|EMA buy rejected: EMAs too close (0.48%),2026-01-08 21:45:23.800
1017022,BGS,2026-01-08 21:45:23.447,BreakoutVol,Hold,0.00|No breakout pattern (ADX=21.8),2026-01-08 21:45:23.803
1017023,BFLY,2026-01-08 21:45:23.520,ATR,Hold,0.00|Volatility outside swing range: 5.90%,2026-01-08 21:45:23.870
1017024,BGS,2026-01-08 21:45:23.520,MomentumDiv,Hold,0.00|Indicators not ready,2026-01-08 21:45:23.870
1017025,BG,2026-01-08 21:45:23.520,Bollinger,Sell,0.72|Bollinger mean reversion sell (RSI=65.4),2026-01-08 21:45:23.870
1017026,BFLY,2026-01-08 21:45:23.573,MACD,Hold,0.00|No MACD signal,2026-01-08 21:45:23.927
1017027,BGS,2026-01-08 21:45:23.573,EMA+RSI,Hold,0.00|EMA sell rejected: Weak price momentum,2026-01-08 21:45:23.927
1017028,BG,2026-01-08 21:45:23.573,ATR,Buy,0.80|ATR breakout ? (vol=2.5%),2026-01-08 21:45:23.927
1017029,BFLY,2026-01-08 21:45:23.627,ADX,Buy,0.85|ADX strong trend ? (ADX=47.1),2026-01-08 21:45:23.983
1017030,BGS,2026-01-08 21:45:23.627,Bollinger,Buy,0.68|Bollinger mean reversion buy (RSI=38.5),2026-01-08 21:45:23.983
1017031,BG,2026-01-08 21:45:23.627,MACD,Hold,0.00|No MACD signal,2026-01-08 21:45:23.983
1017032,BG,2026-01-08 21:45:23.687,ADX,Hold,0.00|ADX too weak: 19.6 < 22,2026-01-08 21:45:24.040
1017033,BIIB,2026-01-08 05:00:00.000,RelaxedEngine,Hold,Insufficient votes,2026-01-08 21:45:24.040
1017034,BFLY,2026-01-08 21:45:23.687,Volume,Hold,0.00|Volume too low: 0.80x,2026-01-08 21:45:24.040
1017035,BGS,2026-01-08 21:45:23.687,ATR,Hold,0.00|No ATR breakout,2026-01-08 21:45:24.040
1017036,BFLY,2026-01-08 21:45:23.743,Donchian,Hold,"0.00|Price within channel ($4.15, U=$4.29, L=$2.69)",2026-01-08 21:45:24.097
1017037,BGS,2026-01-08 21:45:23.743,MACD,Hold,0.00|No MACD signal,2026-01-08 21:45:24.097
1017038,BG,2026-01-08 21:45:23.743,Volume,Buy,0.84|Volume spike 1.8x with upward momentum,2026-01-08 21:45:24.097
1017039,BIIB,2026-01-08 21:45:23.743,TrendMTF,Hold,0.00|No clear trend setup,2026-01-08 21:45:24.097
1017040,BFLY,2026-01-08 21:45:23.800,Ichimoku,Buy,1.00|Bullish Ichimoku (price 10.1% above cloud),2026-01-08 21:45:24.150
1017041,BGS,2026-01-08 21:45:23.800,ADX,Hold,0.00|ADX too weak: 21.8 < 22,2026-01-08 21:45:24.150
1017042,BG,2026-01-08 21:45:23.800,Donchian,Hold,"0.00|Price within channel ($97.51, U=$99.28, L=$88.24)",2026-01-08 21:45:24.150
1017043,BIIB,2026-01-08 21:45:23.800,MeanRevSR,Hold,"0.00|No mean reversion setup (RSI=50.0, regime=Quiet Market)",2026-01-08 21:45:24.150
1017044,BGS,2026-01-08 21:45:23.850,Volume,Hold,0.00|Volume too low: 0.91x,2026-01-08 21:45:24.207
1017045,BG,2026-01-08 21:45:23.853,Ichimoku,Hold,0.00|Cloud too thin: 0.11% (need >1%),2026-01-08 21:45:24.207
1017046,BFLY,2026-01-08 21:45:23.850,PriceAction,Hold,0.00|No clear price action trend,2026-01-08 21:45:24.207
1017047,BIIB,2026-01-08 21:45:23.853,BreakoutVol,Hold,0.00|No breakout pattern (ADX=19.2),2026-01-08 21:45:24.207
1017048,BFLY,2026-01-08 21:45:23.907,Supertrend,Buy,0.60|Supertrend bullish continuation (14.49% above),2026-01-08 21:45:24.263
1017049,BGS,2026-01-08 21:45:23.907,Donchian,Hold,"0.00|Price within channel ($4.15, U=$4.95, L=$3.98)",2026-01-08 21:45:24.263
1017050,BG,2026-01-08 21:45:23.910,PriceAction,Hold,0.00|No clear price action trend,2026-01-08 21:45:24.263
1017051,BIIB,2026-01-08 21:45:23.910,MomentumDiv,Hold,0.00|Indicators not ready,2026-01-08 21:45:24.263
1017052,BG,2026-01-08 21:45:23.967,Supertrend,Buy,0.65|Supertrend bullish continuation (8.27% above),2026-01-08 21:45:24.333
1017053,BGS,2026-01-08 21:45:23.967,Ichimoku,Sell,1.00|Bearish Ichimoku (price 5.9% below cloud),2026-01-08 21:45:24.333
1017054,BFLY,2026-01-08 21:45:23.967,MeanRevMFI,Hold,0.00|No MFI mean reversion setup,2026-01-08 21:45:24.333
1017055,BIIB,2026-01-08 21:45:23.967,EMA+RSI,Hold,0.00|No EMA crossover,2026-01-08 21:45:24.337
1017056,BIIB,2026-01-08 21:45:24.043,Bollinger,Sell,0.70|Bollinger mean reversion sell (RSI=66.7),2026-01-08 21:45:24.393
1017057,BG,2026-01-08 21:45:24.043,MeanRevMFI,Hold,0.00|No MFI mean reversion setup,2026-01-08 21:45:24.393
1017058,BFLY,2026-01-08 21:45:24.043,TripleMomentum,Hold,0.00|Insufficient momentum consensus,2026-01-08 21:45:24.393
1017059,BGS,2026-01-08 21:45:24.043,PriceAction,Hold,0.00|No clear price action trend,2026-01-08 21:45:24.397
1017060,BGS,2026-01-08 21:45:24.103,Supertrend,Sell,0.65|Supertrend bearish continuation (6.60% below),2026-01-08 21:45:24.453
1017061,BFLY,2026-01-08 21:45:24.103,SRBounce,Hold,0.00|Not near key S/R levels,2026-01-08 21:45:24.453
1017062,BG,2026-01-08 21:45:24.103,TripleMomentum,Buy,1.00|Triple momentum bullish (3/3 indicators),2026-01-08 21:45:24.453
1017063,BIIB,2026-01-08 21:45:24.103,ATR,Hold,0.00|No ATR breakout,2026-01-08 21:45:24.457
1017064,BGS,2026-01-08 21:45:24.160,MeanRevMFI,Buy,"0.67|MFI oversold reversal (MFI=25.2, band=16%)",2026-01-08 21:45:24.510
1017065,BFLY,2026-01-08 21:45:24.160,CMFMomentum,Hold,0.00|No CMF momentum signal,2026-01-08 21:45:24.510
1017066,BG,2026-01-08 21:45:24.160,SRBounce,Hold,0.00|Not near key S/R levels,2026-01-08 21:45:24.510
1017067,BIIB,2026-01-08 21:45:24.167,MACD,Buy,0.65|MACD momentum building (hist=0.6931),2026-01-08 21:45:24.537
1017068,BG,2026-01-08 21:45:24.217,CMFMomentum,Buy,"0.90|CMF accumulation (CMF=0.119, RSI=65)",2026-01-08 21:45:24.570
1017069,BGS,2026-01-08 21:45:24.217,TripleMomentum,Hold,0.00|Insufficient momentum consensus,2026-01-08 21:45:24.570
1017070,BFLY,2026-01-08 21:45:24.217,ForceIndex,Hold,0.00|No Force Index breakout,2026-01-08 21:45:24.570
1017071,BIIB,2026-01-08 21:45:24.247,ADX,Hold,0.00|ADX too weak: 19.2 < 22,2026-01-08 21:45:24.610
1017072,BFLY,2026-01-08 21:45:24.273,WilliamsR,Hold,0.00|No Williams %R reversal signal,2026-01-08 21:45:24.630
1017073,BGS,2026-01-08 21:45:24.273,SRBounce,Hold,0.00|Not near key S/R levels,2026-01-08 21:45:24.630
1017074,BG,2026-01-08 21:45:24.273,ForceIndex,Hold,0.00|No Force Index breakout,2026-01-08 21:45:24.630
1017075,BFLY,2026-01-08 21:45:24.330,PSAR,Hold,0.00|SAR no flip,2026-01-08 21:45:24.683
1017076,BIIB,2026-01-08 21:45:24.323,Volume,Hold,0.00|Volume too low: 0.75x,2026-01-08 21:45:24.683
1017077,BG,2026-01-08 21:45:24.333,WilliamsR,Hold,0.00|No Williams %R reversal signal,2026-01-08 21:45:24.687
1017078,BGS,2026-01-08 21:45:24.333,CMFMomentum,Hold,0.00|No CMF momentum signal,2026-01-08 21:45:24.687
1017079,BFLY,2026-01-08 21:45:24.387,Keltner,Hold,0.00|No Keltner breakout,2026-01-08 21:45:24.747
1017080,BIIB,2026-01-08 21:45:24.397,Donchian,Hold,"0.00|Price within channel ($186.00, U=$187.77, L=$168.56)",2026-01-08 21:45:24.753
1017081,BGS,2026-01-08 21:45:24.400,ForceIndex,Hold,0.00|No Force Index breakout,2026-01-08 21:45:24.760
1017082,BG,2026-01-08 21:45:24.400,PSAR,Hold,0.00|SAR no flip,2026-01-08 21:45:24.760
1017083,BFLY,2026-01-08 21:45:24.447,OBV,Hold,0.00|No OBV divergence,2026-01-08 21:45:24.800
1017084,BIIB,2026-01-08 21:45:24.453,Ichimoku,Hold,0.00|TK lines too close: 0.86%,2026-01-08 21:45:24.810
1017085,BG,2026-01-08 21:45:24.460,Keltner,Hold,0.00|No Keltner breakout,2026-01-08 21:45:24.810
1017086,BGS,2026-01-08 21:45:24.460,WilliamsR,Buy,0.80|Williams %R oversold recovery (-78.3 from -100.0),2026-01-08 21:45:24.810
1017087,BFLY,2026-01-08 21:45:24.500,Aroon,Hold,0.00|No Aroon trend change,2026-01-08 21:45:24.850
1017088,BG,2026-01-08 21:45:24.510,OBV,Hold,0.00|No OBV divergence,2026-01-08 21:45:24.863
1017089,BGS,2026-01-08 21:45:24.510,PSAR,Hold,0.00|SAR no flip,2026-01-08 21:45:24.863
1017090,BIIB,2026-01-08 21:45:24.510,PriceAction,Hold,0.00|No clear price action trend,2026-01-08 21:45:24.863
1017091,BFLY,2026-01-08 21:45:24.553,ROC,Hold,0.00|No ROC momentum burst,2026-01-08 21:45:24.907
1017092,BGS,2026-01-08 21:45:24.563,Keltner,Hold,0.00|No Keltner breakout,2026-01-08 21:45:24.920
1017093,BG,2026-01-08 21:45:24.563,Aroon,Buy,"0.70|Aroon uptrend emerging (Up=100, Down=60)",2026-01-08 21:45:24.920
1017094,BIIB,2026-01-08 21:45:24.563,Supertrend,Buy,0.65|Supertrend bullish continuation (6.62% above),2026-01-08 21:45:24.920
1017095,BFLY,2026-01-08 21:45:24.607,TSI,Hold,0.00|No TSI crossover,2026-01-08 21:45:24.963
1017096,BGS,2026-01-08 21:45:24.620,OBV,Hold,0.00|No OBV divergence,2026-01-08 21:45:24.977
1017097,BG,2026-01-08 21:45:24.620,ROC,Buy,"0.90|ROC momentum burst ? (ROC=6.6%, vol=1.69x)",2026-01-08 21:45:24.977
1017098,BIIB,2026-01-08 21:45:24.620,MeanRevMFI,Hold,0.00|No MFI mean reversion setup,2026-01-08 21:45:24.977
1017099,BFLY,2026-01-08 21:45:24.663,Vortex,Hold,0.00|No Vortex trend change,2026-01-08 21:45:25.020
1017100,BG,2026-01-08 21:45:24.677,TSI,Hold,0.00|No TSI crossover,2026-01-08 21:45:25.027
1017101,BGS,2026-01-08 21:45:24.677,Aroon,Hold,0.00|No Aroon trend change,2026-01-08 21:45:25.027
1017102,BIIB,2026-01-08 21:45:24.677,TripleMomentum,Hold,0.00|Insufficient momentum consensus,2026-01-08 21:45:25.033
1017103,BFLY,2026-01-08 21:45:24.720,Confluence,Hold,0.00|Insufficient confluence (score=2),2026-01-08 21:45:25.070
1017104,BG,2026-01-08 21:45:24.727,Vortex,Hold,0.00|No Vortex trend change,2026-01-08 21:45:25.080
1017105,BGS,2026-01-08 21:45:24.727,ROC,Hold,0.00|No ROC momentum burst,2026-01-08 21:45:25.080
1017106,BIIB,2026-01-08 21:45:24.733,SRBounce,Hold,0.00|Not near key S/R levels,2026-01-08 21:45:25.090
1017107,BFLY,2026-01-08 21:45:24.773,Enhanced_Consensus,Hold,Insufficient votes | conf=0% | quality=0%,2026-01-08 21:45:25.127
1017108,BG,2026-01-08 21:45:24.780,Confluence,Hold,0.00|Insufficient confluence (score=3),2026-01-08 21:45:25.137
1017109,BGS,2026-01-08 21:45:24.780,TSI,Hold,0.00|No TSI crossover,2026-01-08 21:45:25.137
1017110,BIIB,2026-01-08 21:45:24.790,CMFMomentum,Buy,"0.90|CMF accumulation (CMF=0.288, RSI=67)",2026-01-08 21:45:25.143
1017111,BGS,2026-01-08 21:45:24.837,Vortex,Hold,0.00|No Vortex trend change,2026-01-08 21:45:25.190
1017112,BG,2026-01-08 21:45:24.837,Enhanced_Consensus,Hold,REJECT - Primary filters not met | conf=0% | quality=56%,2026-01-08 21:45:25.190
1017113,BIIB,2026-01-08 21:45:24.843,ForceIndex,Hold,0.00|No Force Index breakout,2026-01-08 21:45:25.200
1017114,BGS,2026-01-08 21:45:24.893,Confluence,Hold,0.00|Insufficient confluence (score=0),2026-01-08 21:45:25.247
1017115,BIIB,2026-01-08 21:45:24.900,WilliamsR,Hold,0.00|No Williams %R reversal signal,2026-01-08 21:45:25.257
1017116,BGS,2026-01-08 21:45:24.947,Enhanced_Consensus,Hold,Insufficient votes | conf=0% | quality=0%,2026-01-08 21:45:25.303
1017117,BIIB,2026-01-08 21:45:24.957,PSAR,Hold,0.00|SAR no flip,2026-01-08 21:45:25.313
1017118,BIIB,2026-01-08 21:45:25.013,Keltner,Hold,0.00|No Keltner breakout,2026-01-08 21:45:25.370
1017119,BIIB,2026-01-08 21:45:25.070,OBV,Hold,0.00|No OBV divergence,2026-01-08 21:45:25.423
1017120,BIIB,2026-01-08 21:45:25.123,Aroon,Hold,0.00|No Aroon trend change,2026-01-08 21:45:25.480
1017121,BIIB,2026-01-08 21:45:25.183,ROC,Hold,0.00|No ROC momentum burst,2026-01-08 21:45:25.537
1017122,BIIB,2026-01-08 21:45:25.237,TSI,Hold,0.00|No TSI crossover,2026-01-08 21:45:25.593
1017123,BKR,2026-01-08 05:00:00.000,RelaxedEngine,Hold,REJECT - Insufficient confirmations,2026-01-08 21:45:25.610
1017124,BIIB,2026-01-08 21:45:25.293,Vortex,Hold,0.00|No Vortex trend change,2026-01-08 21:45:25.650
1017125,BKR,2026-01-08 21:45:25.313,TrendMTF,Buy,0.70|EMA20 crossed above EMA50 in uptrend,2026-01-08 21:45:25.667
1017126,BIIB,2026-01-08 21:45:25.350,Confluence,Hold,0.00|Insufficient confluence (score=2),2026-01-08 21:45:25.703
1017127,BKR,2026-01-08 21:45:25.367,MeanRevSR,Hold,"0.00|No mean reversion setup (RSI=50.0, regime=Quiet Market)",2026-01-08 21:45:25.720
1017128,BIIB,2026-01-08 21:45:25.403,Enhanced_Consensus,Hold,Insufficient votes | conf=0% | quality=0%,2026-01-08 21:45:25.763
1017129,BKR,2026-01-08 21:45:25.420,BreakoutVol,Hold,0.00|No breakout pattern (ADX=25.9),2026-01-08 21:45:25.773
1017130,BKR,2026-01-08 21:45:25.473,MomentumDiv,Hold,0.00|Indicators not ready,2026-01-08 21:45:25.830
1017131,BKR,2026-01-08 21:45:25.527,EMA+RSI,Hold,0.00|EMA buy rejected: EMAs too close (0.16%),2026-01-08 21:45:25.880
1017132,BKR,2026-01-08 21:45:25.580,Bollinger,Sell,0.69|Bollinger mean reversion sell (RSI=65.1),2026-01-08 21:45:25.937
1017133,BKR,2026-01-08 21:45:25.637,ATR,Hold,0.00|No ATR breakout,2026-01-08 21:45:25.993
1017134,BKR,2026-01-08 21:45:25.693,MACD,Hold,0.00|No MACD signal,2026-01-08 21:45:26.050
1017135,BLND,2026-01-08 21:45:25.727,SwingFilter,Hold,Weekly trend too weak (0.9%),2026-01-08 21:45:26.087
1017136,BKR,2026-01-08 21:45:25.750,ADX,Buy,0.71|ADX strong trend ? (ADX=25.9),2026-01-08 21:45:26.107
1017137,BKR,2026-01-08 21:45:25.803,Volume,Hold,0.00|Volume too low: 0.91x,2026-01-08 21:45:26.160
1017138,BKR,2026-01-08 21:45:25.860,Donchian,Hold,"0.00|Price within channel ($50.20, U=$51.12, L=$44.26)",2026-01-08 21:45:26.217
1017139,BKR,2026-01-08 21:45:25.917,Ichimoku,Hold,0.00|Cloud too thin: 0.01% (need >1%),2026-01-08 21:45:26.273
1017140,BKR,2026-01-08 21:45:25.973,PriceAction,Hold,0.00|No clear price action trend,2026-01-08 21:45:26.330
1017141,BKR,2026-01-08 21:45:26.033,Supertrend,Buy,0.65|Supertrend bullish continuation (7.67% above),2026-01-08 21:45:26.390
1017142,BKR,2026-01-08 21:45:26.087,MeanRevMFI,Hold,0.00|No MFI mean reversion setup,2026-01-08 21:45:26.447
1017143,BKR,2026-01-08 21:45:26.143,TripleMomentum,Buy,1.00|Triple momentum bullish (3/3 indicators),2026-01-08 21:45:26.500
1017144,BMY,2026-01-08 05:00:00.000,RelaxedEngine,Hold,REJECT - Insufficient confirmations,2026-01-08 21:45:26.523
1017145,BKR,2026-01-08 21:45:26.243,SRBounce,Hold,0.00|Not near key S/R levels,2026-01-08 21:45:26.613
1017146,BMY,2026-01-08 21:45:26.247,TrendMTF,Hold,0.00|No clear trend setup,2026-01-08 21:45:26.613
1017147,BKR,2026-01-08 21:45:26.313,CMFMomentum,Hold,0.00|No CMF momentum signal,2026-01-08 21:45:26.670
1017148,BMY,2026-01-08 21:45:26.313,MeanRevSR,Hold,"0.00|No mean reversion setup (RSI=50.0, regime=Weak Trend)",2026-01-08 21:45:26.670
1017149,BRBR,2026-01-08 05:00:00.000,RealisticConservative,Sell,Sell: 5@77% Q:70%,2026-01-08 21:45:26.690
1017150,BKR,2026-01-08 21:45:26.367,ForceIndex,Hold,0.00|No Force Index breakout,2026-01-08 21:45:26.727
1017151,BMY,2026-01-08 21:45:26.367,BreakoutVol,Hold,0.00|No breakout pattern (ADX=35.4),2026-01-08 21:45:26.727
1017152,BRBR,2026-01-08 21:45:26.387,TrendMTF,Hold,0.00|No clear trend setup,2026-01-08 21:45:26.747
1017153,BKR,2026-01-08 21:45:26.427,WilliamsR,Hold,0.00|No Williams %R reversal signal,2026-01-08 21:45:26.783
1017154,BMY,2026-01-08 21:45:26.427,MomentumDiv,Hold,0.00|Indicators not ready,2026-01-08 21:45:26.787
1017155,BRBR,2026-01-08 21:45:26.447,MeanRevSR,Hold,"0.00|No mean reversion setup (RSI=50.0, regime=High Volatility)",2026-01-08 21:45:26.807
1017156,BKR,2026-01-08 21:45:26.480,PSAR,Hold,0.00|SAR no flip,2026-01-08 21:45:26.870
1017157,BRBR,2026-01-08 21:45:26.503,BreakoutVol,Hold,0.00|No breakout pattern (ADX=33.9),2026-01-08 21:45:26.870
1017158,BMY,2026-01-08 21:45:26.487,EMA+RSI,Hold,0.00|No EMA crossover,2026-01-08 21:45:26.870
1017159,BKR,2026-01-08 21:45:26.567,Keltner,Buy,0.65|Keltner breakout ? (vol=0.89x),2026-01-08 21:45:26.923
1017160,BRBR,2026-01-08 21:45:26.567,MomentumDiv,Hold,0.00|Indicators not ready,2026-01-08 21:45:26.923
1017161,BMY,2026-01-08 21:45:26.570,Bollinger,Sell,0.69|Bollinger mean reversion sell (RSI=65.8),2026-01-08 21:45:26.927
1017162,BRKR,2026-01-08 05:00:00.000,RealisticConservative,Buy,"? BUY: 8 votes, Composite=68%, Confirms=3 (BB conflict)",2026-01-08 21:45:26.940
1017163,BKR,2026-01-08 21:45:26.620,OBV,Hold,0.00|No OBV divergence,2026-01-08 21:45:26.973
1017164,BRBR,2026-01-08 21:45:26.620,EMA+RSI,Hold,0.00|No EMA crossover,2026-01-08 21:45:26.973
1017165,BRKR,2026-01-08 21:45:26.640,TrendMTF,Hold,0.00|No clear trend setup,2026-01-08 21:45:27.003
1017166,BMY,2026-01-08 21:45:26.630,ATR,Hold,0.00|No ATR breakout,2026-01-08 21:45:27.003
1017167,BRBR,2026-01-08 21:45:26.673,Bollinger,Hold,0.00|Strong downtrend - avoid catching falling knife,2026-01-08 21:45:27.027
1017168,BKR,2026-01-08 21:45:26.673,Aroon,Hold,0.00|No Aroon trend change,2026-01-08 21:45:27.027
1017169,BRKR,2026-01-08 21:45:26.700,MeanRevSR,Hold,"0.00|No mean reversion setup (RSI=50.0, regime=Weak Trend)",2026-01-08 21:45:27.060
1017170,BMY,2026-01-08 21:45:26.703,MACD,Hold,0.00|No MACD signal,2026-01-08 21:45:27.063
1017171,BKR,2026-01-08 21:45:26.723,ROC,Buy,"0.70|ROC momentum burst ? (ROC=12.3%, vol=0.89x)",2026-01-08 21:45:27.083
1017172,BRBR,2026-01-08 21:45:26.723,ATR,Hold,0.00|Volatility outside swing range: 5.73%,2026-01-08 21:45:27.083
1017173,BRKR,2026-01-08 21:45:26.757,BreakoutVol,Hold,0.00|No breakout pattern (ADX=28.6),2026-01-08 21:45:27.113
1017174,BMY,2026-01-08 21:45:26.760,ADX,Buy,0.85|ADX strong trend ? (ADX=35.4),2026-01-08 21:45:27.120
1017175,BKR,2026-01-08 21:45:26.780,TSI,Hold,0.00|No TSI crossover,2026-01-08 21:45:27.133
1017176,BRBR,2026-01-08 21:45:26.780,MACD,Hold,0.00|No MACD signal,2026-01-08 21:45:27.133
1017177,BRKR,2026-01-08 21:45:26.810,MomentumDiv,Hold,0.00|Indicators not ready,2026-01-08 21:45:27.167
1017178,BMY,2026-01-08 21:45:26.817,Volume,Hold,0.00|Volume too low: 0.76x,2026-01-08 21:45:27.177
1017179,BRBR,2026-01-08 21:45:26.837,ADX,Sell,0.85|ADX strong trend ? (ADX=33.9),2026-01-08 21:45:27.190
1017180,BKR,2026-01-08 21:45:26.837,Vortex,Hold,0.00|No Vortex trend change,2026-01-08 21:45:27.190
1017181,BRO,2026-01-08 21:45:26.867,SwingFilter,Hold,Weekly trend too weak (0.5%),2026-01-08 21:45:27.223
1017182,BRKR,2026-01-08 21:45:26.863,EMA+RSI,Hold,0.00|No EMA crossover,2026-01-08 21:45:27.223
1017183,BRBR,2026-01-08 21:45:26.890,Volume,Hold,0.00|Inconsistent price action,2026-01-08 21:45:27.247
1017184,BKR,2026-01-08 21:45:26.890,Confluence,Hold,0.00|Insufficient confluence (score=3),2026-01-08 21:45:27.247
1017185,BMY,2026-01-08 21:45:26.873,Donchian,Hold,"0.00|Price within channel ($55.90, U=$56.97, L=$49.43)",2026-01-08 21:45:27.247
1017186,BRKR,2026-01-08 21:45:26.920,Bollinger,Sell,0.70|Bollinger mean reversion sell (RSI=69.3),2026-01-08 21:45:27.280
1017187,BKR,2026-01-08 21:45:26.943,Enhanced_Consensus,Hold,REJECT - Insufficient confirmations | conf=0% | quality=58%,2026-01-08 21:45:27.303
1017188,BRBR,2026-01-08 21:45:26.943,Donchian,Hold,"0.00|Price within channel ($24.76, U=$33.56, L=$22.71)",2026-01-08 21:45:27.303
1017189,BMY,2026-01-08 21:45:26.943,Ichimoku,Buy,1.00|Bullish Ichimoku (price 4.2% above cloud),2026-01-08 21:45:27.303
1017190,BRKR,2026-01-08 21:45:26.977,ATR,Hold,0.00|No ATR breakout,2026-01-08 21:45:27.333
1017191,BRBR,2026-01-08 21:45:27.010,Ichimoku,Sell,1.00|Bearish Ichimoku (price 10.4% below cloud),2026-01-08 21:45:27.373
1017192,BMY,2026-01-08 21:45:27.010,PriceAction,Hold,0.00|No clear price action trend,2026-01-08 21:45:27.377
1017193,BRKR,2026-01-08 21:45:27.040,MACD,Buy,0.65|MACD momentum building (hist=0.4556),2026-01-08 21:45:27.407
1017194,BRBR,2026-01-08 21:45:27.073,PriceAction,Hold,0.00|No clear price action trend,2026-01-08 21:45:27.430
1017195,BMY,2026-01-08 21:45:27.073,Supertrend,Buy,0.65|Supertrend bullish continuation (4.46% above),2026-01-08 21:45:27.430
1017196,BRKR,2026-01-08 21:45:27.103,ADX,Buy,0.79|ADX strong trend ? (ADX=28.6),2026-01-08 21:45:27.463
1017197,BRBR,2026-01-08 21:45:27.127,Supertrend,Sell,0.65|Supertrend bearish continuation (8.59% below),2026-01-08 21:45:27.487
1017198,BMY,2026-01-08 21:45:27.130,MeanRevMFI,Hold,0.00|No MFI mean reversion setup,2026-01-08 21:45:27.487
1017199,BRKR,2026-01-08 21:45:27.160,Volume,Hold,0.00|Volume too low: 1.02x,2026-01-08 21:45:27.517
1017200,BRBR,2026-01-08 21:45:27.183,MeanRevMFI,Buy,"0.67|MFI oversold reversal (MFI=24.4, band=19%)",2026-01-08 21:45:27.540
1017201,BMY,2026-01-08 21:45:27.187,TripleMomentum,Hold,0.00|Insufficient momentum consensus,2026-01-08 21:45:27.543
1017202,BRKR,2026-01-08 21:45:27.217,Donchian,Hold,"0.00|Price within channel ($52.48, U=$53.47, L=$44.11)",2026-01-08 21:45:27.573
1017203,BRBR,2026-01-08 21:45:27.237,TripleMomentum,Hold,0.00|Insufficient momentum consensus,2026-01-08 21:45:27.590
1017204,BMY,2026-01-08 21:45:27.240,SRBounce,Hold,0.00|Not near key S/R levels,2026-01-08 21:45:27.600
1017205,BRKR,2026-01-08 21:45:27.273,Ichimoku,Buy,1.00|Bullish Ichimoku (price 5.7% above cloud),2026-01-08 21:45:27.630
1017206,BRBR,2026-01-08 21:45:27.287,SRBounce,Hold,0.00|Not near key S/R levels,2026-01-08 21:45:27.647
1017207,BMY,2026-01-08 21:45:27.297,CMFMomentum,Hold,0.00|No CMF momentum signal,2026-01-08 21:45:27.670
1017208,BRKR,2026-01-08 21:45:27.330,PriceAction,Hold,0.00|No clear price action trend,2026-01-08 21:45:27.687
1017209,BRBR,2026-01-08 21:45:27.343,CMFMomentum,Hold,0.00|No CMF momentum signal,2026-01-08 21:45:27.703
1017210,BRX,2026-01-08 21:45:27.363,SwingFilter,Hold,Weekly trend too weak (0.6%),2026-01-08 21:45:27.723
1017211,BMY,2026-01-08 21:45:27.370,ForceIndex,Hold,0.00|No Force Index breakout,2026-01-08 21:45:27.727
1017212,BRKR,2026-01-08 21:45:27.383,Supertrend,Buy,0.65|Supertrend bullish continuation (8.07% above),2026-01-08 21:45:27.740
1017213,BRBR,2026-01-08 21:45:27.400,ForceIndex,Hold,0.00|No Force Index breakout,2026-01-08 21:45:27.760
1017214,BMY,2026-01-08 21:45:27.423,WilliamsR,Hold,0.00|No Williams %R reversal signal,2026-01-08 21:45:27.783
1017215,BRKR,2026-01-08 21:45:27.437,MeanRevMFI,Sell,"0.68|MFI overbought reversal (MFI=74.4, band=94%)",2026-01-08 21:45:27.790
1017216,BRBR,2026-01-08 21:45:27.457,WilliamsR,Buy,0.80|Williams %R oversold recovery (-73.5 from -98.9),2026-01-08 21:45:27.810
1017217,BMY,2026-01-08 21:45:27.480,PSAR,Hold,0.00|SAR no flip,2026-01-08 21:45:27.840
1017218,BRKR,2026-01-08 21:45:27.487,TripleMomentum,Hold,0.00|Insufficient momentum consensus,2026-01-08 21:45:27.843
1017219,BRBR,2026-01-08 21:45:27.507,PSAR,Hold,0.00|SAR no flip,2026-01-08 21:45:27.867
1017220,BRKR,2026-01-08 21:45:27.540,SRBounce,Hold,0.00|Not near key S/R levels,2026-01-08 21:45:27.897
1017221,BMY,2026-01-08 21:45:27.537,Keltner,Hold,0.00|No Keltner breakout,2026-01-08 21:45:27.897
1017222,BRBR,2026-01-08 21:45:27.563,Keltner,Hold,0.00|No Keltner breakout,2026-01-08 21:45:27.923
1017223,BRKR,2026-01-08 21:45:27.593,CMFMomentum,Buy,"0.90|CMF accumulation (CMF=0.121, RSI=69)",2026-01-08 21:45:27.950
1017224,BMY,2026-01-08 21:45:27.593,OBV,Hold,0.00|No OBV divergence,2026-01-08 21:45:27.953
1017225,BRBR,2026-01-08 21:45:27.620,OBV,Hold,0.00|No OBV divergence,2026-01-08 21:45:27.980
1017226,BRKR,2026-01-08 21:45:27.647,ForceIndex,Hold,0.00|No Force Index breakout,2026-01-08 21:45:28.007
1017227,BMY,2026-01-08 21:45:27.650,Aroon,Hold,0.00|No Aroon trend change,2026-01-08 21:45:28.010
1017228,BRBR,2026-01-08 21:45:27.677,Aroon,Hold,0.00|No Aroon trend change,2026-01-08 21:45:28.037
1017229,BRKR,2026-01-08 21:45:27.703,WilliamsR,Hold,0.00|No Williams %R reversal signal,2026-01-08 21:45:28.063
1017230,BMY,2026-01-08 21:45:27.707,ROC,Hold,0.00|No ROC momentum burst,2026-01-08 21:45:28.063
1017231,BRBR,2026-01-08 21:45:27.730,ROC,Hold,0.00|No ROC momentum burst,2026-01-08 21:45:28.090
1017232,BRKR,2026-01-08 21:45:27.760,PSAR,Hold,0.00|SAR no flip,2026-01-08 21:45:28.120
1017233,BMY,2026-01-08 21:45:27.763,TSI,Hold,0.00|No TSI crossover,2026-01-08 21:45:28.120
1017234,BSX,2026-01-08 21:45:27.777,SwingFilter,Hold,Weekly trend too weak (1.4%),2026-01-08 21:45:28.137
1017235,BRBR,2026-01-08 21:45:27.787,TSI,Hold,0.00|No TSI crossover,2026-01-08 21:45:28.147
1017236,BRKR,2026-01-08 21:45:27.817,Keltner,Hold,0.00|No Keltner breakout,2026-01-08 21:45:28.177
1017237,BMY,2026-01-08 21:45:27.817,Vortex,Hold,0.00|No Vortex trend change,2026-01-08 21:45:28.177
1017238,BRBR,2026-01-08 21:45:27.843,Vortex,Hold,0.00|No Vortex trend change,2026-01-08 21:45:28.203
1017239,BRKR,2026-01-08 21:45:27.873,OBV,Hold,0.00|No OBV divergence,2026-01-08 21:45:28.230
1017240,BMY,2026-01-08 21:45:27.873,Confluence,Hold,0.00|Insufficient confluence (score=2),2026-01-08 21:45:28.233
1017241,BRBR,2026-01-08 21:45:27.900,Confluence,Hold,0.00|Insufficient confluence (score=1),2026-01-08 21:45:28.260
1017242,BRKR,2026-01-08 21:45:27.927,Aroon,Hold,0.00|No Aroon trend change,2026-01-08 21:45:28.287
1017243,BMY,2026-01-08 21:45:27.927,Enhanced_Consensus,Hold,REJECT - Insufficient confirmations | conf=0% | quality=49%,2026-01-08 21:45:28.290
1017244,BRBR,2026-01-08 21:45:27.957,Enhanced_Consensus,Sell,Sell: 5@77% Q:70% | conf=77% | quality=70%,2026-01-08 21:45:28.310
1017245,BRKR,2026-01-08 21:45:27.983,ROC,Hold,0.00|No ROC momentum burst,2026-01-08 21:45:28.343
1017246,BRBR,2026-01-08 21:45:28.007,Enhanced_Entry,Sell,"entry=$24.74, qty=49, stop=$1.98, quality=70%",2026-01-08 21:45:28.363
1017247,BSY,2026-01-08 21:45:28.013,SwingFilter,Hold,No clear weekly trend direction,2026-01-08 21:45:28.373
1017248,BRKR,2026-01-08 21:45:28.040,TSI,Hold,0.00|No TSI crossover,2026-01-08 21:45:28.400
1017249,BRKR,2026-01-08 21:45:28.093,Vortex,Hold,0.00|No Vortex trend change,2026-01-08 21:45:28.450
1017250,BRKR,2026-01-08 21:45:28.150,Confluence,Hold,0.00|Insufficient confluence (score=3),2026-01-08 21:45:28.507
1017251,BTBT,2026-01-08 21:45:28.193,SwingFilter,Hold,No clear weekly trend direction,2026-01-08 21:45:28.557
1017252,BRKR,2026-01-08 21:45:28.203,Enhanced_Consensus,Buy,"? BUY: 8 votes, Composite=68%, Confirms=3 (BB conflict) | conf=72% | quality=65%",2026-01-08 21:45:28.560
1017253,BRKR,2026-01-08 21:45:28.257,Enhanced_Entry,Buy,"entry=$52.53, qty=21, stop=$4.20, quality=65%",2026-01-08 21:45:28.617
1017254,BTSG,2026-01-08 05:00:00.000,RelaxedEngine,Hold,REJECT - Insufficient confirmations,2026-01-08 21:45:28.720
1017255,BTSG,2026-01-08 21:45:28.417,TrendMTF,Hold,0.00|No clear trend setup,2026-01-08 21:45:28.770
1017256,BTU,2026-01-08 05:00:00.000,RealisticConservative,Buy,"? BUY: 8 votes, Composite=64%, Confirms=3 (BB conflict)",2026-01-08 21:45:28.800
1017257,BTSG,2026-01-08 21:45:28.467,MeanRevSR,Hold,"0.00|No mean reversion setup (RSI=50.0, regime=Weak Trend)",2026-01-08 21:45:28.820
1017258,BTU,2026-01-08 21:45:28.503,TrendMTF,Hold,0.00|No clear trend setup,2026-01-08 21:45:28.853
1017259,BTSG,2026-01-08 21:45:28.527,BreakoutVol,Hold,0.00|No breakout pattern (ADX=28.6),2026-01-08 21:45:28.877
1017260,BTU,2026-01-08 21:45:28.557,MeanRevSR,Hold,"0.00|No mean reversion setup (RSI=50.0, regime=High Volatility)",2026-01-08 21:45:28.910
1017261,BTSG,2026-01-08 21:45:28.580,MomentumDiv,Hold,0.00|Indicators not ready,2026-01-08 21:45:28.933
1017262,BTU,2026-01-08 21:45:28.613,BreakoutVol,Hold,0.00|No breakout pattern (ADX=24.8),2026-01-08 21:45:28.967
1017263,BTSG,2026-01-08 21:45:28.637,EMA+RSI,Hold,0.00|No EMA crossover,2026-01-08 21:45:28.987
1017264,BTU,2026-01-08 21:45:28.667,MomentumDiv,Hold,0.00|Indicators not ready,2026-01-08 21:45:29.017
1017265,BTSG,2026-01-08 21:45:28.687,Bollinger,Sell,0.67|Bollinger mean reversion sell (RSI=62.4),2026-01-08 21:45:29.037
1017266,BTU,2026-01-08 21:45:28.720,EMA+RSI,Hold,0.00|No EMA crossover,2026-01-08 21:45:29.073
1017267,BTSG,2026-01-08 21:45:28.740,ATR,Hold,0.00|No ATR breakout,2026-01-08 21:45:29.090
1017268,BWA,2026-01-08 05:00:00.000,RelaxedEngine,Hold,REJECT - Insufficient confirmations,2026-01-08 21:45:29.103
1017269,BTU,2026-01-08 21:45:28.777,Bollinger,Sell,0.70|Bollinger mean reversion sell (RSI=66.6),2026-01-08 21:45:29.130
1017270,BTSG,2026-01-08 21:45:28.793,MACD,Hold,0.00|No MACD signal,2026-01-08 21:45:29.147
1017271,BWA,2026-01-08 21:45:28.807,TrendMTF,Hold,0.00|No clear trend setup,2026-01-08 21:45:29.160
1017272,BTU,2026-01-08 21:45:28.833,ATR,Hold,0.00|No ATR breakout,2026-01-08 21:45:29.187
1017273,BTSG,2026-01-08 21:45:28.850,ADX,Buy,0.79|ADX strong trend ? (ADX=28.6),2026-01-08 21:45:29.200
1017274,BWA,2026-01-08 21:45:28.860,MeanRevSR,Hold,"0.00|No mean reversion setup (RSI=50.0, regime=Quiet Market)",2026-01-08 21:45:29.213
1017275,BTU,2026-01-08 21:45:28.887,MACD,Buy,0.65|MACD momentum building (hist=0.2590),2026-01-08 21:45:29.240
1017276,BTSG,2026-01-08 21:45:28.903,Volume,Hold,0.00|Volume too low: 0.93x,2026-01-08 21:45:29.257
1017277,BWA,2026-01-08 21:45:28.917,BreakoutVol,Hold,0.00|No breakout pattern (ADX=30.1),2026-01-08 21:45:29.270
1017278,BTU,2026-01-08 21:45:28.943,ADX,Buy,0.68|ADX strong trend ? (ADX=24.8),2026-01-08 21:45:29.297
1017279,BTSG,2026-01-08 21:45:28.960,Donchian,Hold,"0.00|Price within channel ($39.10, U=$41.03, L=$34.30)",2026-01-08 21:45:29.313
1017280,BX,2026-01-08 21:45:28.967,SwingFilter,Hold,Weekly trend too weak (1.1%),2026-01-08 21:45:29.317
1017281,BWA,2026-01-08 21:45:28.973,MomentumDiv,Hold,0.00|Indicators not ready,2026-01-08 21:45:29.327
1017282,BTU,2026-01-08 21:45:29.000,Volume,Hold,0.00|Volume too low: 1.16x,2026-01-08 21:45:29.353
1017283,BTSG,2026-01-08 21:45:29.017,Ichimoku,Buy,0.57|Bullish Ichimoku (price 1.8% above cloud),2026-01-08 21:45:29.370
1017284,BWA,2026-01-08 21:45:29.030,EMA+RSI,Hold,0.00|No EMA crossover,2026-01-08 21:45:29.383
1017285,BTU,2026-01-08 21:45:29.057,Donchian,Hold,"0.00|Price within channel ($32.80, U=$33.37, L=$26.95)",2026-01-08 21:45:29.410
1017286,BTSG,2026-01-08 21:45:29.073,PriceAction,Hold,0.00|No clear price action trend,2026-01-08 21:45:29.427
1017287,BWA,2026-01-08 21:45:29.083,Bollinger,Sell,0.69|Bollinger mean reversion sell (RSI=67.4),2026-01-08 21:45:29.440
1017288,BTU,2026-01-08 21:45:29.110,Ichimoku,Buy,1.00|Bullish Ichimoku (price 6.4% above cloud),2026-01-08 21:45:29.460
1017289,BTSG,2026-01-08 21:45:29.127,Supertrend,Buy,0.65|Supertrend bullish continuation (5.10% above),2026-01-08 21:45:29.480
1017290,BWA,2026-01-08 21:45:29.140,ATR,Hold,0.00|No ATR breakout,2026-01-08 21:45:29.493
1017291,BTU,2026-01-08 21:45:29.163,PriceAction,Hold,0.00|No clear price action trend,2026-01-08 21:45:29.517
1017292,BTSG,2026-01-08 21:45:29.187,MeanRevMFI,Hold,0.00|No MFI mean reversion setup,2026-01-08 21:45:29.537
1017293,BWA,2026-01-08 21:45:29.197,MACD,Hold,0.00|No MACD signal,2026-01-08 21:45:29.550
1017294,BTU,2026-01-08 21:45:29.220,Supertrend,Buy,0.61|Supertrend bullish continuation (12.58% above),2026-01-08 21:45:29.573
1017295,BTSG,2026-01-08 21:45:29.240,TripleMomentum,Hold,0.00|Insufficient momentum consensus,2026-01-08 21:45:29.590
1017296,BXMT,2026-01-08 21:45:29.240,SwingFilter,Hold,Weekly trend too weak (0.2%),2026-01-08 21:45:29.590
1017297,BWA,2026-01-08 21:45:29.253,ADX,Buy,0.83|ADX strong trend ? (ADX=30.1),2026-01-08 21:45:29.607
1017298,BTU,2026-01-08 21:45:29.277,MeanRevMFI,Hold,0.00|No MFI mean reversion setup,2026-01-08 21:45:29.630
1017299,BTSG,2026-01-08 21:45:29.293,SRBounce,Hold,0.00|Not near key S/R levels,2026-01-08 21:45:29.647
1017300,BWA,2026-01-08 21:45:29.310,Volume,Hold,0.00|Volume too low: 0.67x,2026-01-08 21:45:29.663
1017301,BTU,2026-01-08 21:45:29.333,TripleMomentum,Buy,0.90|Triple momentum bullish (2/3 indicators),2026-01-08 21:45:29.687
1017302,BTSG,2026-01-08 21:45:29.347,CMFMomentum,Hold,0.00|No CMF momentum signal,2026-01-08 21:45:29.697
1017303,BWA,2026-01-08 21:45:29.367,Donchian,Hold,"0.00|Price within channel ($47.79, U=$48.16, L=$41.63)",2026-01-08 21:45:29.720
1017304,BTU,2026-01-08 21:45:29.387,SRBounce,Hold,0.00|Not near key S/R levels,2026-01-08 21:45:29.737
1017305,BTSG,2026-01-08 21:45:29.400,ForceIndex,Hold,0.00|No Force Index breakout,2026-01-08 21:45:29.753
1017306,BWA,2026-01-08 21:45:29.420,Ichimoku,Buy,1.00|Bullish Ichimoku (price 4.3% above cloud),2026-01-08 21:45:29.773
1017307,BTU,2026-01-08 21:45:29.440,CMFMomentum,Buy,"0.81|CMF accumulation (CMF=0.064, RSI=67)",2026-01-08 21:45:29.793
1017308,BTSG,2026-01-08 21:45:29.457,WilliamsR,Hold,0.00|No Williams %R reversal signal,2026-01-08 21:45:29.807
1017309,BWA,2026-01-08 21:45:29.477,PriceAction,Buy,0.80|Strong uptrend: Higher highs & higher lows confirmed,2026-01-08 21:45:29.827
1017310,BTU,2026-01-08 21:45:29.497,ForceIndex,Hold,0.00|No Force Index breakout,2026-01-08 21:45:29.847
1017311,BTSG,2026-01-08 21:45:29.513,PSAR,Hold,0.00|SAR no flip,2026-01-08 21:45:29.860
1017312,BWA,2026-01-08 21:45:29.533,Supertrend,Buy,0.65|Supertrend bullish continuation (5.37% above),2026-01-08 21:45:29.883
1017313,BTU,2026-01-08 21:45:29.553,WilliamsR,Hold,0.00|No Williams %R reversal signal,2026-01-08 21:45:29.900
1017314,BTSG,2026-01-08 21:45:29.567,Keltner,Hold,0.00|No Keltner breakout,2026-01-08 21:45:29.917
1017315,BWA,2026-01-08 21:45:29.590,MeanRevMFI,Sell,"0.68|MFI overbought reversal (MFI=88.8, band=95%)",2026-01-08 21:45:29.940
1017316,BTU,2026-01-08 21:45:29.607,PSAR,Hold,0.00|SAR no flip,2026-01-08 21:45:29.957
1017317,BTSG,2026-01-08 21:45:29.623,OBV,Hold,0.00|No OBV divergence,2026-01-08 21:45:29.973
1017318,BWA,2026-01-08 21:45:29.647,TripleMomentum,Buy,1.00|Triple momentum bullish (3/3 indicators),2026-01-08 21:45:29.993
1017319,BTU,2026-01-08 21:45:29.663,Keltner,Hold,0.00|No Keltner breakout,2026-01-08 21:45:30.013
1017320,BXSL,2026-01-08 05:00:00.000,RelaxedEngine,Hold,Insufficient votes,2026-01-08 21:45:30.013
1017321,BTSG,2026-01-08 21:45:29.680,Aroon,Hold,0.00|No Aroon trend change,2026-01-08 21:45:30.030
1017322,BWA,2026-01-08 21:45:29.700,SRBounce,Hold,0.00|Not near key S/R levels,2026-01-08 21:45:30.050
1017323,BTU,2026-01-08 21:45:29.720,OBV,Hold,0.00|No OBV divergence,2026-01-08 21:45:30.070
1017324,BXSL,2026-01-08 21:45:29.720,TrendMTF,Hold,0.00|No clear trend setup,2026-01-08 21:45:30.070
1017325,BTSG,2026-01-08 21:45:29.737,ROC,Hold,0.00|No ROC momentum burst,2026-01-08 21:45:30.087
1017326,BWA,2026-01-08 21:45:29.757,CMFMomentum,Hold,0.00|No CMF momentum signal,2026-01-08 21:45:30.107
1017327,BTU,2026-01-08 21:45:29.777,Aroon,Hold,0.00|No Aroon trend change,2026-01-08 21:45:30.127
1017328,BXSL,2026-01-08 21:45:29.777,MeanRevSR,Hold,"0.00|No mean reversion setup (RSI=50.0, regime=Quiet Market)",2026-01-08 21:45:30.127
1017329,BTSG,2026-01-08 21:45:29.790,TSI,Hold,0.00|No TSI crossover,2026-01-08 21:45:30.137
1017330,BWA,2026-01-08 21:45:29.813,ForceIndex,Hold,0.00|No Force Index breakout,2026-01-08 21:45:30.163
1017331,BTU,2026-01-08 21:45:29.833,ROC,Hold,0.00|No ROC momentum burst,2026-01-08 21:45:30.180
1017332,BXSL,2026-01-08 21:45:29.833,BreakoutVol,Hold,0.00|No breakout pattern (ADX=21.8),2026-01-08 21:45:30.180
1017333,BTSG,2026-01-08 21:45:29.843,Vortex,Hold,0.00|No Vortex trend change,2026-01-08 21:45:30.193
1017334,BWA,2026-01-08 21:45:29.870,WilliamsR,Hold,0.00|No Williams %R reversal signal,2026-01-08 21:45:30.220
1017335,BXSL,2026-01-08 21:45:29.890,MomentumDiv,Hold,0.00|Indicators not ready,2026-01-08 21:45:30.237
1017336,BTU,2026-01-08 21:45:29.890,TSI,Hold,0.00|No TSI crossover,2026-01-08 21:45:30.237
1017337,BTSG,2026-01-08 21:45:29.900,Confluence,Hold,0.00|Insufficient confluence (score=2),2026-01-08 21:45:30.250
1017338,BWA,2026-01-08 21:45:29.923,PSAR,Hold,0.00|SAR no flip,2026-01-08 21:45:30.273
1017339,BTU,2026-01-08 21:45:29.943,Vortex,Hold,0.00|No Vortex trend change,2026-01-08 21:45:30.293
1017340,BXSL,2026-01-08 21:45:29.943,EMA+RSI,Hold,0.00|No EMA crossover,2026-01-08 21:45:30.293
1017341,BTSG,2026-01-08 21:45:29.957,Enhanced_Consensus,Hold,REJECT - Insufficient confirmations | conf=0% | quality=51%,2026-01-08 21:45:30.307
1017342,BWA,2026-01-08 21:45:29.983,Keltner,Hold,0.00|No Keltner breakout,2026-01-08 21:45:30.330
1017343,BTU,2026-01-08 21:45:30.000,Confluence,Hold,0.00|Insufficient confluence (score=3),2026-01-08 21:45:30.350
1017344,BXSL,2026-01-08 21:45:30.000,Bollinger,Buy,0.68|Bollinger mean reversion buy (RSI=42.3),2026-01-08 21:45:30.350
1017345,BWA,2026-01-08 21:45:30.037,OBV,Hold,0.00|No OBV divergence,2026-01-08 21:45:30.387
1017346,BTU,2026-01-08 21:45:30.057,Enhanced_Consensus,Buy,"? BUY: 8 votes, Composite=64%, Confirms=3 (BB conflict) | conf=67% | quality=56%",2026-01-08 21:45:30.407
1017347,BXSL,2026-01-08 21:45:30.057,ATR,Hold,0.00|No ATR breakout,2026-01-08 21:45:30.407
1017348,BWA,2026-01-08 21:45:30.093,Aroon,Hold,0.00|No Aroon trend change,2026-01-08 21:45:30.443
1017349,BTU,2026-01-08 21:45:30.113,Enhanced_Entry,Buy,"entry=$32.83, qty=29, stop=$2.62, quality=56%",2026-01-08 21:45:30.460
1017350,BXSL,2026-01-08 21:45:30.113,MACD,Hold,0.00|No MACD signal,2026-01-08 21:45:30.460
1017351,BWA,2026-01-08 21:45:30.150,ROC,Hold,0.00|No ROC momentum burst,2026-01-08 21:45:30.500
1017352,BXSL,2026-01-08 21:45:30.170,ADX,Hold,0.00|ADX too weak: 21.8 < 22,2026-01-08 21:45:30.517
1017353,BWA,2026-01-08 21:45:30.207,TSI,Hold,0.00|No TSI crossover,2026-01-08 21:45:30.560
1017354,BXSL,2026-01-08 21:45:30.223,Volume,Hold,0.00|Volume too low: 1.08x,2026-01-08 21:45:30.573
1017355,BXSL,2026-01-08 21:45:30.280,Donchian,Hold,"0.00|Price within channel ($26.35, U=$28.59, L=$25.42)",2026-01-08 21:45:30.633
1017356,BWA,2026-01-08 21:45:30.267,Vortex,Hold,0.00|No Vortex trend change,2026-01-08 21:45:30.633
1017357,BXSL,2026-01-08 21:45:30.340,Ichimoku,Sell,0.62|Bearish Ichimoku (price 1.4% below cloud),2026-01-08 21:45:30.690
1017358,BWA,2026-01-08 21:45:30.340,Confluence,Hold,0.00|Insufficient confluence (score=2),2026-01-08 21:45:30.690
1017359,BXSL,2026-01-08 21:45:30.397,PriceAction,Hold,0.00|No clear price action trend,2026-01-08 21:45:30.747
1017360,BWA,2026-01-08 21:45:30.397,Enhanced_Consensus,Hold,REJECT - Insufficient confirmations | conf=0% | quality=53%,2026-01-08 21:45:30.747
1017361,BXSL,2026-01-08 21:45:30.463,Supertrend,Sell,0.65|Supertrend bearish continuation (3.56% below),2026-01-08 21:45:30.823
1017362,CAG,2026-01-08 05:00:00.000,RelaxedEngine,Hold,Insufficient votes,2026-01-08 21:45:30.840
1017363,BXSL,2026-01-08 21:45:30.517,MeanRevMFI,Buy,"0.65|MFI oversold reversal (MFI=26.9, band=19%)",2026-01-08 21:45:30.880
1017364,CAG,2026-01-08 21:45:30.533,TrendMTF,Hold,0.00|No clear trend setup,2026-01-08 21:45:30.897
1017365,BXSL,2026-01-08 21:45:30.570,TripleMomentum,Hold,0.00|Insufficient momentum consensus,2026-01-08 21:45:30.933
1017366,CAH,2026-01-08 21:45:30.583,SwingFilter,Hold,No clear weekly trend direction,2026-01-08 21:45:30.943
1017367,CAG,2026-01-08 21:45:30.590,MeanRevSR,Hold,"0.00|No mean reversion setup (RSI=50.0, regime=Quiet Market)",2026-01-08 21:45:30.950
1017368,BXSL,2026-01-08 21:45:30.630,SRBounce,Hold,0.00|Not near key S/R levels,2026-01-08 21:45:30.990
1017369,CAG,2026-01-08 21:45:30.643,BreakoutVol,Hold,0.00|No breakout pattern (ADX=20.1),2026-01-08 21:45:31.007
1017370,BXSL,2026-01-08 21:45:30.683,CMFMomentum,Hold,0.00|No CMF momentum signal,2026-01-08 21:45:31.043
1017371,CAG,2026-01-08 21:45:30.700,MomentumDiv,Hold,0.00|Indicators not ready,2026-01-08 21:45:31.063
1017372,BXSL,2026-01-08 21:45:30.737,ForceIndex,Hold,0.00|No Force Index breakout,2026-01-08 21:45:31.100
1017373,CAKE,2026-01-08 05:00:00.000,RealisticConservative,Buy,"? BUY: 9 votes, Composite=67%, Confirms=3 (BB conflict)",2026-01-08 21:45:31.107
1017374,CAG,2026-01-08 21:45:30.757,EMA+RSI,Hold,0.00|No EMA crossover,2026-01-08 21:45:31.120
1017375,BXSL,2026-01-08 21:45:30.793,WilliamsR,Hold,0.00|No Williams %R reversal signal,2026-01-08 21:45:31.153
1017376,CAKE,2026-01-08 21:45:30.800,TrendMTF,Hold,0.00|No clear trend setup,2026-01-08 21:45:31.163
1017377,CAG,2026-01-08 21:45:30.813,Bollinger,Buy,0.69|Bollinger mean reversion buy (RSI=39.3),2026-01-08 21:45:31.177
1017378,BXSL,2026-01-08 21:45:30.847,PSAR,Hold,0.00|SAR no flip,2026-01-08 21:45:31.210
1017379,CAKE,2026-01-08 21:45:30.857,MeanRevSR,Hold,"0.00|No mean reversion setup (RSI=50.0, regime=Weak Trend)",2026-01-08 21:45:31.220
1017380,CAG,2026-01-08 21:45:30.870,ATR,Hold,0.00|No ATR breakout,2026-01-08 21:45:31.230
1017381,BXSL,2026-01-08 21:45:30.907,Keltner,Hold,0.00|No Keltner breakout,2026-01-08 21:45:31.267
1017382,CAKE,2026-01-08 21:45:30.910,BreakoutVol,Hold,0.00|No breakout pattern (ADX=26.2),2026-01-08 21:45:31.270
1017383,CAG,2026-01-08 21:45:30.923,MACD,Hold,0.00|No MACD signal,2026-01-08 21:45:31.287
1017384,BXSL,2026-01-08 21:45:30.960,OBV,Hold,0.00|No OBV divergence,2026-01-08 21:45:31.323
1017385,CAKE,2026-01-08 21:45:30.963,MomentumDiv,Hold,0.00|Indicators not ready,2026-01-08 21:45:31.327
1017386,CAG,2026-01-08 21:45:30.980,ADX,Hold,0.00|ADX too weak: 20.1 < 22,2026-01-08 21:45:31.343
1017387,BXSL,2026-01-08 21:45:31.013,Aroon,Hold,0.00|No Aroon trend change,2026-01-08 21:45:31.373
1017388,CAKE,2026-01-08 21:45:31.020,EMA+RSI,Buy,"0.60|EMA(20/50) crossover ? ",2026-01-08 21:45:31.380
1017389,CAG,2026-01-08 21:45:31.037,Volume,Sell,0.66|Volume spike 1.4x with downward momentum,2026-01-08 21:45:31.400
1017390,BXSL,2026-01-08 21:45:31.067,ROC,Hold,0.00|No ROC momentum burst,2026-01-08 21:45:31.427
1017391,CAKE,2026-01-08 21:45:31.070,Bollinger,Sell,0.71|Bollinger mean reversion sell (RSI=69.8),2026-01-08 21:45:31.433
1017392,CAG,2026-01-08 21:45:31.093,Donchian,Hold,"0.00|Price within channel ($16.58, U=$18.05, L=$15.96)",2026-01-08 21:45:31.457
1017393,BXSL,2026-01-08 21:45:31.120,TSI,Hold,0.00|No TSI crossover,2026-01-08 21:45:31.483
1017394,CAKE,2026-01-08 21:45:31.127,ATR,Hold,0.00|No ATR breakout,2026-01-08 21:45:31.490
1017395,BXSL,2026-01-08 21:45:31.177,Vortex,Hold,0.00|No Vortex trend change,2026-01-08 21:45:31.533
1017396,CARR,2026-01-08 21:45:31.170,SwingFilter,Hold,Weekly trend too weak (0.7%),2026-01-08 21:45:31.533
1017397,CAG,2026-01-08 21:45:31.150,Ichimoku,Hold,0.00|TK lines too close: 1.25%,2026-01-08 21:45:31.537
1017398,CAKE,2026-01-08 21:45:31.183,MACD,Buy,0.65|MACD momentum building (hist=0.5895),2026-01-08 21:45:31.547
1017399,BXSL,2026-01-08 21:45:31.227,Confluence,Hold,0.00|Insufficient confluence (score=0),2026-01-08 21:45:31.590
1017400,CAG,2026-01-08 21:45:31.230,PriceAction,Hold,0.00|No clear price action trend,2026-01-08 21:45:31.590
1017401,CAKE,2026-01-08 21:45:31.240,ADX,Buy,0.72|ADX strong trend ? (ADX=26.2),2026-01-08 21:45:31.603
1017402,BXSL,2026-01-08 21:45:31.283,Enhanced_Consensus,Hold,Insufficient votes | conf=0% | quality=0%,2026-01-08 21:45:31.647
1017403,CAG,2026-01-08 21:45:31.287,Supertrend,Sell,0.65|Supertrend bearish continuation (4.26% below),2026-01-08 21:45:31.647
1017404,CAKE,2026-01-08 21:45:31.297,Volume,Hold,0.00|Volume too low: 1.07x,2026-01-08 21:45:31.653
1017405,CAG,2026-01-08 21:45:31.340,MeanRevMFI,Buy,"0.68|MFI oversold reversal (MFI=24.8, band=9%)",2026-01-08 21:45:31.703
1017406,CAKE,2026-01-08 21:45:31.347,Donchian,Hold,"0.00|Price within channel ($56.99, U=$57.68, L=$46.47)",2026-01-08 21:45:31.707
1017407,CART,2026-01-08 21:45:31.357,SwingFilter,Hold,Weekly trend too weak (1.0%),2026-01-08 21:45:31.713
1017408,CAG,2026-01-08 21:45:31.397,TripleMomentum,Hold,0.00|Insufficient momentum consensus,2026-01-08 21:45:31.760
1017409,CAKE,2026-01-08 21:45:31.400,Ichimoku,Buy,1.00|Bullish Ichimoku (price 7.2% above cloud),2026-01-08 21:45:31.763
1017410,CAG,2026-01-08 21:45:31.453,SRBounce,Hold,0.00|Not near key S/R levels,2026-01-08 21:45:31.817
1017411,CAKE,2026-01-08 21:45:31.457,PriceAction,Hold,0.00|No clear price action trend,2026-01-08 21:45:31.820
1017412,CAG,2026-01-08 21:45:31.510,CMFMomentum,Hold,0.00|No CMF momentum signal,2026-01-08 21:45:31.873
1017413,CAKE,2026-01-08 21:45:31.510,Supertrend,Buy,0.65|Supertrend bullish continuation (8.06% above),2026-01-08 21:45:31.877
1017414,CAKE,2026-01-08 21:45:31.567,MeanRevMFI,Hold,0.00|No MFI mean reversion setup,2026-01-08 21:45:31.927
1017415,CAG,2026-01-08 21:45:31.563,ForceIndex,Hold,0.00|No Force Index breakout,2026-01-08 21:45:31.930
1017416,CAKE,2026-01-08 21:45:31.620,TripleMomentum,Buy,1.00|Triple momentum bullish (3/3 indicators),2026-01-08 21:45:31.983
1017417,CAG,2026-01-08 21:45:31.620,WilliamsR,Buy,0.80|Williams %R oversold recovery (-70.3 from -100.0),2026-01-08 21:45:31.983
1017418,CAKE,2026-01-08 21:45:31.677,SRBounce,Hold,0.00|Not near key S/R levels,2026-01-08 21:45:32.040
1017419,CAG,2026-01-08 21:45:31.677,PSAR,Hold,0.00|SAR no flip,2026-01-08 21:45:32.040
1017420,CAKE,2026-01-08 21:45:31.733,CMFMomentum,Hold,0.00|No CMF momentum signal,2026-01-08 21:45:32.097
1017421,CAG,2026-01-08 21:45:31.733,Keltner,Hold,0.00|No Keltner breakout,2026-01-08 21:45:32.097
1017422,CAKE,2026-01-08 21:45:31.787,ForceIndex,Hold,0.00|No Force Index breakout,2026-01-08 21:45:32.150
1017423,CAG,2026-01-08 21:45:31.787,OBV,Hold,0.00|No OBV divergence,2026-01-08 21:45:32.153
1017424,CAKE,2026-01-08 21:45:31.843,WilliamsR,Hold,0.00|No Williams %R reversal signal,2026-01-08 21:45:32.207
1017425,CAG,2026-01-08 21:45:31.847,Aroon,Hold,0.00|No Aroon trend change,2026-01-08 21:45:32.210
1017426,CAKE,2026-01-08 21:45:31.900,PSAR,Hold,0.00|SAR no flip,2026-01-08 21:45:32.263
1017427,CAG,2026-01-08 21:45:31.900,ROC,Hold,0.00|No ROC momentum burst,2026-01-08 21:45:32.263
1017428,CAKE,2026-01-08 21:45:31.957,Keltner,Hold,0.00|No Keltner breakout,2026-01-08 21:45:32.320
1017429,CAG,2026-01-08 21:45:31.957,TSI,Hold,0.00|No TSI crossover,2026-01-08 21:45:32.320
1017430,CAKE,2026-01-08 21:45:32.010,OBV,Hold,0.00|No OBV divergence,2026-01-08 21:45:32.377
1017431,CAG,2026-01-08 21:45:32.013,Vortex,Hold,0.00|No Vortex trend change,2026-01-08 21:45:32.377
1017432,CAKE,2026-01-08 21:45:32.067,Aroon,Hold,0.00|No Aroon trend change,2026-01-08 21:45:32.430
1017433,CAG,2026-01-08 21:45:32.070,Confluence,Hold,0.00|Insufficient confluence (score=1),2026-01-08 21:45:32.433
1017434,CAKE,2026-01-08 21:45:32.123,ROC,Buy,"0.60|ROC momentum burst ? (ROC=9.6%, vol=1.01x)",2026-01-08 21:45:32.490
1017435,CAG,2026-01-08 21:45:32.127,Enhanced_Consensus,Hold,Insufficient votes | conf=0% | quality=0%,2026-01-08 21:45:32.493
1017436,CAKE,2026-01-08 21:45:32.183,TSI,Hold,0.00|No TSI crossover,2026-01-08 21:45:32.547
1017437,CAKE,2026-01-08 21:45:32.240,Vortex,Hold,0.00|No Vortex trend change,2026-01-08 21:45:32.603
1017438,CAKE,2026-01-08 21:45:32.297,Confluence,Hold,0.00|Insufficient confluence (score=3),2026-01-08 21:45:32.660
1017439,CAKE,2026-01-08 21:45:32.353,Enhanced_Consensus,Buy,"? BUY: 9 votes, Composite=67%, Confirms=3 (BB conflict) | conf=70% | quality=64%",2026-01-08 21:45:32.717
1017440,CAKE,2026-01-08 21:45:32.407,Enhanced_Entry,Buy,"entry=$57.05, qty=19, stop=$4.56, quality=64%",2026-01-08 21:45:32.767
1017441,CCO,2026-01-08 21:45:32.770,SwingFilter,Hold,No clear weekly trend direction,2026-01-08 21:45:33.150
1017442,CCOI,2026-01-08 21:45:32.840,SwingFilter,Hold,No clear weekly trend direction,2026-01-08 21:45:33.237
1017443,CDNS,2026-01-08 21:45:33.083,SwingFilter,Hold,Weekly trend too weak (0.4%),2026-01-08 21:45:33.447
1017444,CDW,2026-01-08 05:00:00.000,RealisticConservative,Sell,Sell: 6@70% Q:60% (BB conflict),2026-01-08 21:45:33.633
1017445,CDW,2026-01-08 21:45:33.327,TrendMTF,Hold,0.00|No clear trend setup,2026-01-08 21:45:33.690
1017446,CDW,2026-01-08 21:45:33.380,MeanRevSR,Hold,"0.00|No mean reversion setup (RSI=50.0, regime=Weak Trend)",2026-01-08 21:45:33.747
1017447,CDW,2026-01-08 21:45:33.437,BreakoutVol,Hold,0.00|No breakout pattern (ADX=38.1),2026-01-08 21:45:33.800
1017448,CDW,2026-01-08 21:45:33.493,MomentumDiv,Hold,0.00|Indicators not ready,2026-01-08 21:45:33.857
1017449,CDW,2026-01-08 21:45:33.550,EMA+RSI,Hold,0.00|No EMA crossover,2026-01-08 21:45:33.913
1017450,CDW,2026-01-08 21:45:33.603,Bollinger,Buy,0.68|Bollinger mean reversion buy (RSI=34.6),2026-01-08 21:45:33.970
1017451,CDW,2026-01-08 21:45:33.663,ATR,Hold,0.00|No ATR breakout,2026-01-08 21:45:34.027
1017452,CENX,2026-01-08 05:00:00.000,RelaxedEngine,Hold,REJECT - Insufficient confirmations,2026-01-08 21:45:34.047
1017453,CDW,2026-01-08 21:45:33.717,MACD,Hold,0.00|No MACD signal,2026-01-08 21:45:34.083
1017454,CENX,2026-01-08 21:45:33.740,TrendMTF,Hold,0.00|No clear trend setup,2026-01-08 21:45:34.107
1017455,CDW,2026-01-08 21:45:33.777,ADX,Sell,0.85|ADX strong trend ? (ADX=38.1),2026-01-08 21:45:34.140
1017456,CENX,2026-01-08 21:45:33.800,MeanRevSR,Hold,0.00|Strong trend - avoid mean reversion,2026-01-08 21:45:34.160
1017457,CDW,2026-01-08 21:45:33.833,Volume,Hold,0.00|Volume too low: 1.22x,2026-01-08 21:45:34.197
1017458,CENX,2026-01-08 21:45:33.850,BreakoutVol,Hold,0.00|No breakout pattern (ADX=38.5),2026-01-08 21:45:34.217
1017459,CDW,2026-01-08 21:45:33.890,Donchian,Hold,"0.00|Price within channel ($132.53, U=$150.61, L=$126.93)",2026-01-08 21:45:34.253
1017460,CENX,2026-01-08 21:45:33.907,MomentumDiv,Hold,0.00|Indicators not ready,2026-01-08 21:45:34.270
1017461,CDW,2026-01-08 21:45:33.943,Ichimoku,Sell,0.82|Bearish Ichimoku (price 2.8% below cloud),2026-01-08 21:45:34.310
1017462,CENX,2026-01-08 21:45:33.963,EMA+RSI,Hold,0.00|No EMA crossover,2026-01-08 21:45:34.327
1017463,CDW,2026-01-08 21:45:34.000,PriceAction,Hold,0.00|No clear price action trend,2026-01-08 21:45:34.363
1017464,CENX,2026-01-08 21:45:34.020,Bollinger,Sell,0.68|Bollinger mean reversion sell (RSI=73.5),2026-01-08 21:45:34.383
1017465,CDW,2026-01-08 21:45:34.057,Supertrend,Sell,0.65|Supertrend bearish continuation (5.37% below),2026-01-08 21:45:34.420
1017466,CENX,2026-01-08 21:45:34.077,ATR,Hold,0.00|No ATR breakout,2026-01-08 21:45:34.440
1017467,CDW,2026-01-08 21:45:34.113,MeanRevMFI,Buy,"0.79|MFI oversold reversal (MFI=7.2, band=17%)",2026-01-08 21:45:34.477
1017468,CENX,2026-01-08 21:45:34.130,MACD,Hold,0.00|No MACD signal,2026-01-08 21:45:34.490
1017469,CDW,2026-01-08 21:45:34.170,TripleMomentum,Hold,0.00|Insufficient momentum consensus,2026-01-08 21:45:34.533
1017470,CENX,2026-01-08 21:45:34.183,ADX,Buy,0.85|ADX strong trend ? (ADX=38.5),2026-01-08 21:45:34.547
1017471,CDW,2026-01-08 21:45:34.223,SRBounce,Hold,0.00|Not near key S/R levels,2026-01-08 21:45:34.590
1017472,CENX,2026-01-08 21:45:34.240,Volume,Hold,0.00|Volume too low: 1.07x,2026-01-08 21:45:34.600
1017473,CDW,2026-01-08 21:45:34.280,CMFMomentum,Hold,0.00|No CMF momentum signal,2026-01-08 21:45:34.643
1017474,CENX,2026-01-08 21:45:34.290,Donchian,Hold,"0.00|Price within channel ($43.24, U=$45.58, L=$29.30)",2026-01-08 21:45:34.683
1017475,CDW,2026-01-08 21:45:34.337,ForceIndex,Hold,0.00|No Force Index breakout,2026-01-08 21:45:34.700
1017476,CENX,2026-01-08 21:45:34.377,Ichimoku,Buy,1.00|Bullish Ichimoku (price 8.5% above cloud),2026-01-08 21:45:34.737
1017477,CG,2026-01-08 05:00:00.000,RelaxedEngine,Hold,REJECT - Insufficient confirmations,2026-01-08 21:45:34.747
1017478,CDW,2026-01-08 21:45:34.393,WilliamsR,Buy,0.80|Williams %R oversold recovery (-70.9 from -95.6),2026-01-08 21:45:34.757
1017479,CENX,2026-01-08 21:45:34.427,PriceAction,Buy,0.80|Strong uptrend: Higher highs & higher lows confirmed,2026-01-08 21:45:34.790
1017480,CG,2026-01-08 21:45:34.440,TrendMTF,Hold,0.00|No clear trend setup,2026-01-08 21:45:34.803
1017481,CDW,2026-01-08 21:45:34.450,PSAR,Hold,0.00|SAR no flip,2026-01-08 21:45:34.813
1017482,CENX,2026-01-08 21:45:34.483,Supertrend,Buy,0.64|Supertrend bullish continuation (9.80% above),2026-01-08 21:45:34.847
1017483,CG,2026-01-08 21:45:34.493,MeanRevSR,Hold,"0.00|No mean reversion setup (RSI=50.0, regime=Weak Trend)",2026-01-08 21:45:34.857
1017484,CDW,2026-01-08 21:45:34.503,Keltner,Hold,0.00|No Keltner breakout,2026-01-08 21:45:34.870
1017485,CENX,2026-01-08 21:45:34.540,MeanRevMFI,Hold,0.00|No MFI mean reversion setup,2026-01-08 21:45:34.903
1017486,CG,2026-01-08 21:45:34.547,BreakoutVol,Hold,0.00|No breakout pattern (ADX=35.8),2026-01-08 21:45:34.907
1017487,CDW,2026-01-08 21:45:34.563,OBV,Hold,0.00|No OBV divergence,2026-01-08 21:45:34.923
1017488,CENX,2026-01-08 21:45:34.597,TripleMomentum,Hold,0.00|Insufficient momentum consensus,2026-01-08 21:45:34.960
1017489,CGNX,2026-01-08 21:45:34.590,SwingFilter,Hold,Weekly trend too weak (0.6%),2026-01-08 21:45:34.960
1017490,CG,2026-01-08 21:45:34.600,MomentumDiv,Hold,0.00|Indicators not ready,2026-01-08 21:45:34.963
1017491,CDW,2026-01-08 21:45:34.617,Aroon,Hold,0.00|No Aroon trend change,2026-01-08 21:45:34.980
1017492,CENX,2026-01-08 21:45:34.650,SRBounce,Hold,0.00|Not near key S/R levels,2026-01-08 21:45:35.010
1017493,CG,2026-01-08 21:45:34.657,EMA+RSI,Hold,0.00|No EMA crossover,2026-01-08 21:45:35.020
1017494,CHD,2026-01-08 21:45:34.657,SwingFilter,Hold,Weekly trend too weak (1.2%),2026-01-08 21:45:35.020
1017495,CDW,2026-01-08 21:45:34.673,ROC,Hold,0.00|No ROC momentum burst,2026-01-08 21:45:35.037
1017496,CENX,2026-01-08 21:45:34.703,CMFMomentum,Buy,"0.75|CMF accumulation (CMF=0.316, RSI=73)",2026-01-08 21:45:35.067
1017497,CG,2026-01-08 21:45:34.710,Bollinger,Sell,0.69|Bollinger mean reversion sell (RSI=66.4),2026-01-08 21:45:35.073
1017498,CDW,2026-01-08 21:45:34.730,TSI,Hold,0.00|No TSI crossover,2026-01-08 21:45:35.090
1017499,CENX,2026-01-08 21:45:34.760,ForceIndex,Hold,0.00|No Force Index breakout,2026-01-08 21:45:35.120
1017500,CG,2026-01-08 21:45:34.767,ATR,Hold,0.00|No ATR breakout,2026-01-08 21:45:35.127
1017501,CDW,2026-01-08 21:45:34.783,Vortex,Hold,0.00|No Vortex trend change,2026-01-08 21:45:35.147
1017502,CG,2026-01-08 21:45:34.820,MACD,Hold,0.00|No MACD signal,2026-01-08 21:45:35.177
1017503,CENX,2026-01-08 21:45:34.817,WilliamsR,Hold,0.00|No Williams %R reversal signal,2026-01-08 21:45:35.177
1017504,CDW,2026-01-08 21:45:34.840,Confluence,Hold,0.00|Insufficient confluence (score=0),2026-01-08 21:45:35.203
1017505,CG,2026-01-08 21:45:34.870,ADX,Buy,0.85|ADX strong trend ? (ADX=35.8),2026-01-08 21:45:35.233
1017506,CENX,2026-01-08 21:45:34.870,PSAR,Hold,0.00|SAR no flip,2026-01-08 21:45:35.233
1017507,CDW,2026-01-08 21:45:34.897,Enhanced_Consensus,Sell,Sell: 6@70% Q:60% (BB conflict) | conf=65% | quality=60%,2026-01-08 21:45:35.260
1017508,CG,2026-01-08 21:45:34.927,Volume,Hold,0.00|Volume too low: 0.99x,2026-01-08 21:45:35.287
1017509,CENX,2026-01-08 21:45:34.927,Keltner,Hold,0.00|No Keltner breakout,2026-01-08 21:45:35.290
1017510,CDW,2026-01-08 21:45:34.953,Enhanced_Entry,Sell,"entry=$132.40, qty=7, stop=$10.60, quality=60%",2026-01-08 21:45:35.313
1017511,CG,2026-01-08 21:45:34.980,Donchian,Hold,"0.00|Price within channel ($64.68, U=$65.76, L=$54.18)",2026-01-08 21:45:35.337
1017512,CENX,2026-01-08 21:45:34.983,OBV,Hold,0.00|No OBV divergence,2026-01-08 21:45:35.347
1017513,CG,2026-01-08 21:45:35.030,Ichimoku,Buy,1.00|Bullish Ichimoku (price 5.5% above cloud),2026-01-08 21:45:35.390
1017514,CENX,2026-01-08 21:45:35.040,Aroon,Hold,0.00|No Aroon trend change,2026-01-08 21:45:35.427
1017515,CHTR,2026-01-08 21:45:35.067,SwingFilter,Hold,No clear weekly trend direction,2026-01-08 21:45:35.427
1017516,CG,2026-01-08 21:45:35.083,PriceAction,Hold,0.00|No clear price action trend,2026-01-08 21:45:35.447
1017517,CENX,2026-01-08 21:45:35.120,ROC,Hold,0.00|No ROC momentum burst,2026-01-08 21:45:35.480
1017518,CG,2026-01-08 21:45:35.140,Supertrend,Buy,0.65|Supertrend bullish continuation (6.41% above),2026-01-08 21:45:35.500
1017519,CENX,2026-01-08 21:45:35.177,TSI,Hold,0.00|No TSI crossover,2026-01-08 21:45:35.537
1017520,CG,2026-01-08 21:45:35.200,MeanRevMFI,Hold,0.00|No MFI mean reversion setup,2026-01-08 21:45:35.560
1017521,CENX,2026-01-08 21:45:35.233,Vortex,Hold,0.00|No Vortex trend change,2026-01-08 21:45:35.593
1017522,CG,2026-01-08 21:45:35.257,TripleMomentum,Buy,1.00|Triple momentum bullish (3/3 indicators),2026-01-08 21:45:35.613
1017523,CENX,2026-01-08 21:45:35.287,Confluence,Hold,0.00|Insufficient confluence (score=2),2026-01-08 21:45:35.650
1017524,CENX,2026-01-08 21:45:35.343,Enhanced_Consensus,Hold,REJECT - Insufficient confirmations | conf=0% | quality=57%,2026-01-08 21:45:35.720
1017525,CG,2026-01-08 21:45:35.307,SRBounce,Hold,0.00|Not near key S/R levels,2026-01-08 21:45:35.720
1017526,CG,2026-01-08 21:45:35.417,CMFMomentum,Hold,0.00|No CMF momentum signal,2026-01-08 21:45:35.777
1017527,CG,2026-01-08 21:45:35.473,ForceIndex,Hold,0.00|No Force Index breakout,2026-01-08 21:45:35.833
1017528,CG,2026-01-08 21:45:35.527,WilliamsR,Hold,0.00|No Williams %R reversal signal,2026-01-08 21:45:35.890
1017529,CG,2026-01-08 21:45:35.583,PSAR,Hold,0.00|SAR no flip,2026-01-08 21:45:35.947
1017530,CG,2026-01-08 21:45:35.640,Keltner,Buy,0.55|Keltner breakout ? (vol=0.97x),2026-01-08 21:45:35.997
1017531,CG,2026-01-08 21:45:35.693,OBV,Hold,0.00|No OBV divergence,2026-01-08 21:45:36.053
1017532,CIEN,2026-01-08 21:45:35.720,SwingFilter,Hold,No clear weekly trend direction,2026-01-08 21:45:36.083
1017533,CG,2026-01-08 21:45:35.747,Aroon,Hold,0.00|No Aroon trend change,2026-01-08 21:45:36.110
1017534,CIFR,2026-01-08 21:45:35.770,SwingFilter,Hold,Weekly trend too weak (0.5%),2026-01-08 21:45:36.130
1017535,CG,2026-01-08 21:45:35.803,ROC,Hold,0.00|No ROC momentum burst,2026-01-08 21:45:36.167
1017536,CG,2026-01-08 21:45:35.860,TSI,Hold,0.00|No TSI crossover,2026-01-08 21:45:36.223
1017537,CG,2026-01-08 21:45:35.917,Vortex,Hold,0.00|No Vortex trend change,2026-01-08 21:45:36.280
1017538,CG,2026-01-08 21:45:35.973,Confluence,Hold,0.00|Insufficient confluence (score=3),2026-01-08 21:45:36.333
1017539,CG,2026-01-08 21:45:36.027,Enhanced_Consensus,Hold,REJECT - Insufficient confirmations | conf=0% | quality=56%,2026-01-08 21:45:36.390
1017540,CLM,2026-01-08 21:45:36.180,SwingFilter,Hold,Volatility too low (0.75%) - no swing opportunity,2026-01-08 21:45:36.540
1017541,CLX,2026-01-08 21:45:36.543,SwingFilter,Hold,Weekly trend too weak (0.7%),2026-01-08 21:45:36.907
1017542,CLSK,2026-01-08 21:45:36.543,SwingFilter,Hold,No clear weekly trend direction,2026-01-08 21:45:36.907
1017543,CMCSA,2026-01-08 21:45:36.963,SwingFilter,Hold,Weekly trend too weak (1.4%),2026-01-08 21:45:37.320
1017544,CNC,2026-01-08 05:00:00.000,RelaxedEngine,Hold,REJECT - Primary filters not met,2026-01-08 21:45:37.700
1017545,CNC,2026-01-08 21:45:37.397,TrendMTF,Hold,0.00|No clear trend setup,2026-01-08 21:45:37.757
1017546,CNC,2026-01-08 21:45:37.453,MeanRevSR,Hold,"0.00|No mean reversion setup (RSI=50.0, regime=Quiet Market)",2026-01-08 21:45:37.810
1017547,CNC,2026-01-08 21:45:37.510,BreakoutVol,Hold,0.00|No breakout pattern (ADX=18.8),2026-01-08 21:45:37.867
1017548,CNP,2026-01-08 21:45:37.527,SwingFilter,Hold,Weekly trend too weak (1.2%),2026-01-08 21:45:37.883
1017549,CNC,2026-01-08 21:45:37.567,MomentumDiv,Hold,0.00|Indicators not ready,2026-01-08 21:45:37.923
1017550,CNC,2026-01-08 21:45:37.620,EMA+RSI,Hold,0.00|No EMA crossover,2026-01-08 21:45:37.980
1017551,CNC,2026-01-08 21:45:37.677,Bollinger,Sell,0.72|Bollinger mean reversion sell (RSI=80.6),2026-01-08 21:45:38.037
1017552,CNC,2026-01-08 21:45:37.733,ATR,Hold,0.00|No ATR breakout,2026-01-08 21:45:38.090
1017553,CODI,2026-01-08 21:45:37.747,SwingFilter,Hold,No clear weekly trend direction,2026-01-08 21:45:38.103
1017554,CNC,2026-01-08 21:45:37.790,MACD,Hold,0.00|No MACD signal,2026-01-08 21:45:38.147
1017555,CNC,2026-01-08 21:45:37.843,ADX,Hold,0.00|ADX too weak: 18.8 < 22,2026-01-08 21:45:38.203
1017556,CNC,2026-01-08 21:45:37.900,Volume,Buy,0.69|Volume spike 1.5x with upward momentum,2026-01-08 21:45:38.260
1017557,COGT,2026-01-08 21:45:37.943,SwingFilter,Hold,No clear weekly trend direction,2026-01-08 21:45:38.300
1017558,CNC,2026-01-08 21:45:37.957,Donchian,Hold,"0.00|Price within channel ($46.92, U=$47.34, L=$37.25)",2026-01-08 21:45:38.317
1017559,CNC,2026-01-08 21:45:38.013,Ichimoku,Buy,1.00|Bullish Ichimoku (price 8.5% above cloud),2026-01-08 21:45:38.370
1017560,COHR,2026-01-08 21:45:38.060,SwingFilter,Hold,No clear weekly trend direction,2026-01-08 21:45:38.440
1017561,CNC,2026-01-08 21:45:38.070,PriceAction,Hold,0.00|No clear price action trend,2026-01-08 21:45:38.440
1017562,CNC,2026-01-08 21:45:38.140,Supertrend,Buy,0.65|Supertrend bullish continuation (7.74% above),2026-01-08 21:45:38.497
1017563,CNC,2026-01-08 21:45:38.197,MeanRevMFI,Hold,0.00|No MFI mean reversion setup,2026-01-08 21:45:38.593
1017564,CNC,2026-01-08 21:45:38.293,TripleMomentum,Buy,1.00|Triple momentum bullish (3/3 indicators),2026-01-08 21:45:38.650
1017565,CNC,2026-01-08 21:45:38.350,SRBounce,Hold,0.00|Not near key S/R levels,2026-01-08 21:45:38.703
1017566,CNC,2026-01-08 21:45:38.407,CMFMomentum,Hold,0.00|No CMF momentum signal,2026-01-08 21:45:38.760
1017567,CNC,2026-01-08 21:45:38.460,ForceIndex,Hold,0.00|No Force Index breakout,2026-01-08 21:45:38.817
1017568,CNC,2026-01-08 21:45:38.517,WilliamsR,Hold,0.00|No Williams %R reversal signal,2026-01-08 21:45:38.873
1017569,CNC,2026-01-08 21:45:38.573,PSAR,Hold,0.00|SAR no flip,2026-01-08 21:45:38.930
1017570,CNC,2026-01-08 21:45:38.630,Keltner,Hold,0.00|No Keltner breakout,2026-01-08 21:45:38.983
1017571,CNC,2026-01-08 21:45:38.683,OBV,Hold,0.00|No OBV divergence,2026-01-08 21:45:39.040
1017572,CNC,2026-01-08 21:45:38.740,Aroon,Hold,0.00|No Aroon trend change,2026-01-08 21:45:39.097
1017573,CNC,2026-01-08 21:45:38.797,ROC,Buy,"0.87|ROC momentum burst ? (ROC=20.3%, vol=1.58x)",2026-01-08 21:45:39.153
1017574,CNC,2026-01-08 21:45:38.853,TSI,Hold,0.00|No TSI crossover,2026-01-08 21:45:39.210
1017575,CNC,2026-01-08 21:45:38.910,Vortex,Hold,0.00|No Vortex trend change,2026-01-08 21:45:39.263
1017576,CNC,2026-01-08 21:45:38.963,Confluence,Hold,0.00|Insufficient confluence (score=3),2026-01-08 21:45:39.320
1017577,CNC,2026-01-08 21:45:39.020,Enhanced_Consensus,Hold,REJECT - Primary filters not met | conf=0% | quality=76%,2026-01-08 21:45:39.370
1017578,CPB,2026-01-08 05:00:00.000,RealisticConservative,Sell,Sell: 6@73% Q:62% (BB conflict),2026-01-08 21:45:39.607
1017579,CPB,2026-01-08 21:45:39.313,TrendMTF,Hold,0.00|No clear trend setup,2026-01-08 21:45:39.663
1017580,CPB,2026-01-08 21:45:39.370,MeanRevSR,Hold,"0.00|No mean reversion setup (RSI=50.0, regime=Weak Trend)",2026-01-08 21:45:39.720
1017581,CPB,2026-01-08 21:45:39.423,BreakoutVol,Hold,0.00|No breakout pattern (ADX=28.6),2026-01-08 21:45:39.777
1017582,CPB,2026-01-08 21:45:39.480,MomentumDiv,Hold,0.00|Indicators not ready,2026-01-08 21:45:39.830
1017583,CPB,2026-01-08 21:45:39.537,EMA+RSI,Hold,0.00|No EMA crossover,2026-01-08 21:45:39.887
1017584,CPB,2026-01-08 21:45:39.593,Bollinger,Buy,0.70|Bollinger mean reversion buy (RSI=30.5),2026-01-08 21:45:39.943
1017585,CPB,2026-01-08 21:45:39.650,ATR,Hold,0.00|No ATR breakout,2026-01-08 21:45:40.000
1017586,CPB,2026-01-08 21:45:39.707,MACD,Sell,0.65|MACD momentum building (hist=-0.1226),2026-01-08 21:45:40.057
1017587,CRBG,2026-01-08 21:45:39.710,SwingFilter,Hold,Weekly trend too weak (0.5%),2026-01-08 21:45:40.060
1017588,CPB,2026-01-08 21:45:39.760,ADX,Sell,0.79|ADX strong trend ? (ADX=28.6),2026-01-08 21:45:40.110
1017589,CRF,2026-01-08 21:45:39.790,SwingFilter,Hold,Volatility too low (0.79%) - no swing opportunity,2026-01-08 21:45:40.140
1017590,CPB,2026-01-08 21:45:39.817,Volume,Hold,0.00|Volume too low: 1.07x,2026-01-08 21:45:40.167
1017591,CPB,2026-01-08 21:45:39.873,Donchian,Hold,"0.00|Price within channel ($26.46, U=$30.65, L=$25.62)",2026-01-08 21:45:40.223
1017592,CPB,2026-01-08 21:45:39.927,Ichimoku,Sell,1.00|Bearish Ichimoku (price 4.2% below cloud),2026-01-08 21:45:40.280
1017593,CPB,2026-01-08 21:45:39.987,PriceAction,Hold,0.00|No clear price action trend,2026-01-08 21:45:40.337
1017594,CRGY,2026-01-08 05:00:00.000,RelaxedEngine,Hold,Insufficient votes,2026-01-08 21:45:40.340
1017595,CRGY,2026-01-08 21:45:40.043,TrendMTF,Hold,0.00|No clear trend setup,2026-01-08 21:45:40.393
1017596,CPB,2026-01-08 21:45:40.040,Supertrend,Sell,0.65|Supertrend bearish continuation (4.71% below),2026-01-08 21:45:40.393
1017597,CRGY,2026-01-08 21:45:40.097,MeanRevSR,Hold,"0.00|No mean reversion setup (RSI=50.0, regime=High Volatility)",2026-01-08 21:45:40.450
1017598,CPB,2026-01-08 21:45:40.097,MeanRevMFI,Hold,0.00|No MFI mean reversion setup,2026-01-08 21:45:40.450
1017599,CRGY,2026-01-08 21:45:40.150,BreakoutVol,Hold,0.00|No breakout pattern (ADX=19.1),2026-01-08 21:45:40.507
1017600,CRI,2026-01-08 05:00:00.000,RelaxedEngine,Hold,REJECT - Insufficient confirmations,2026-01-08 21:45:40.507
1017601,CPB,2026-01-08 21:45:40.153,TripleMomentum,Hold,0.00|Insufficient momentum consensus,2026-01-08 21:45:40.510
1017602,CRI,2026-01-08 21:45:40.207,TrendMTF,Hold,0.00|No clear trend setup,2026-01-08 21:45:40.560
1017603,CRGY,2026-01-08 21:45:40.207,MomentumDiv,Hold,0.00|Indicators not ready,2026-01-08 21:45:40.560
1017604,CPB,2026-01-08 21:45:40.213,SRBounce,Hold,0.00|Not near key S/R levels,2026-01-08 21:45:40.567
1017605,CRI,2026-01-08 21:45:40.263,MeanRevSR,Hold,"0.00|No mean reversion setup (RSI=50.0, regime=High Volatility)",2026-01-08 21:45:40.617
1017606,CRGY,2026-01-08 21:45:40.263,EMA+RSI,Hold,0.00|No EMA crossover,2026-01-08 21:45:40.617
1017607,CPB,2026-01-08 21:45:40.270,CMFMomentum,Hold,0.00|No CMF momentum signal,2026-01-08 21:45:40.623
1017608,CRGY,2026-01-08 21:45:40.320,Bollinger,Hold,0.00|Not at band extremes,2026-01-08 21:45:40.670
1017609,CRI,2026-01-08 21:45:40.320,BreakoutVol,Hold,0.00|No breakout pattern (ADX=26.8),2026-01-08 21:45:40.670
1017610,CPB,2026-01-08 21:45:40.323,ForceIndex,Hold,0.00|No Force Index breakout,2026-01-08 21:45:40.680
1017611,CRI,2026-01-08 21:45:40.373,MomentumDiv,Hold,0.00|Indicators not ready,2026-01-08 21:45:40.723
1017612,CRGY,2026-01-08 21:45:40.373,ATR,Hold,0.00|No ATR breakout,2026-01-08 21:45:40.727
1017613,CPB,2026-01-08 21:45:40.380,WilliamsR,Hold,0.00|No Williams %R reversal signal,2026-01-08 21:45:40.733
1017614,CRGY,2026-01-08 21:45:40.427,MACD,Hold,0.00|No MACD signal,2026-01-08 21:45:40.777
1017615,CRI,2026-01-08 21:45:40.427,EMA+RSI,Hold,0.00|No EMA crossover,2026-01-08 21:45:40.777
1017616,CPB,2026-01-08 21:45:40.437,PSAR,Hold,0.00|SAR no flip,2026-01-08 21:45:40.790
1017617,CRGY,2026-01-08 21:45:40.480,ADX,Hold,0.00|ADX too weak: 19.1 < 22,2026-01-08 21:45:40.830
1017618,CRI,2026-01-08 21:45:40.480,Bollinger,Sell,0.71|Bollinger mean reversion sell (RSI=64.7),2026-01-08 21:45:40.830
1017619,CPB,2026-01-08 21:45:40.493,Keltner,Hold,0.00|No Keltner breakout,2026-01-08 21:45:40.847
1017620,CRGY,2026-01-08 21:45:40.530,Volume,Hold,0.00|Inconsistent price action,2026-01-08 21:45:40.887
1017621,CRI,2026-01-08 21:45:40.530,ATR,Hold,0.00|No ATR breakout,2026-01-08 21:45:40.887
1017622,CPB,2026-01-08 21:45:40.550,OBV,Hold,0.00|No OBV divergence,2026-01-08 21:45:40.903
1017623,CRMD,2026-01-08 21:45:40.560,SwingFilter,Hold,Volatility too high (11.18%) - excessive risk,2026-01-08 21:45:40.913
1017624,CRGY,2026-01-08 21:45:40.587,Donchian,Hold,"0.00|Price within channel ($8.25, U=$10.23, L=$7.68)",2026-01-08 21:45:40.940
1017625,CRI,2026-01-08 21:45:40.587,MACD,Hold,0.00|No MACD signal,2026-01-08 21:45:40.940
1017626,CPB,2026-01-08 21:45:40.607,Aroon,Hold,0.00|No Aroon trend change,2026-01-08 21:45:40.963
1017627,CRI,2026-01-08 21:45:40.647,ADX,Buy,0.74|ADX strong trend ? (ADX=26.8),2026-01-08 21:45:40.997
1017628,CRGY,2026-01-08 21:45:40.647,Ichimoku,Sell,0.96|Bearish Ichimoku (price 4.4% below cloud),2026-01-08 21:45:40.997
1017629,CPB,2026-01-08 21:45:40.663,ROC,Hold,0.00|No ROC momentum burst,2026-01-08 21:45:41.020
1017630,CRGY,2026-01-08 21:45:40.700,PriceAction,Hold,0.00|No clear price action trend,2026-01-08 21:45:41.050
1017631,CRI,2026-01-08 21:45:40.700,Volume,Hold,0.00|Volume too low: 1.21x,2026-01-08 21:45:41.050
1017632,CPB,2026-01-08 21:45:40.720,TSI,Hold,0.00|No TSI crossover,2026-01-08 21:45:41.073
1017633,CRI,2026-01-08 21:45:40.750,Donchian,Hold,"0.00|Price within channel ($34.64, U=$36.25, L=$31.01)",2026-01-08 21:45:41.100
1017634,CRGY,2026-01-08 21:45:40.750,Supertrend,Sell,0.65|Supertrend bearish continuation (6.49% below),2026-01-08 21:45:41.100
1017635,CPB,2026-01-08 21:45:40.777,Vortex,Hold,0.00|No Vortex trend change,2026-01-08 21:45:41.130
1017636,CRI,2026-01-08 21:45:40.803,Ichimoku,Hold,0.00|TK lines too close: 0.16%,2026-01-08 21:45:41.157
1017637,CRGY,2026-01-08 21:45:40.803,MeanRevMFI,Hold,0.00|No MFI mean reversion setup,2026-01-08 21:45:41.157
1017638,CRGY,2026-01-08 21:45:40.860,TripleMomentum,Buy,0.90|Triple momentum bullish (2/3 indicators),2026-01-08 21:45:41.220
1017639,CRI,2026-01-08 21:45:40.860,PriceAction,Hold,0.00|No clear price action trend,2026-01-08 21:45:41.220
1017640,CPB,2026-01-08 21:45:40.860,Confluence,Hold,0.00|Insufficient confluence (score=-1),2026-01-08 21:45:41.223
1017641,CRI,2026-01-08 21:45:40.923,Supertrend,Buy,0.65|Supertrend bullish continuation (7.44% above),2026-01-08 21:45:41.273
1017642,CRGY,2026-01-08 21:45:40.923,SRBounce,Hold,0.00|Not near key S/R levels,2026-01-08 21:45:41.273
1017643,CPB,2026-01-08 21:45:40.923,Enhanced_Consensus,Sell,Sell: 6@73% Q:62% (BB conflict) | conf=68% | quality=62%,2026-01-08 21:45:41.280
1017644,CRI,2026-01-08 21:45:40.973,MeanRevMFI,Hold,0.00|No MFI mean reversion setup,2026-01-08 21:45:41.327
1017645,CRGY,2026-01-08 21:45:40.973,CMFMomentum,Hold,0.00|No CMF momentum signal,2026-01-08 21:45:41.327
1017646,CPB,2026-01-08 21:45:40.980,Enhanced_Entry,Sell,"entry=$26.43, qty=42, stop=$2.02, quality=62%",2026-01-08 21:45:41.333
1017647,CRGY,2026-01-08 21:45:41.027,ForceIndex,Hold,0.00|No Force Index breakout,2026-01-08 21:45:41.380
1017648,CRI,2026-01-08 21:45:41.027,TripleMomentum,Buy,0.95|Triple momentum bullish (2/3 indicators),2026-01-08 21:45:41.380
1017649,CRGY,2026-01-08 21:45:41.083,WilliamsR,Hold,0.00|No Williams %R reversal signal,2026-01-08 21:45:41.440
1017650,CRI,2026-01-08 21:45:41.083,SRBounce,Hold,0.00|Not near key S/R levels,2026-01-08 21:45:41.440
1017651,CRGY,2026-01-08 21:45:41.153,PSAR,Hold,0.00|SAR no flip,2026-01-08 21:45:41.510
1017652,CRI,2026-01-08 21:45:41.153,CMFMomentum,Hold,0.00|No CMF momentum signal,2026-01-08 21:45:41.510
1017653,CRGY,2026-01-08 21:45:41.227,Keltner,Hold,0.00|No Keltner breakout,2026-01-08 21:45:41.583
1017654,CRI,2026-01-08 21:45:41.227,ForceIndex,Hold,0.00|No Force Index breakout,2026-01-08 21:45:41.583
1017655,CROX,2026-01-08 21:45:41.233,SwingFilter,Hold,Weekly trend too weak (0.4%),2026-01-08 21:45:41.590
1017656,CRGY,2026-01-08 21:45:41.283,OBV,Hold,0.00|No OBV divergence,2026-01-08 21:45:41.640
1017657,CRI,2026-01-08 21:45:41.283,WilliamsR,Hold,0.00|No Williams %R reversal signal,2026-01-08 21:45:41.640
1017658,CRGY,2026-01-08 21:45:41.340,Aroon,Hold,0.00|No Aroon trend change,2026-01-08 21:45:41.697
1017659,CRI,2026-01-08 21:45:41.340,PSAR,Hold,0.00|SAR no flip,2026-01-08 21:45:41.697
1017660,CRI,2026-01-08 21:45:41.407,Keltner,Hold,0.00|No Keltner breakout,2026-01-08 21:45:41.760
1017661,CRGY,2026-01-08 21:45:41.407,ROC,Hold,0.00|No ROC momentum burst,2026-01-08 21:45:41.760
1017662,CRGY,2026-01-08 21:45:41.473,TSI,Hold,0.00|No TSI crossover,2026-01-08 21:45:41.827
1017663,CRI,2026-01-08 21:45:41.473,OBV,Hold,0.00|No OBV divergence,2026-01-08 21:45:41.827
1017664,CRI,2026-01-08 21:45:41.527,Aroon,Hold,0.00|No Aroon trend change,2026-01-08 21:45:41.880
1017665,CRGY,2026-01-08 21:45:41.527,Vortex,Hold,0.00|No Vortex trend change,2026-01-08 21:45:41.880
1017666,CRI,2026-01-08 21:45:41.580,ROC,Buy,"0.70|ROC momentum burst ? (ROC=8.4%, vol=1.22x)",2026-01-08 21:45:41.937
1017667,CRGY,2026-01-08 21:45:41.580,Confluence,Hold,0.00|Insufficient confluence (score=2),2026-01-08 21:45:41.937
1017668,CRI,2026-01-08 21:45:41.633,TSI,Hold,0.00|No TSI crossover,2026-01-08 21:45:41.987
1017669,CRGY,2026-01-08 21:45:41.633,Enhanced_Consensus,Hold,Insufficient votes | conf=0% | quality=0%,2026-01-08 21:45:41.990
1017670,CRI,2026-01-08 21:45:41.687,Vortex,Hold,0.00|No Vortex trend change,2026-01-08 21:45:42.043
1017671,CSGP,2026-01-08 05:00:00.000,RealisticConservative,Sell,Sell: 7@80% Q:67% (BB conflict),2026-01-08 21:45:42.070
1017672,CRI,2026-01-08 21:45:41.743,Confluence,Hold,0.00|Insufficient confluence (score=3),2026-01-08 21:45:42.097
1017673,CSGP,2026-01-08 21:45:41.783,TrendMTF,Hold,0.00|No clear trend setup,2026-01-08 21:45:42.133
1017674,CRI,2026-01-08 21:45:41.797,Enhanced_Consensus,Hold,REJECT - Insufficient confirmations | conf=0% | quality=72%,2026-01-08 21:45:42.150
1017675,CSGP,2026-01-08 21:45:41.833,MeanRevSR,Hold,"0.00|No mean reversion setup (RSI=50.0, regime=High Volatility)",2026-01-08 21:45:42.190
1017676,CSGP,2026-01-08 21:45:41.893,BreakoutVol,Hold,0.00|No breakout pattern (ADX=39.1),2026-01-08 21:45:42.247
1017677,CSGP,2026-01-08 21:45:41.947,MomentumDiv,Hold,0.00|Indicators not ready,2026-01-08 21:45:42.300
1017678,CSGP,2026-01-08 21:45:42.000,EMA+RSI,Hold,0.00|No EMA crossover,2026-01-08 21:45:42.357
1017679,CTAS,2026-01-08 21:45:42.017,SwingFilter,Hold,Weekly trend too weak (1.1%),2026-01-08 21:45:42.370
1017680,CSGP,2026-01-08 21:45:42.057,Bollinger,Buy,0.72|Bollinger mean reversion buy (RSI=31.7),2026-01-08 21:45:42.407
1017681,CTKB,2026-01-08 05:00:00.000,RelaxedEngine,Hold,Insufficient votes,2026-01-08 21:45:42.410
1017682,CSGP,2026-01-08 21:45:42.107,ATR,Hold,0.00|No ATR breakout,2026-01-08 21:45:42.457
1017683,CTKB,2026-01-08 21:45:42.107,TrendMTF,Hold,0.00|No clear trend setup,2026-01-08 21:45:42.460
1017684,CSGP,2026-01-08 21:45:42.163,MACD,Sell,0.65|MACD momentum building (hist=-0.3145),2026-01-08 21:45:42.513
1017685,CTKB,2026-01-08 21:45:42.167,MeanRevSR,Hold,"0.00|No mean reversion setup (RSI=50.0, regime=High Volatility)",2026-01-08 21:45:42.513
1017686,CTLP,2026-01-08 21:45:42.213,SwingFilter,Hold,Volatility too low (0.70%) - no swing opportunity,2026-01-08 21:45:42.560
1017687,CSGP,2026-01-08 21:45:42.220,ADX,Sell,0.85|ADX strong trend ? (ADX=39.1),2026-01-08 21:45:42.570
1017688,CTKB,2026-01-08 21:45:42.220,BreakoutVol,Hold,0.00|No breakout pattern (ADX=19.2),2026-01-08 21:45:42.570
1017689,CSGP,2026-01-08 21:45:42.273,Volume,Sell,0.85|Volume spike 1.9x with downward momentum,2026-01-08 21:45:42.620
1017690,CTKB,2026-01-08 21:45:42.277,MomentumDiv,Hold,0.00|Indicators not ready,2026-01-08 21:45:42.627
1017691,CSGP,2026-01-08 21:45:42.327,Donchian,Hold,"0.00|Price within channel ($61.36, U=$69.12, L=$60.19)",2026-01-08 21:45:42.673
1017692,CTKB,2026-01-08 21:45:42.333,EMA+RSI,Hold,0.00|No EMA crossover,2026-01-08 21:45:42.683
1017693,CSGP,2026-01-08 21:45:42.380,Ichimoku,Hold,0.00|TK lines too close: 0.11%,2026-01-08 21:45:42.730
1017694,CTKB,2026-01-08 21:45:42.387,Bollinger,Sell,0.69|Bollinger mean reversion sell (RSI=61.3),2026-01-08 21:45:42.740
1017695,CSGP,2026-01-08 21:45:42.437,PriceAction,Hold,0.00|No clear price action trend,2026-01-08 21:45:42.787
1017696,CTRA,2026-01-08 21:45:42.443,SwingFilter,Hold,Weekly trend too weak (1.5%),2026-01-08 21:45:42.790
1017697,CSGP,2026-01-08 21:45:42.493,Supertrend,Sell,0.64|Supertrend bearish continuation (8.89% below),2026-01-08 21:45:42.860
1017698,CTKB,2026-01-08 21:45:42.443,ATR,Hold,0.00|No ATR breakout,2026-01-08 21:45:42.863
1017699,CSGP,2026-01-08 21:45:42.567,MeanRevMFI,Hold,0.00|No MFI mean reversion setup,2026-01-08 21:45:42.920
1017700,CTKB,2026-01-08 21:45:42.567,MACD,Buy,0.65|MACD momentum building (hist=0.0486),2026-01-08 21:45:42.923
1017701,CTRE,2026-01-08 21:45:42.597,SwingFilter,Hold,Weekly trend too weak (1.3%),2026-01-08 21:45:42.940
1017702,CSGP,2026-01-08 21:45:42.627,TripleMomentum,Sell,0.95|Triple momentum bearish (2/3 indicators),2026-01-08 21:45:42.977
1017703,CTKB,2026-01-08 21:45:42.627,ADX,Hold,0.00|ADX too weak: 19.2 < 22,2026-01-08 21:45:42.980
1017704,CSGP,2026-01-08 21:45:42.703,SRBounce,Hold,0.00|Not near key S/R levels,2026-01-08 21:45:43.057
1017705,CTKB,2026-01-08 21:45:42.707,Volume,Hold,0.00|Volume too low: 0.48x,2026-01-08 21:45:43.060
1017706,CSGP,2026-01-08 21:45:42.763,CMFMomentum,Sell,"0.86|CMF distribution (CMF=-0.084, RSI=32)",2026-01-08 21:45:43.110
1017707,CTKB,2026-01-08 21:45:42.763,Donchian,Hold,"0.00|Price within channel ($5.43, U=$5.61, L=$4.56)",2026-01-08 21:45:43.113
1017708,CSGP,2026-01-08 21:45:42.817,ForceIndex,Hold,0.00|No Force Index breakout,2026-01-08 21:45:43.167
1017709,CTKB,2026-01-08 21:45:42.820,Ichimoku,Buy,1.00|Bullish Ichimoku (price 4.8% above cloud),2026-01-08 21:45:43.170
1017710,CSGP,2026-01-08 21:45:42.873,WilliamsR,Hold,0.00|No Williams %R reversal signal,2026-01-08 21:45:43.220
1017711,CTKB,2026-01-08 21:45:42.877,PriceAction,Hold,0.00|No clear price action trend,2026-01-08 21:45:43.227
1017712,CSGP,2026-01-08 21:45:42.927,PSAR,Hold,0.00|SAR no flip,2026-01-08 21:45:43.273
1017713,CTKB,2026-01-08 21:45:42.933,Supertrend,Buy,0.64|Supertrend bullish continuation (9.42% above),2026-01-08 21:45:43.283
1017714,CSGP,2026-01-08 21:45:42.980,Keltner,Hold,0.00|No Keltner breakout,2026-01-08 21:45:43.353
1017715,CTKB,2026-01-08 21:45:43.017,MeanRevMFI,Sell,"0.72|MFI overbought reversal (MFI=80.9, band=92%)",2026-01-08 21:45:43.367
1017716,CUBE,2026-01-08 21:45:43.023,SwingFilter,Hold,Weekly trend too weak (1.0%),2026-01-08 21:45:43.370
1017717,CSGP,2026-01-08 21:45:43.060,OBV,Hold,0.00|No OBV divergence,2026-01-08 21:45:43.410
1017718,CTKB,2026-01-08 21:45:43.073,TripleMomentum,Hold,0.00|Insufficient momentum consensus,2026-01-08 21:45:43.423
1017719,CSGP,2026-01-08 21:45:43.113,Aroon,Hold,0.00|No Aroon trend change,2026-01-08 21:45:43.460
1017720,CTKB,2026-01-08 21:45:43.130,SRBounce,Hold,0.00|Not near key S/R levels,2026-01-08 21:45:43.477
1017721,CSGP,2026-01-08 21:45:43.167,ROC,Hold,0.00|No ROC momentum burst,2026-01-08 21:45:43.517
1017722,CTKB,2026-01-08 21:45:43.187,CMFMomentum,Hold,0.00|No CMF momentum signal,2026-01-08 21:45:43.533
1017723,CSGP,2026-01-08 21:45:43.223,TSI,Hold,0.00|No TSI crossover,2026-01-08 21:45:43.573
1017724,CTKB,2026-01-08 21:45:43.240,ForceIndex,Hold,0.00|No Force Index breakout,2026-01-08 21:45:43.590
1017725,CSGP,2026-01-08 21:45:43.280,Vortex,Sell,"0.80|Vortex downtrend (VI+=0.87, VI-=1.08)",2026-01-08 21:45:43.623
1017726,CTKB,2026-01-08 21:45:43.317,WilliamsR,Hold,0.00|No Williams %R reversal signal,2026-01-08 21:45:43.667
1017727,CSGP,2026-01-08 21:45:43.333,Confluence,Hold,0.00|Insufficient confluence (score=0),2026-01-08 21:45:43.680
1017728,CTKB,2026-01-08 21:45:43.373,PSAR,Hold,0.00|SAR no flip,2026-01-08 21:45:43.727
1017729,CSGP,2026-01-08 21:45:43.387,Enhanced_Consensus,Sell,Sell: 7@80% Q:67% (BB conflict) | conf=75% | quality=67%,2026-01-08 21:45:43.737
1017730,CVI,2026-01-08 05:00:00.000,RelaxedEngine,Hold,Failed validation,2026-01-08 21:45:43.737
1017731,CTKB,2026-01-08 21:45:43.433,Keltner,Hold,0.00|No Keltner breakout,2026-01-08 21:45:43.780
1017732,CSGP,2026-01-08 21:45:43.443,Enhanced_Entry,Sell,"entry=$61.30, qty=19, stop=$4.91, quality=67%",2026-01-08 21:45:43.793
1017733,CVI,2026-01-08 21:45:43.443,TrendMTF,Hold,0.00|No clear trend setup,2026-01-08 21:45:43.793
1017734,CTKB,2026-01-08 21:45:43.490,OBV,Hold,0.00|No OBV divergence,2026-01-08 21:45:43.837
1017735,CVI,2026-01-08 21:45:43.500,MeanRevSR,Hold,0.00|Strong trend - avoid mean reversion,2026-01-08 21:45:43.850
1017736,CTKB,2026-01-08 21:45:43.543,Aroon,Hold,0.00|No Aroon trend change,2026-01-08 21:45:43.893
1017737,CVI,2026-01-08 21:45:43.560,BreakoutVol,Hold,0.00|No breakout pattern (ADX=52.8),2026-01-08 21:45:43.903
1017738,CTKB,2026-01-08 21:45:43.630,ROC,Hold,0.00|No ROC momentum burst,2026-01-08 21:45:43.977
1017739,CVI,2026-01-08 21:45:43.630,MomentumDiv,Hold,0.00|Indicators not ready,2026-01-08 21:45:43.977
1017740,CTKB,2026-01-08 21:45:43.683,TSI,Hold,0.00|No TSI crossover,2026-01-08 21:45:44.033
1017741,CVI,2026-01-08 21:45:43.687,EMA+RSI,Hold,0.00|No EMA crossover,2026-01-08 21:45:44.033
1017742,CTKB,2026-01-08 21:45:43.740,Vortex,Hold,0.00|No Vortex trend change,2026-01-08 21:45:44.090
1017743,CVI,2026-01-08 21:45:43.740,Bollinger,Buy,0.68|Bollinger mean reversion buy (RSI=21.7),2026-01-08 21:45:44.090
1017744,CTKB,2026-01-08 21:45:43.800,Confluence,Hold,0.00|Insufficient confluence (score=2),2026-01-08 21:45:44.150
1017745,CVI,2026-01-08 21:45:43.800,ATR,Hold,0.00|Volatility outside swing range: 5.06%,2026-01-08 21:45:44.150
1017746,CTKB,2026-01-08 21:45:43.853,Enhanced_Consensus,Hold,Insufficient votes | conf=0% | quality=0%,2026-01-08 21:45:44.200
1017747,CVI,2026-01-08 21:45:43.857,MACD,Hold,0.00|No MACD signal,2026-01-08 21:45:44.207
1017748,CVI,2026-01-08 21:45:43.937,ADX,Sell,0.85|ADX strong trend ? (ADX=52.8),2026-01-08 21:45:44.287
1017749,CVI,2026-01-08 21:45:43.993,Volume,Sell,0.78|Volume spike 1.7x with downward momentum,2026-01-08 21:45:44.340
1017750,CVI,2026-01-08 21:45:44.050,Donchian,Hold,"0.00|Price within channel ($23.65, U=$34.89, L=$22.66)",2026-01-08 21:45:44.397
1017751,CVI,2026-01-08 21:45:44.103,Ichimoku,Sell,1.00|Bearish Ichimoku (price 13.1% below cloud),2026-01-08 21:45:44.453
1017752,CVI,2026-01-08 21:45:44.160,PriceAction,Buy,0.80|Strong uptrend: Higher highs & higher lows confirmed,2026-01-08 21:45:44.510
1017753,CVI,2026-01-08 21:45:44.243,Supertrend,Sell,0.62|Supertrend bearish continuation (11.30% below),2026-01-08 21:45:44.593
1017754,CVI,2026-01-08 21:45:44.303,MeanRevMFI,Hold,0.00|No MFI mean reversion setup,2026-01-08 21:45:44.650
1017755,CVI,2026-01-08 21:45:44.360,TripleMomentum,Hold,0.00|Insufficient momentum consensus,2026-01-08 21:45:44.707
1017756,CVI,2026-01-08 21:45:44.413,SRBounce,Hold,0.00|Not near key S/R levels,2026-01-08 21:45:44.760
1017757,CVI,2026-01-08 21:45:44.470,CMFMomentum,Hold,0.00|No CMF momentum signal,2026-01-08 21:45:44.817
1017758,CVI,2026-01-08 21:45:44.550,ForceIndex,Hold,0.00|No Force Index breakout,2026-01-08 21:45:44.897
1017759,CVI,2026-01-08 21:45:44.603,WilliamsR,Hold,0.00|No Williams %R reversal signal,2026-01-08 21:45:44.997
1017760,CVI,2026-01-08 21:45:44.703,PSAR,Hold,0.00|SAR no flip,2026-01-08 21:45:45.053
1017761,CVI,2026-01-08 21:45:44.760,Keltner,Hold,0.00|No Keltner breakout,2026-01-08 21:45:45.110
1017762,CXM,2026-01-08 21:45:44.813,SwingFilter,Hold,Weekly trend too weak (0.2%),2026-01-08 21:45:45.160
1017763,CVI,2026-01-08 21:45:44.817,OBV,Hold,0.00|No OBV divergence,2026-01-08 21:45:45.167
1017764,CVI,2026-01-08 21:45:44.873,Aroon,Hold,0.00|No Aroon trend change,2026-01-08 21:45:45.260
1017765,CVI,2026-01-08 21:45:44.970,ROC,Hold,0.00|No ROC momentum burst,2026-01-08 21:45:45.317
1017766,CVI,2026-01-08 21:45:45.027,TSI,Hold,0.00|No TSI crossover,2026-01-08 21:45:45.373
1017767,CVI,2026-01-08 21:45:45.080,Vortex,Hold,0.00|No Vortex trend change,2026-01-08 21:45:45.430
1017768,CVI,2026-01-08 21:45:45.163,Confluence,Hold,0.00|Insufficient confluence (score=1),2026-01-08 21:45:45.527
1017769,CVI,2026-01-08 21:45:45.220,Enhanced_Consensus,Hold,Failed validation | conf=0% | quality=70%,2026-01-08 21:45:45.583
1017770,CYTK,2026-01-08 21:45:45.343,SwingFilter,Hold,Weekly trend too weak (1.1%),2026-01-08 21:45:45.703
1017771,DAN,2026-01-08 05:00:00.000,RelaxedEngine,Hold,Failed validation,2026-01-08 21:45:46.560
1017772,DAN,2026-01-08 21:45:46.257,TrendMTF,Hold,0.00|No clear trend setup,2026-01-08 21:45:46.617
1017773,DAN,2026-01-08 21:45:46.313,MeanRevSR,Hold,"0.00|No mean reversion setup (RSI=50.0, regime=Weak Trend)",2026-01-08 21:45:46.673
1017774,DAN,2026-01-08 21:45:46.390,BreakoutVol,Hold,0.00|No breakout pattern (ADX=31.9),2026-01-08 21:45:46.750
1017775,DAN,2026-01-08 21:45:46.447,MomentumDiv,Hold,0.00|Indicators not ready,2026-01-08 21:45:46.807
1017776,DAN,2026-01-08 21:45:46.510,EMA+RSI,Hold,0.00|No EMA crossover,2026-01-08 21:45:46.870
1017777,DAN,2026-01-08 21:45:46.563,Bollinger,Sell,0.71|Bollinger mean reversion sell (RSI=78.7),2026-01-08 21:45:46.927
1017778,DAN,2026-01-08 21:45:46.620,ATR,Buy,0.80|ATR breakout ? (vol=2.7%),2026-01-08 21:45:46.980
1017779,DAN,2026-01-08 21:45:46.700,MACD,Buy,0.65|MACD momentum building (hist=0.2252),2026-01-08 21:45:47.060
1017780,DAN,2026-01-08 21:45:46.757,ADX,Buy,0.85|ADX strong trend ? (ADX=31.9),2026-01-08 21:45:47.117
1017781,DAN,2026-01-08 21:45:46.813,Volume,Hold,0.00|Volume too low: 1.12x,2026-01-08 21:45:47.173
1017782,DAN,2026-01-08 21:45:46.867,Donchian,Hold,"0.00|Price within channel ($26.68, U=$26.88, L=$21.00)",2026-01-08 21:45:47.230
1017783,DAN,2026-01-08 21:45:46.923,Ichimoku,Buy,1.00|Bullish Ichimoku (price 7.9% above cloud),2026-01-08 21:45:47.287
1017784,DAN,2026-01-08 21:45:47.023,PriceAction,Buy,0.80|Strong uptrend: Higher highs & higher lows confirmed,2026-01-08 21:45:47.390
1017785,DASH,2026-01-08 21:45:47.083,SwingFilter,Hold,Weekly trend too weak (1.2%),2026-01-08 21:45:47.443
1017786,DAN,2026-01-08 21:45:47.083,Supertrend,Buy,0.65|Supertrend bullish continuation (8.51% above),2026-01-08 21:45:47.447
1017787,DAN,2026-01-08 21:45:47.140,MeanRevMFI,Hold,0.00|No MFI mean reversion setup,2026-01-08 21:45:47.500
1017788,DAN,2026-01-08 21:45:47.197,TripleMomentum,Buy,1.00|Triple momentum bullish (3/3 indicators),2026-01-08 21:45:47.557
1017789,DAN,2026-01-08 21:45:47.253,SRBounce,Hold,0.00|Not near key S/R levels,2026-01-08 21:45:47.610
1017790,DAN,2026-01-08 21:45:47.317,CMFMomentum,Buy,"0.75|CMF accumulation (CMF=0.292, RSI=79)",2026-01-08 21:45:47.673
1017791,DAN,2026-01-08 21:45:47.373,ForceIndex,Hold,0.00|No Force Index breakout,2026-01-08 21:45:47.730
1017792,DAN,2026-01-08 21:45:47.430,WilliamsR,Hold,0.00|No Williams %R reversal signal,2026-01-08 21:45:47.787
1017793,DAN,2026-01-08 21:45:47.487,PSAR,Hold,0.00|SAR no flip,2026-01-08 21:45:47.840
1017794,DAN,2026-01-08 21:45:47.540,Keltner,Hold,0.00|No Keltner breakout,2026-01-08 21:45:47.897
1017795,DAN,2026-01-08 21:45:47.617,OBV,Hold,0.00|No OBV divergence,2026-01-08 21:45:47.973
1017796,DAN,2026-01-08 21:45:47.673,Aroon,Hold,0.00|No Aroon trend change,2026-01-08 21:45:48.090
1017797,DAN,2026-01-08 21:45:47.790,ROC,Buy,"0.70|ROC momentum burst ? (ROC=12.4%, vol=1.10x)",2026-01-08 21:45:48.147
1017798,DAN,2026-01-08 21:45:47.843,TSI,Hold,0.00|No TSI crossover,2026-01-08 21:45:48.200
1017799,DAY,2026-01-08 21:45:47.877,SwingFilter,Hold,Volatility too low (0.24%) - no swing opportunity,2026-01-08 21:45:48.230
1017800,DAN,2026-01-08 21:45:47.917,Vortex,Hold,0.00|No Vortex trend change,2026-01-08 21:45:48.273
1017801,DAN,2026-01-08 21:45:47.973,Confluence,Hold,0.00|Insufficient confluence (score=3),2026-01-08 21:45:48.330
1017802,DAN,2026-01-08 21:45:48.030,Enhanced_Consensus,Hold,Failed validation | conf=0% | quality=65%,2026-01-08 21:45:48.387
1017803,DC,2026-01-08 05:00:00.000,RelaxedEngine,Hold,Insufficient votes,2026-01-08 21:45:48.733
1017804,DC,2026-01-08 21:45:48.437,TrendMTF,Hold,0.00|No clear trend setup,2026-01-08 21:45:48.790
1017805,DC,2026-01-08 21:45:48.493,MeanRevSR,Hold,"0.00|No mean reversion setup (RSI=50.0, regime=Weak Trend)",2026-01-08 21:45:48.843
1017806,DC,2026-01-08 21:45:48.550,BreakoutVol,Hold,0.00|No breakout pattern (ADX=29.8),2026-01-08 21:45:48.900
1017807,DC,2026-01-08 21:45:48.603,MomentumDiv,Hold,0.00|Indicators not ready,2026-01-08 21:45:48.957
1017808,DC,2026-01-08 21:45:48.660,EMA+RSI,Hold,0.00|No EMA crossover,2026-01-08 21:45:49.013
1017809,DC,2026-01-08 21:45:48.717,Bollinger,Hold,0.00|Not at band extremes,2026-01-08 21:45:49.070
1017810,DC,2026-01-08 21:45:48.773,ATR,Hold,0.00|No ATR breakout,2026-01-08 21:45:49.123
1017811,DC,2026-01-08 21:45:48.830,MACD,Hold,0.00|No MACD signal,2026-01-08 21:45:49.180
1017812,DC,2026-01-08 21:45:48.887,ADX,Buy,0.77|ADX strong trend ? (ADX=29.8),2026-01-08 21:45:49.237
1017813,DC,2026-01-08 21:45:48.940,Volume,Hold,0.00|Volume too low: 0.88x,2026-01-08 21:45:49.293
1017814,DC,2026-01-08 21:45:48.997,Donchian,Hold,"0.00|Price within channel ($5.82, U=$6.25, L=$4.59)",2026-01-08 21:45:49.350
1017815,DC,2026-01-08 21:45:49.053,Ichimoku,Buy,0.99|Bullish Ichimoku (price 4.0% above cloud),2026-01-08 21:45:49.403
1017816,DC,2026-01-08 21:45:49.107,PriceAction,Hold,0.00|No clear price action trend,2026-01-08 21:45:49.460
1017817,DC,2026-01-08 21:45:49.163,Supertrend,Sell,0.65|Supertrend bearish continuation (6.53% below),2026-01-08 21:45:49.517
1017818,DC,2026-01-08 21:45:49.220,MeanRevMFI,Hold,0.00|No MFI mean reversion setup,2026-01-08 21:45:49.573
1017819,DC,2026-01-08 21:45:49.277,TripleMomentum,Hold,0.00|Insufficient momentum consensus,2026-01-08 21:45:49.630
1017820,DC,2026-01-08 21:45:49.333,SRBounce,Hold,0.00|Not near key S/R levels,2026-01-08 21:45:49.697
1017821,DC,2026-01-08 21:45:49.390,CMFMomentum,Hold,0.00|No CMF momentum signal,2026-01-08 21:45:49.750
1017822,DC,2026-01-08 21:45:49.443,ForceIndex,Hold,0.00|No Force Index breakout,2026-01-08 21:45:49.807
1017823,DC,2026-01-08 21:45:49.500,WilliamsR,Hold,0.00|No Williams %R reversal signal,2026-01-08 21:45:49.863
1017824,DD,2026-01-08 21:45:49.503,SwingFilter,Hold,No clear weekly trend direction,2026-01-08 21:45:49.867
1017825,DC,2026-01-08 21:45:49.557,PSAR,Hold,0.00|SAR no flip,2026-01-08 21:45:49.920
1017826,DC,2026-01-08 21:45:49.613,Keltner,Hold,0.00|No Keltner breakout,2026-01-08 21:45:49.977
1017827,DC,2026-01-08 21:45:49.670,OBV,Hold,0.00|No OBV divergence,2026-01-08 21:45:50.037
1017828,DC,2026-01-08 21:45:49.730,Aroon,Hold,0.00|No Aroon trend change,2026-01-08 21:45:50.090
1017829,DC,2026-01-08 21:45:49.787,ROC,Hold,0.00|No ROC momentum burst,2026-01-08 21:45:50.147
1017830,DC,2026-01-08 21:45:49.840,TSI,Hold,0.00|No TSI crossover,2026-01-08 21:45:50.203
1017831,DC,2026-01-08 21:45:49.897,Vortex,Hold,0.00|No Vortex trend change,2026-01-08 21:45:50.260
1017832,DC,2026-01-08 21:45:49.953,Confluence,Hold,0.00|Insufficient confluence (score=2),2026-01-08 21:45:50.317
1017833,DC,2026-01-08 21:45:50.010,Enhanced_Consensus,Hold,Insufficient votes | conf=0% | quality=0%,2026-01-08 21:45:50.377
1017834,DENN,2026-01-08 21:45:50.340,SwingFilter,Hold,Volatility too low (0.55%) - no swing opportunity,2026-01-08 21:45:50.697
1017835,DELL,2026-01-08 05:00:00.000,RealisticConservative,Sell,Sell: 7@80% Q:66% (BB conflict),2026-01-08 21:45:51.140
1017836,DELL,2026-01-08 21:45:50.837,TrendMTF,Hold,0.00|No clear trend setup,2026-01-08 21:45:51.200
1017837,DELL,2026-01-08 21:45:50.893,MeanRevSR,Hold,"0.00|No mean reversion setup (RSI=50.0, regime=High Volatility)",2026-01-08 21:45:51.253
1017838,DELL,2026-01-08 21:45:50.950,BreakoutVol,Hold,0.00|No breakout pattern (ADX=19.3),2026-01-08 21:45:51.310
1017839,DELL,2026-01-08 21:45:51.003,MomentumDiv,Hold,0.00|Indicators not ready,2026-01-08 21:45:51.367
1017840,DELL,2026-01-08 21:45:51.060,EMA+RSI,Hold,0.00|No EMA crossover,2026-01-08 21:45:51.420
1017841,DELL,2026-01-08 21:45:51.117,Bollinger,Buy,0.69|Bollinger mean reversion buy (RSI=33.7),2026-01-08 21:45:51.477
1017842,DELL,2026-01-08 21:45:51.173,ATR,Hold,0.00|No ATR breakout,2026-01-08 21:45:51.533
1017843,DELL,2026-01-08 21:45:51.227,MACD,Sell,0.65|MACD momentum building (hist=-0.6320),2026-01-08 21:45:51.590
1017844,DELL,2026-01-08 21:45:51.283,ADX,Hold,0.00|ADX too weak: 19.3 < 22,2026-01-08 21:45:51.647
1017845,DELL,2026-01-08 21:45:51.340,Volume,Sell,0.85|Volume spike 1.8x with downward momentum,2026-01-08 21:45:51.700
1017846,DELL,2026-01-08 21:45:51.397,Donchian,Hold,"0.00|Price within channel ($118.50, U=$142.34, L=$114.79)",2026-01-08 21:45:51.757
1017847,DELL,2026-01-08 21:45:51.453,Ichimoku,Sell,1.00|Bearish Ichimoku (price 6.1% below cloud),2026-01-08 21:45:51.810
1017848,DELL,2026-01-08 21:45:51.510,PriceAction,Hold,0.00|No clear price action trend,2026-01-08 21:45:51.867
1017849,DELL,2026-01-08 21:45:51.563,Supertrend,Sell,0.64|Supertrend bearish continuation (8.83% below),2026-01-08 21:45:51.923
1017850,DELL,2026-01-08 21:45:51.620,MeanRevMFI,Hold,0.00|No MFI mean reversion setup,2026-01-08 21:45:51.980
1017851,DELL,2026-01-08 21:45:51.677,TripleMomentum,Sell,1.00|Triple momentum bearish (3/3 indicators),2026-01-08 21:45:52.037
1017852,DELL,2026-01-08 21:45:51.733,SRBounce,Hold,0.00|Not near key S/R levels,2026-01-08 21:45:52.090
1017853,DELL,2026-01-08 21:45:51.790,CMFMomentum,Hold,0.00|No CMF momentum signal,2026-01-08 21:45:52.147
1017854,DELL,2026-01-08 21:45:51.843,ForceIndex,Hold,0.00|No Force Index breakout,2026-01-08 21:45:52.203
1017855,DELL,2026-01-08 21:45:51.900,WilliamsR,Hold,0.00|No Williams %R reversal signal,2026-01-08 21:45:52.260
1017856,DELL,2026-01-08 21:45:51.957,PSAR,Hold,0.00|SAR no flip,2026-01-08 21:45:52.317
1017857,DELL,2026-01-08 21:45:52.020,Keltner,Hold,0.00|No Keltner breakout,2026-01-08 21:45:52.380
1017858,DG,2026-01-08 05:00:00.000,RealisticConservative,Buy,"? BUY: 7 votes, Composite=66%, Confirms=3 (BB conflict)",2026-01-08 21:45:52.383
1017859,DELL,2026-01-08 21:45:52.077,OBV,Hold,0.00|No OBV divergence,2026-01-08 21:45:52.437
1017860,DG,2026-01-08 21:45:52.080,TrendMTF,Hold,0.00|No clear trend setup,2026-01-08 21:45:52.440
1017861,DG,2026-01-08 21:45:52.133,MeanRevSR,Hold,0.00|Strong trend - avoid mean reversion,2026-01-08 21:45:52.490
1017862,DELL,2026-01-08 21:45:52.133,Aroon,Hold,0.00|No Aroon trend change,2026-01-08 21:45:52.490
1017863,DG,2026-01-08 21:45:52.187,BreakoutVol,Hold,0.00|No breakout pattern (ADX=49.7),2026-01-08 21:45:52.547
1017864,DELL,2026-01-08 21:45:52.190,ROC,Sell,"0.90|ROC momentum burst ? (ROC=-6.3%, vol=2.09x)",2026-01-08 21:45:52.547
1017865,DG,2026-01-08 21:45:52.247,MomentumDiv,Hold,0.00|Indicators not ready,2026-01-08 21:45:52.630
1017866,DELL,2026-01-08 21:45:52.247,TSI,Hold,0.00|No TSI crossover,2026-01-08 21:45:52.630
1017867,DG,2026-01-08 21:45:52.327,EMA+RSI,Hold,0.00|No EMA crossover,2026-01-08 21:45:52.687
1017868,DELL,2026-01-08 21:45:52.330,Vortex,Hold,0.00|No Vortex trend change,2026-01-08 21:45:52.687
1017869,DG,2026-01-08 21:45:52.383,Bollinger,Sell,0.68|Bollinger mean reversion sell (RSI=71.4),2026-01-08 21:45:52.737
1017870,DELL,2026-01-08 21:45:52.383,Confluence,Hold,0.00|Insufficient confluence (score=1),2026-01-08 21:45:52.737
1017871,DG,2026-01-08 21:45:52.440,ATR,Hold,0.00|No ATR breakout,2026-01-08 21:45:52.793
1017872,DELL,2026-01-08 21:45:52.440,Enhanced_Consensus,Sell,Sell: 7@80% Q:66% (BB conflict) | conf=75% | quality=66%,2026-01-08 21:45:52.793
1017873,DG,2026-01-08 21:45:52.497,MACD,Buy,0.65|MACD momentum building (hist=-0.1717),2026-01-08 21:45:52.843
1017874,DELL,2026-01-08 21:45:52.497,Enhanced_Entry,Sell,"entry=$118.38, qty=9, stop=$9.48, quality=66%",2026-01-08 21:45:52.850
1017875,DG,2026-01-08 21:45:52.547,ADX,Buy,0.85|ADX strong trend ? (ADX=49.7),2026-01-08 21:45:52.900
1017876,DG,2026-01-08 21:45:52.603,Volume,Hold,0.00|Volume too low: 0.81x,2026-01-08 21:45:52.957
1017877,DG,2026-01-08 21:45:52.660,Donchian,Hold,"0.00|Price within channel ($144.00, U=$146.19, L=$109.89)",2026-01-08 21:45:53.013
1017878,DG,2026-01-08 21:45:52.717,Ichimoku,Buy,1.00|Bullish Ichimoku (price 7.4% above cloud),2026-01-08 21:45:53.070
1017879,DG,2026-01-08 21:45:52.773,PriceAction,Hold,0.00|No clear price action trend,2026-01-08 21:45:53.123
1017880,DG,2026-01-08 21:45:52.827,Supertrend,Buy,0.65|Supertrend bullish continuation (6.59% above),2026-01-08 21:45:53.180
1017881,DG,2026-01-08 21:45:52.883,MeanRevMFI,Hold,0.00|No MFI mean reversion setup,2026-01-08 21:45:53.237
1017882,DG,2026-01-08 21:45:52.940,TripleMomentum,Hold,0.00|Insufficient momentum consensus,2026-01-08 21:45:53.293
1017883,DG,2026-01-08 21:45:52.997,SRBounce,Hold,0.00|Not near key S/R levels,2026-01-08 21:45:53.350
1017884,DG,2026-01-08 21:45:53.053,CMFMomentum,Buy,"0.75|CMF accumulation (CMF=0.255, RSI=71)",2026-01-08 21:45:53.403
1017885,DG,2026-01-08 21:45:53.110,ForceIndex,Hold,0.00|No Force Index breakout,2026-01-08 21:45:53.460
1017886,DG,2026-01-08 21:45:53.163,WilliamsR,Hold,0.00|No Williams %R reversal signal,2026-01-08 21:45:53.517
1017887,DG,2026-01-08 21:45:53.220,PSAR,Hold,0.00|SAR no flip,2026-01-08 21:45:53.573
1017888,DG,2026-01-08 21:45:53.277,Keltner,Hold,0.00|No Keltner breakout,2026-01-08 21:45:53.627
1017889,DG,2026-01-08 21:45:53.330,OBV,Hold,0.00|No OBV divergence,2026-01-08 21:45:53.680
1017890,DG,2026-01-08 21:45:53.387,Aroon,Hold,0.00|No Aroon trend change,2026-01-08 21:45:53.737
1017891,DG,2026-01-08 21:45:53.440,ROC,Hold,0.00|No ROC momentum burst,2026-01-08 21:45:53.790
1017892,DG,2026-01-08 21:45:53.490,TSI,Hold,0.00|No TSI crossover,2026-01-08 21:45:53.840
1017893,DG,2026-01-08 21:45:53.543,Vortex,Hold,0.00|No Vortex trend change,2026-01-08 21:45:53.893
1017894,DG,2026-01-08 21:45:53.597,Confluence,Hold,0.00|Insufficient confluence (score=2),2026-01-08 21:45:53.980
1017895,DG,2026-01-08 21:45:53.683,Enhanced_Consensus,Buy,"? BUY: 7 votes, Composite=66%, Confirms=3 (BB conflict) | conf=69% | quality=58%",2026-01-08 21:45:54.033
1017896,DG,2026-01-08 21:45:53.737,Enhanced_Entry,Buy,"entry=$144.14, qty=7, stop=$10.28, quality=58%",2026-01-08 21:45:54.190
1017897,DNLI,2026-01-08 21:45:54.393,SwingFilter,Hold,Weekly trend too weak (0.1%),2026-01-08 21:45:54.740
1017898,DOCN,2026-01-08 05:00:00.000,RelaxedEngine,Hold,Insufficient votes,2026-01-08 21:45:55.960
1017899,DOC,2026-01-08 21:45:55.647,SwingFilter,Hold,Weekly trend too weak (0.9%),2026-01-08 21:45:56.003
1017900,DOCN,2026-01-08 21:45:55.657,TrendMTF,Hold,0.00|No clear trend setup,2026-01-08 21:45:56.010
1017901,DOCN,2026-01-08 21:45:55.710,MeanRevSR,Hold,"0.00|No mean reversion setup (RSI=50.0, regime=High Volatility)",2026-01-08 21:45:56.067
1017902,DOCN,2026-01-08 21:45:55.763,BreakoutVol,Hold,0.00|No breakout pattern (ADX=19.0),2026-01-08 21:45:56.123
1017903,DOCN,2026-01-08 21:45:55.820,MomentumDiv,Hold,0.00|Indicators not ready,2026-01-08 21:45:56.180
1017904,DOCN,2026-01-08 21:45:55.877,EMA+RSI,Hold,0.00|No EMA crossover,2026-01-08 21:45:56.233
1017905,DOCN,2026-01-08 21:45:55.933,Bollinger,Sell,0.68|Bollinger mean reversion sell (RSI=63.4),2026-01-08 21:45:56.290
1017906,DOCN,2026-01-08 21:45:55.990,ATR,Hold,0.00|No ATR breakout,2026-01-08 21:45:56.347
1017907,DOCN,2026-01-08 21:45:56.043,MACD,Hold,0.00|No MACD signal,2026-01-08 21:45:56.400
1017908,DOCN,2026-01-08 21:45:56.097,ADX,Hold,0.00|ADX too weak: 19.0 < 22,2026-01-08 21:45:56.453
1017909,DOCN,2026-01-08 21:45:56.153,Volume,Hold,0.00|Inconsistent price action,2026-01-08 21:45:56.510
1017910,DOCN,2026-01-08 21:45:56.207,Donchian,Hold,"0.00|Price within channel ($52.47, U=$54.41, L=$43.81)",2026-01-08 21:45:56.567
1017911,DOCN,2026-01-08 21:45:56.263,Ichimoku,Buy,1.00|Bullish Ichimoku (price 4.8% above cloud),2026-01-08 21:45:56.623
1017912,DOCN,2026-01-08 21:45:56.320,PriceAction,Hold,0.00|No clear price action trend,2026-01-08 21:45:56.673
1017913,DOCN,2026-01-08 21:45:56.370,Supertrend,Buy,0.64|Supertrend bullish continuation (8.73% above),2026-01-08 21:45:56.727
1017914,DNA,2026-01-08 21:45:56.387,SwingFilter,Hold,No clear weekly trend direction,2026-01-08 21:45:56.743
1017915,DOCN,2026-01-08 21:45:56.423,MeanRevMFI,Hold,0.00|No MFI mean reversion setup,2026-01-08 21:45:56.783
1017916,DOCU,2026-01-08 21:45:56.427,SwingFilter,Hold,Weekly trend too weak (1.5%),2026-01-08 21:45:56.787
1017917,DOCN,2026-01-08 21:45:56.480,TripleMomentum,Hold,0.00|Insufficient momentum consensus,2026-01-08 21:45:56.840
1017918,DOCN,2026-01-08 21:45:56.537,SRBounce,Hold,0.00|Not near key S/R levels,2026-01-08 21:45:56.893
1017919,DOCN,2026-01-08 21:45:56.590,CMFMomentum,Hold,0.00|No CMF momentum signal,2026-01-08 21:45:56.950
1017920,DOCN,2026-01-08 21:45:56.647,ForceIndex,Hold,0.00|No Force Index breakout,2026-01-08 21:45:57.010
1017921,DOCN,2026-01-08 21:45:56.703,WilliamsR,Hold,0.00|No Williams %R reversal signal,2026-01-08 21:45:57.067
1017922,DOCN,2026-01-08 21:45:56.760,PSAR,Hold,0.00|SAR no flip,2026-01-08 21:45:57.120
1017923,DOCN,2026-01-08 21:45:56.810,Keltner,Hold,0.00|No Keltner breakout,2026-01-08 21:45:57.173
1017924,DOCN,2026-01-08 21:45:56.867,OBV,Hold,0.00|No OBV divergence,2026-01-08 21:45:57.227
1017925,DOCN,2026-01-08 21:45:56.920,Aroon,Hold,0.00|No Aroon trend change,2026-01-08 21:45:57.283
1017926,DOCN,2026-01-08 21:45:56.977,ROC,Hold,0.00|No ROC momentum burst,2026-01-08 21:45:57.340
1017927,DOCN,2026-01-08 21:45:57.030,TSI,Hold,0.00|No TSI crossover,2026-01-08 21:45:57.390
1017928,DOCN,2026-01-08 21:45:57.083,Vortex,Hold,0.00|No Vortex trend change,2026-01-08 21:45:57.443
1017929,DNOW,2026-01-08 21:45:57.123,SwingFilter,Hold,Weekly trend too weak (0.4%),2026-01-08 21:45:57.487
1017930,DOCN,2026-01-08 21:45:57.137,Confluence,Hold,0.00|Insufficient confluence (score=2),2026-01-08 21:45:57.500
1017931,DOCN,2026-01-08 21:45:57.190,Enhanced_Consensus,Hold,Insufficient votes | conf=0% | quality=0%,2026-01-08 21:45:57.550
1017932,DRI,2026-01-08 05:00:00.000,RealisticConservative,Buy,"? BUY: 7 votes, Composite=66%, Confirms=3 (BB conflict)",2026-01-08 21:45:57.993
1017933,DRI,2026-01-08 21:45:57.687,TrendMTF,Hold,0.00|No clear trend setup,2026-01-08 21:45:58.043
1017934,DRI,2026-01-08 21:45:57.740,MeanRevSR,Hold,"0.00|No mean reversion setup (RSI=50.0, regime=Quiet Market)",2026-01-08 21:45:58.100
1017935,DRI,2026-01-08 21:45:57.797,BreakoutVol,Hold,0.00|No breakout pattern (ADX=37.7),2026-01-08 21:45:58.153
1017936,DRI,2026-01-08 21:45:57.853,MomentumDiv,Hold,0.00|Indicators not ready,2026-01-08 21:45:58.210
1017937,DRI,2026-01-08 21:45:57.907,EMA+RSI,Hold,0.00|No EMA crossover,2026-01-08 21:45:58.263
1017938,DRI,2026-01-08 21:45:57.960,Bollinger,Sell,0.71|Bollinger mean reversion sell (RSI=71.1),2026-01-08 21:45:58.320
1017939,DRI,2026-01-08 21:45:58.017,ATR,Hold,0.00|No ATR breakout,2026-01-08 21:45:58.373
1017940,DRI,2026-01-08 21:45:58.070,MACD,Buy,0.65|MACD momentum building (hist=1.3955),2026-01-08 21:45:58.430
1017941,DRI,2026-01-08 21:45:58.127,ADX,Buy,0.85|ADX strong trend ? (ADX=37.7),2026-01-08 21:45:58.483
1017942,DRI,2026-01-08 21:45:58.180,Volume,Hold,0.00|Volume too low: 1.07x,2026-01-08 21:45:58.540
1017943,DRI,2026-01-08 21:45:58.237,Donchian,Hold,"0.00|Price within channel ($202.50, U=$204.62, L=$174.72)",2026-01-08 21:45:58.593
1017944,DRI,2026-01-08 21:45:58.290,Ichimoku,Buy,1.00|Bullish Ichimoku (price 5.4% above cloud),2026-01-08 21:45:58.647
1017945,DRI,2026-01-08 21:45:58.347,PriceAction,Hold,0.00|No clear price action trend,2026-01-08 21:45:58.703
1017946,DRI,2026-01-08 21:45:58.400,Supertrend,Buy,0.65|Supertrend bullish continuation (6.15% above),2026-01-08 21:45:58.760
1017947,DRI,2026-01-08 21:45:58.457,MeanRevMFI,Hold,0.00|No MFI mean reversion setup,2026-01-08 21:45:58.813
1017948,DRI,2026-01-08 21:45:58.510,TripleMomentum,Buy,1.00|Triple momentum bullish (3/3 indicators),2026-01-08 21:45:58.867
1017949,DRI,2026-01-08 21:45:58.563,SRBounce,Hold,0.00|Not near key S/R levels,2026-01-08 21:45:58.923
1017950,DRI,2026-01-08 21:45:58.620,CMFMomentum,Hold,0.00|No CMF momentum signal,2026-01-08 21:45:58.980
1017951,DRI,2026-01-08 21:45:58.677,ForceIndex,Hold,0.00|No Force Index breakout,2026-01-08 21:45:59.033
1017952,DRI,2026-01-08 21:45:58.730,WilliamsR,Hold,0.00|No Williams %R reversal signal,2026-01-08 21:45:59.090
1017953,DRI,2026-01-08 21:45:58.790,PSAR,Hold,0.00|SAR no flip,2026-01-08 21:45:59.147
1017954,DRI,2026-01-08 21:45:58.843,Keltner,Hold,0.00|No Keltner breakout,2026-01-08 21:45:59.203
1017955,DRI,2026-01-08 21:45:58.900,OBV,Hold,0.00|No OBV divergence,2026-01-08 21:45:59.260
1017956,DRI,2026-01-08 21:45:58.953,Aroon,Hold,0.00|No Aroon trend change,2026-01-08 21:45:59.310
1017957,DRI,2026-01-08 21:45:59.007,ROC,Buy,"0.70|ROC momentum burst ? (ROC=6.7%, vol=0.96x)",2026-01-08 21:45:59.367
1017958,DRI,2026-01-08 21:45:59.063,TSI,Hold,0.00|No TSI crossover,2026-01-08 21:45:59.420
1017959,DRI,2026-01-08 21:45:59.117,Vortex,Hold,0.00|No Vortex trend change,2026-01-08 21:45:59.473
1017960,DRI,2026-01-08 21:45:59.167,Confluence,Hold,0.00|Insufficient confluence (score=3),2026-01-08 21:45:59.527
1017961,DRI,2026-01-08 21:45:59.223,Enhanced_Consensus,Buy,"? BUY: 7 votes, Composite=66%, Confirms=3 (BB conflict) | conf=69% | quality=61%",2026-01-08 21:45:59.583
1017962,DRI,2026-01-08 21:45:59.280,Enhanced_Entry,Buy,"entry=$202.70, qty=6, stop=$13.71, quality=61%",2026-01-08 21:45:59.640
1017963,DVAX,2026-01-08 05:00:00.000,RelaxedEngine,Hold,REJECT - Insufficient confirmations,2026-01-08 21:46:00.123
1017964,DVAX,2026-01-08 21:45:59.820,TrendMTF,Hold,0.00|No clear trend setup,2026-01-08 21:46:00.180
1017965,DVAX,2026-01-08 21:45:59.877,MeanRevSR,Hold,0.00|Strong trend - avoid mean reversion,2026-01-08 21:46:00.237
1017966,DVAX,2026-01-08 21:45:59.930,BreakoutVol,Hold,0.00|No breakout pattern (ADX=50.4),2026-01-08 21:46:00.287
1017967,DVAX,2026-01-08 21:45:59.983,MomentumDiv,Hold,0.00|Indicators not ready,2026-01-08 21:46:00.343
1017968,DVAX,2026-01-08 21:46:00.040,EMA+RSI,Hold,0.00|No EMA crossover,2026-01-08 21:46:00.397
1017969,DVAX,2026-01-08 21:46:00.093,Bollinger,Hold,0.00|Strong uptrend - avoid shorting momentum,2026-01-08 21:46:00.450
1017970,DVAX,2026-01-08 21:46:00.147,ATR,Hold,0.00|No ATR breakout,2026-01-08 21:46:00.507
1017971,DVAX,2026-01-08 21:46:00.203,MACD,Sell,0.65|MACD momentum building (hist=0.2095),2026-01-08 21:46:00.563
1017972,DVAX,2026-01-08 21:46:00.260,ADX,Buy,0.85|ADX strong trend ? (ADX=50.4),2026-01-08 21:46:00.620
1017973,DVAX,2026-01-08 21:46:00.317,Volume,Hold,0.00|Volume too low: 1.25x,2026-01-08 21:46:00.677
1017974,DVAX,2026-01-08 21:46:00.370,Donchian,Hold,"0.00|Price within channel ($15.41, U=$15.49, L=$10.63)",2026-01-08 21:46:00.730
1017975,DVN,2026-01-08 21:46:00.393,SwingFilter,Hold,Weekly trend too weak (0.3%),2026-01-08 21:46:00.750
1017976,DVAX,2026-01-08 21:46:00.430,Ichimoku,Buy,1.00|Bullish Ichimoku (price 7.6% above cloud),2026-01-08 21:46:00.787
1017977,DVAX,2026-01-08 21:46:00.490,PriceAction,Hold,0.00|No clear price action trend,2026-01-08 21:46:00.847
1017978,DVAX,2026-01-08 21:46:00.543,Supertrend,Buy,0.65|Supertrend bullish continuation (5.06% above),2026-01-08 21:46:00.903
1017979,DVAX,2026-01-08 21:46:00.600,MeanRevMFI,Hold,0.00|No MFI mean reversion setup,2026-01-08 21:46:00.960
1017980,DVAX,2026-01-08 21:46:00.657,TripleMomentum,Buy,0.95|Triple momentum bullish (2/3 indicators),2026-01-08 21:46:01.017
1017981,DVAX,2026-01-08 21:46:00.713,SRBounce,Hold,0.00|Not near key S/R levels,2026-01-08 21:46:01.070
1017982,DVAX,2026-01-08 21:46:00.767,CMFMomentum,Hold,0.00|No CMF momentum signal,2026-01-08 21:46:01.127
1017983,DVAX,2026-01-08 21:46:00.823,ForceIndex,Hold,0.00|No Force Index breakout,2026-01-08 21:46:01.177
1017984,DVAX,2026-01-08 21:46:00.877,WilliamsR,Hold,0.00|No Williams %R reversal signal,2026-01-08 21:46:01.230
1017985,DX,2026-01-08 21:46:00.913,SwingFilter,Hold,Weekly trend too weak (1.3%),2026-01-08 21:46:01.270
1017986,DVAX,2026-01-08 21:46:00.927,PSAR,Hold,0.00|SAR no flip,2026-01-08 21:46:01.287
1017987,DVAX,2026-01-08 21:46:00.983,Keltner,Hold,0.00|No Keltner breakout,2026-01-08 21:46:01.340
1017988,DVAX,2026-01-08 21:46:01.040,OBV,Hold,0.00|No OBV divergence,2026-01-08 21:46:01.397
1017989,DVAX,2026-01-08 21:46:01.093,Aroon,Hold,0.00|No Aroon trend change,2026-01-08 21:46:01.450
1017990,DVAX,2026-01-08 21:46:01.147,ROC,Hold,0.00|No ROC momentum burst,2026-01-08 21:46:01.500
1017991,DVAX,2026-01-08 21:46:01.200,TSI,Hold,0.00|No TSI crossover,2026-01-08 21:46:01.557
1017992,DVAX,2026-01-08 21:46:01.257,Vortex,Hold,0.00|No Vortex trend change,2026-01-08 21:46:01.613
1017993,DVAX,2026-01-08 21:46:01.313,Confluence,Hold,0.00|Insufficient confluence (score=2),2026-01-08 21:46:01.670
1017994,DVAX,2026-01-08 21:46:01.367,Enhanced_Consensus,Hold,REJECT - Insufficient confirmations | conf=0% | quality=58%,2026-01-08 21:46:01.727
1017995,DUK,2026-01-08 21:46:02.797,SwingFilter,Hold,Weekly trend too weak (1.2%),2026-01-08 21:46:03.147
1017996,EBAY,2026-01-08 05:00:00.000,RelaxedEngine,Hold,Insufficient votes,2026-01-08 21:46:04.347
1017997,EBAY,2026-01-08 21:46:04.040,TrendMTF,Hold,0.00|No clear trend setup,2026-01-08 21:46:04.400
1017998,EBAY,2026-01-08 21:46:04.090,MeanRevSR,Hold,"0.00|No mean reversion setup (RSI=50.0, regime=Quiet Market)",2026-01-08 21:46:04.453
1017999,EBAY,2026-01-08 21:46:04.150,BreakoutVol,Hold,0.00|No breakout pattern (ADX=21.2),2026-01-08 21:46:04.510
1018000,EBAY,2026-01-08 21:46:04.203,MomentumDiv,Hold,0.00|Indicators not ready,2026-01-08 21:46:04.563
1018001,EBAY,2026-01-08 21:46:04.257,EMA+RSI,Hold,0.00|EMA buy rejected: EMAs too close (0.76%),2026-01-08 21:46:04.613
1018002,EBAY,2026-01-08 21:46:04.307,Bollinger,Sell,0.70|Bollinger mean reversion sell (RSI=66.4),2026-01-08 21:46:04.670
1018003,EBAY,2026-01-08 21:46:04.363,ATR,Hold,0.00|No ATR breakout,2026-01-08 21:46:04.727
1018004,ED,2026-01-08 21:46:04.387,SwingFilter,Hold,Weekly trend too weak (1.2%),2026-01-08 21:46:04.750
1018005,EBAY,2026-01-08 21:46:04.420,MACD,Hold,0.00|No MACD signal,2026-01-08 21:46:04.783
1018006,EBAY,2026-01-08 21:46:04.477,ADX,Hold,0.00|ADX too weak: 21.2 < 22,2026-01-08 21:46:04.833
1018007,EBAY,2026-01-08 21:46:04.527,Volume,Hold,0.00|Volume too low: 0.79x,2026-01-08 21:46:04.890
1018008,EBAY,2026-01-08 21:46:04.583,Donchian,Hold,"0.00|Price within channel ($90.88, U=$92.25, L=$81.21)",2026-01-08 21:46:04.943
1018009,EBAY,2026-01-08 21:46:04.640,Ichimoku,Hold,0.00|Price too close to cloud top: 0.84%,2026-01-08 21:46:04.993
1018010,EBAY,2026-01-08 21:46:04.693,PriceAction,Hold,0.00|No clear price action trend,2026-01-08 21:46:05.053
1018011,EA,2026-01-08 21:46:04.723,SwingFilter,Hold,Volatility too low (0.29%) - no swing opportunity,2026-01-08 21:46:05.080
1018012,EBAY,2026-01-08 21:46:04.750,Supertrend,Buy,0.65|Supertrend bullish continuation (5.58% above),2026-01-08 21:46:05.107
1018013,EBAY,2026-01-08 21:46:04.807,MeanRevMFI,Sell,"0.65|MFI overbought reversal (MFI=85.1, band=93%)",2026-01-08 21:46:05.163
1018014,EBAY,2026-01-08 21:46:04.867,TripleMomentum,Buy,0.90|Triple momentum bullish (2/3 indicators),2026-01-08 21:46:05.227
1018015,EBAY,2026-01-08 21:46:04.927,SRBounce,Hold,0.00|Not near key S/R levels,2026-01-08 21:46:05.283
1018016,EBAY,2026-01-08 21:46:04.980,CMFMomentum,Hold,0.00|No CMF momentum signal,2026-01-08 21:46:05.333
1018017,EBAY,2026-01-08 21:46:05.033,ForceIndex,Hold,0.00|No Force Index breakout,2026-01-08 21:46:05.390
1018018,EBAY,2026-01-08 21:46:05.090,WilliamsR,Hold,0.00|No Williams %R reversal signal,2026-01-08 21:46:05.447
1018019,EBAY,2026-01-08 21:46:05.143,PSAR,Hold,0.00|SAR no flip,2026-01-08 21:46:05.500
1018020,EFC,2026-01-08 21:46:05.163,SwingFilter,Hold,Weekly trend too weak (0.0%),2026-01-08 21:46:05.520
1018021,EBAY,2026-01-08 21:46:05.193,Keltner,Hold,0.00|No Keltner breakout,2026-01-08 21:46:05.553
1018022,EFX,2026-01-08 21:46:05.207,SwingFilter,Hold,Weekly trend too weak (0.2%),2026-01-08 21:46:05.567
1018023,EBAY,2026-01-08 21:46:05.250,OBV,Hold,0.00|No OBV divergence,2026-01-08 21:46:05.607
1018024,EBAY,2026-01-08 21:46:05.303,Aroon,Hold,0.00|No Aroon trend change,2026-01-08 21:46:05.663
1018025,EBAY,2026-01-08 21:46:05.360,ROC,Hold,0.00|No ROC momentum burst,2026-01-08 21:46:05.713
1018026,EBAY,2026-01-08 21:46:05.410,TSI,Hold,0.00|No TSI crossover,2026-01-08 21:46:05.767
1018027,EBAY,2026-01-08 21:46:05.463,Vortex,Hold,0.00|No Vortex trend change,2026-01-08 21:46:05.820
1018028,EBAY,2026-01-08 21:46:05.513,Confluence,Hold,0.00|Insufficient confluence (score=2),2026-01-08 21:46:05.873
1018029,ECVT,2026-01-08 05:00:00.000,RelaxedEngine,Hold,REJECT - Insufficient confirmations,2026-01-08 21:46:05.910
1018030,EBAY,2026-01-08 21:46:05.570,Enhanced_Consensus,Hold,Insufficient votes | conf=0% | quality=0%,2026-01-08 21:46:05.927
1018031,ECVT,2026-01-08 21:46:05.613,TrendMTF,Hold,0.00|No clear trend setup,2026-01-08 21:46:05.977
1018032,ECVT,2026-01-08 21:46:05.670,MeanRevSR,Hold,"0.00|No mean reversion setup (RSI=50.0, regime=Weak Trend)",2026-01-08 21:46:06.030
1018033,ECVT,2026-01-08 21:46:05.723,BreakoutVol,Hold,0.00|No breakout pattern (ADX=29.3),2026-01-08 21:46:06.087
1018034,ECVT,2026-01-08 21:46:05.780,MomentumDiv,Hold,0.00|Indicators not ready,2026-01-08 21:46:06.143
1018035,ECVT,2026-01-08 21:46:05.837,EMA+RSI,Hold,0.00|No EMA crossover,2026-01-08 21:46:06.200
1018036,ECVT,2026-01-08 21:46:05.893,Bollinger,Sell,0.69|Bollinger mean reversion sell (RSI=74.0),2026-01-08 21:46:06.257
1018037,ECVT,2026-01-08 21:46:05.950,ATR,Hold,0.00|No ATR breakout,2026-01-08 21:46:06.310
1018038,ECVT,2026-01-08 21:46:06.003,MACD,Hold,0.00|No MACD signal,2026-01-08 21:46:06.367
1018039,ECVT,2026-01-08 21:46:06.060,ADX,Buy,0.81|ADX strong trend ? (ADX=29.3),2026-01-08 21:46:06.423
1018040,EIX,2026-01-08 21:46:06.110,SwingFilter,Hold,Weekly trend too weak (1.4%),2026-01-08 21:46:06.470
1018041,ECVT,2026-01-08 21:46:06.117,Volume,Hold,0.00|Volume too low: 0.81x,2026-01-08 21:46:06.480
1018042,ECVT,2026-01-08 21:46:06.173,Donchian,Hold,"0.00|Price within channel ($10.46, U=$10.53, L=$8.35)",2026-01-08 21:46:06.537
1018043,ECVT,2026-01-08 21:46:06.230,Ichimoku,Buy,1.00|Bullish Ichimoku (price 6.6% above cloud),2026-01-08 21:46:06.593
1018044,ECVT,2026-01-08 21:46:06.287,PriceAction,Hold,0.00|No clear price action trend,2026-01-08 21:46:06.650
1018045,ECVT,2026-01-08 21:46:06.343,Supertrend,Buy,0.65|Supertrend bullish continuation (8.33% above),2026-01-08 21:46:06.707
1018046,ECVT,2026-01-08 21:46:06.400,MeanRevMFI,Sell,"0.70|MFI overbought reversal (MFI=90.1, band=102%)",2026-01-08 21:46:06.763
1018047,ECVT,2026-01-08 21:46:06.457,TripleMomentum,Buy,1.00|Triple momentum bullish (3/3 indicators),2026-01-08 21:46:06.820
1018048,ECVT,2026-01-08 21:46:06.513,SRBounce,Hold,0.00|Not near key S/R levels,2026-01-08 21:46:06.873
1018049,ECVT,2026-01-08 21:46:06.570,CMFMomentum,Hold,0.00|No CMF momentum signal,2026-01-08 21:46:06.930
1018050,ECVT,2026-01-08 21:46:06.623,ForceIndex,Hold,0.00|No Force Index breakout,2026-01-08 21:46:06.980
1018051,ECVT,2026-01-08 21:46:06.680,WilliamsR,Hold,0.00|No Williams %R reversal signal,2026-01-08 21:46:07.037
1018052,ECVT,2026-01-08 21:46:06.737,PSAR,Hold,0.00|SAR no flip,2026-01-08 21:46:07.100
1018053,ECVT,2026-01-08 21:46:06.810,Keltner,Buy,0.65|Keltner breakout ? (vol=0.90x),2026-01-08 21:46:07.163
1018054,ECVT,2026-01-08 21:46:06.863,OBV,Hold,0.00|No OBV divergence,2026-01-08 21:46:07.220
1018055,ECVT,2026-01-08 21:46:06.920,Aroon,Hold,0.00|No Aroon trend change,2026-01-08 21:46:07.277
1018056,ELS,2026-01-08 21:46:06.933,SwingFilter,Hold,Weekly trend too weak (0.0%),2026-01-08 21:46:07.287
1018057,ECVT,2026-01-08 21:46:06.977,ROC,Buy,"0.70|ROC momentum burst ? (ROC=9.1%, vol=0.90x)",2026-01-08 21:46:07.330
1018058,ECVT,2026-01-08 21:46:07.033,TSI,Hold,0.00|No TSI crossover,2026-01-08 21:46:07.390
1018059,ECVT,2026-01-08 21:46:07.090,Vortex,Hold,0.00|No Vortex trend change,2026-01-08 21:46:07.443
1018060,ECVT,2026-01-08 21:46:07.143,Confluence,Hold,0.00|Insufficient confluence (score=3),2026-01-08 21:46:07.500
1018061,ECVT,2026-01-08 21:46:07.200,Enhanced_Consensus,Hold,REJECT - Insufficient confirmations | conf=0% | quality=55%,2026-01-08 21:46:07.557
1018062,ENTG,2026-01-08 05:00:00.000,RealisticConservative,Buy,"? BUY: 7 votes, Composite=64%, Confirms=3 (BB conflict)",2026-01-08 21:46:08.533
1018063,ENTG,2026-01-08 21:46:08.230,TrendMTF,Hold,0.00|No clear trend setup,2026-01-08 21:46:08.590
1018064,ENTG,2026-01-08 21:46:08.283,MeanRevSR,Hold,"0.00|No mean reversion setup (RSI=50.0, regime=High Volatility)",2026-01-08 21:46:08.647
1018065,ENTG,2026-01-08 21:46:08.340,BreakoutVol,Hold,0.00|No breakout pattern (ADX=21.7),2026-01-08 21:46:08.710
1018066,ENTG,2026-01-08 21:46:08.403,MomentumDiv,Hold,0.00|Indicators not ready,2026-01-08 21:46:08.767
1018067,ENTG,2026-01-08 21:46:08.460,EMA+RSI,Hold,0.00|No EMA crossover,2026-01-08 21:46:08.820
1018068,ENTG,2026-01-08 21:46:08.517,Bollinger,Sell,0.70|Bollinger mean reversion sell (RSI=68.5),2026-01-08 21:46:08.880
1018069,ENTG,2026-01-08 21:46:08.573,ATR,Hold,0.00|No ATR breakout,2026-01-08 21:46:08.933
1018070,ENTG,2026-01-08 21:46:08.630,MACD,Buy,0.65|MACD momentum building (hist=1.4028),2026-01-08 21:46:08.990
1018071,ENTG,2026-01-08 21:46:08.683,ADX,Hold,0.00|ADX too weak: 21.7 < 22,2026-01-08 21:46:09.047
1018072,ENTG,2026-01-08 21:46:08.740,Volume,Hold,0.00|Volume too low: 1.05x,2026-01-08 21:46:09.100
1018073,ENTG,2026-01-08 21:46:08.797,Donchian,Hold,"0.00|Price within channel ($99.85, U=$100.48, L=$79.00)",2026-01-08 21:46:09.173
1018074,ENTG,2026-01-08 21:46:08.880,Ichimoku,Buy,1.00|Bullish Ichimoku (price 9.4% above cloud),2026-01-08 21:46:09.230
1018075,EOLS,2026-01-08 05:00:00.000,RealisticConservative,Sell,Sell: 5@72% Q:71% (BB conflict),2026-01-08 21:46:09.283
1018076,ENTG,2026-01-08 21:46:08.937,PriceAction,Hold,0.00|No clear price action trend,2026-01-08 21:46:09.287
1018077,EOLS,2026-01-08 21:46:08.990,TrendMTF,Hold,0.00|No clear trend setup,2026-01-08 21:46:09.340
1018078,ENTG,2026-01-08 21:46:08.993,Supertrend,Buy,0.62|Supertrend bullish continuation (11.20% above),2026-01-08 21:46:09.340
1018079,EOLS,2026-01-08 21:46:09.047,MeanRevSR,Hold,"0.00|No mean reversion setup (RSI=50.0, regime=High Volatility)",2026-01-08 21:46:09.397
1018080,ENTG,2026-01-08 21:46:09.047,MeanRevMFI,Hold,0.00|No MFI mean reversion setup,2026-01-08 21:46:09.397
1018081,EOLS,2026-01-08 21:46:09.103,BreakoutVol,Hold,0.00|No breakout pattern (ADX=19.6),2026-01-08 21:46:09.453
1018082,ENTG,2026-01-08 21:46:09.103,TripleMomentum,Buy,1.00|Triple momentum bullish (3/3 indicators),2026-01-08 21:46:09.453
1018083,EOLS,2026-01-08 21:46:09.160,MomentumDiv,Hold,0.00|Indicators not ready,2026-01-08 21:46:09.510
1018084,ENTG,2026-01-08 21:46:09.160,SRBounce,Hold,0.00|Not near key S/R levels,2026-01-08 21:46:09.510
1018085,EOLS,2026-01-08 21:46:09.217,EMA+RSI,Hold,0.00|No EMA crossover,2026-01-08 21:46:09.563
1018086,ENTG,2026-01-08 21:46:09.217,CMFMomentum,Buy,"0.78|CMF accumulation (CMF=0.053, RSI=68)",2026-01-08 21:46:09.567
1018087,EOLS,2026-01-08 21:46:09.270,Bollinger,Buy,0.71|Bollinger mean reversion buy (RSI=29.6),2026-01-08 21:46:09.620
1018088,ENTG,2026-01-08 21:46:09.273,ForceIndex,Hold,0.00|No Force Index breakout,2026-01-08 21:46:09.620
1018089,EOLS,2026-01-08 21:46:09.327,ATR,Hold,0.00|Volatility outside swing range: 5.31%,2026-01-08 21:46:09.677
1018090,ENTG,2026-01-08 21:46:09.327,WilliamsR,Hold,0.00|No Williams %R reversal signal,2026-01-08 21:46:09.677
1018091,EOLS,2026-01-08 21:46:09.383,MACD,Sell,0.65|MACD momentum building (hist=-0.1453),2026-01-08 21:46:09.733
1018092,ENTG,2026-01-08 21:46:09.383,PSAR,Hold,0.00|SAR no flip,2026-01-08 21:46:09.740
1018093,EOLS,2026-01-08 21:46:09.440,ADX,Hold,0.00|ADX too weak: 19.6 < 22,2026-01-08 21:46:09.790
1018094,ENTG,2026-01-08 21:46:09.443,Keltner,Hold,0.00|No Keltner breakout,2026-01-08 21:46:09.793
1018095,EOLS,2026-01-08 21:46:09.497,Volume,Hold,0.00|Volume too low: 1.05x,2026-01-08 21:46:09.843
1018096,ENTG,2026-01-08 21:46:09.500,OBV,Hold,0.00|No OBV divergence,2026-01-08 21:46:09.850
1018097,EOLS,2026-01-08 21:46:09.553,Donchian,Hold,"0.00|Price within channel ($5.74, U=$7.34, L=$5.61)",2026-01-08 21:46:09.900
1018098,ENTG,2026-01-08 21:46:09.557,Aroon,Hold,0.00|No Aroon trend change,2026-01-08 21:46:09.907
1018099,EOLS,2026-01-08 21:46:09.607,Ichimoku,Sell,1.00|Bearish Ichimoku (price 11.0% below cloud),2026-01-08 21:46:09.957
1018100,ENTG,2026-01-08 21:46:09.613,ROC,Buy,"0.68|ROC momentum burst ? (ROC=18.8%, vol=1.05x)",2026-01-08 21:46:09.960
1018101,EOG,2026-01-08 21:46:09.633,SwingFilter,Hold,Weekly trend too weak (0.9%),2026-01-08 21:46:09.980
1018102,EOLS,2026-01-08 21:46:09.663,PriceAction,Hold,0.00|No clear price action trend,2026-01-08 21:46:10.013
1018103,ENTG,2026-01-08 21:46:09.670,TSI,Hold,0.00|No TSI crossover,2026-01-08 21:46:10.020
1018104,EOLS,2026-01-08 21:46:09.720,Supertrend,Sell,0.62|Supertrend bearish continuation (11.97% below),2026-01-08 21:46:10.070
1018105,ENTG,2026-01-08 21:46:09.727,Vortex,Hold,0.00|No Vortex trend change,2026-01-08 21:46:10.073
1018106,EOLS,2026-01-08 21:46:09.777,MeanRevMFI,Hold,0.00|No MFI mean reversion setup,2026-01-08 21:46:10.120
1018107,ENTG,2026-01-08 21:46:09.780,Confluence,Hold,0.00|Insufficient confluence (score=3),2026-01-08 21:46:10.130
1018108,EOLS,2026-01-08 21:46:09.827,TripleMomentum,Hold,0.00|Insufficient momentum consensus,2026-01-08 21:46:10.177
1018109,ENTG,2026-01-08 21:46:09.837,Enhanced_Consensus,Buy,"? BUY: 7 votes, Composite=64%, Confirms=3 (BB conflict) | conf=67% | quality=70%",2026-01-08 21:46:10.187
1018110,EOLS,2026-01-08 21:46:09.887,SRBounce,Hold,0.00|Not near key S/R levels,2026-01-08 21:46:10.230
1018111,ENTG,2026-01-08 21:46:09.893,Enhanced_Entry,Buy,"entry=$99.95, qty=12, stop=$7.99, quality=70%",2026-01-08 21:46:10.240
1018112,EOLS,2026-01-08 21:46:09.940,CMFMomentum,Hold,0.00|No CMF momentum signal,2026-01-08 21:46:10.287
1018113,EOLS,2026-01-08 21:46:09.997,ForceIndex,Hold,0.00|No Force Index breakout,2026-01-08 21:46:10.343
1018114,EOLS,2026-01-08 21:46:10.050,WilliamsR,Hold,0.00|No Williams %R reversal signal,2026-01-08 21:46:10.397
1018115,EOLS,2026-01-08 21:46:10.103,PSAR,Hold,0.00|SAR no flip,2026-01-08 21:46:10.450
1018116,EOLS,2026-01-08 21:46:10.160,Keltner,Hold,0.00|No Keltner breakout,2026-01-08 21:46:10.507
1018117,EOLS,2026-01-08 21:46:10.217,OBV,Hold,0.00|No OBV divergence,2026-01-08 21:46:10.580
1018118,EOLS,2026-01-08 21:46:10.287,Aroon,Hold,0.00|No Aroon trend change,2026-01-08 21:46:10.637
1018119,EOLS,2026-01-08 21:46:10.343,ROC,Hold,0.00|No ROC momentum burst,2026-01-08 21:46:10.690
1018120,EPD,2026-01-08 21:46:10.357,SwingFilter,Hold,Weekly trend too weak (0.3%),2026-01-08 21:46:10.703
1018121,EOLS,2026-01-08 21:46:10.400,TSI,Hold,0.00|No TSI crossover,2026-01-08 21:46:10.743
1018122,EPRT,2026-01-08 21:46:10.413,SwingFilter,Hold,Weekly trend too weak (1.3%),2026-01-08 21:46:10.760
1018123,EOLS,2026-01-08 21:46:10.450,Vortex,Hold,0.00|No Vortex trend change,2026-01-08 21:46:10.800
1018124,EOLS,2026-01-08 21:46:10.507,Confluence,Hold,0.00|Insufficient confluence (score=0),2026-01-08 21:46:10.853
1018125,EOLS,2026-01-08 21:46:10.560,Enhanced_Consensus,Sell,Sell: 5@72% Q:71% (BB conflict) | conf=67% | quality=71%,2026-01-08 21:46:10.907
1018126,EOLS,2026-01-08 21:46:10.613,Enhanced_Entry,Sell,"entry=$5.73, qty=217, stop=$0.46, quality=71%",2026-01-08 21:46:10.960
1018127,ES,2026-01-08 21:46:11.220,SwingFilter,Hold,Weekly trend too weak (0.5%),2026-01-08 21:46:11.570
1018128,EQH,2026-01-08 21:46:12.623,SwingFilter,Hold,Weekly trend too weak (0.5%),2026-01-08 21:46:12.980
1018129,ESI,2026-01-08 05:00:00.000,RealisticConservative,Buy,"? BUY: 8 votes, Composite=65%, Confirms=3 (BB conflict)",2026-01-08 21:46:13.387
1018130,ESI,2026-01-08 21:46:13.087,TrendMTF,Hold,0.00|No clear trend setup,2026-01-08 21:46:13.440
1018131,ESI,2026-01-08 21:46:13.143,MeanRevSR,Hold,"0.00|No mean reversion setup (RSI=50.0, regime=Quiet Market)",2026-01-08 21:46:13.497
1018132,ESI,2026-01-08 21:46:13.200,BreakoutVol,Hold,0.00|No breakout pattern (ADX=22.0),2026-01-08 21:46:13.553
1018133,ESI,2026-01-08 21:46:13.253,MomentumDiv,Hold,0.00|Indicators not ready,2026-01-08 21:46:13.607
1018134,ESI,2026-01-08 21:46:13.307,EMA+RSI,Buy,"0.60|EMA(20/50) crossover ? ",2026-01-08 21:46:13.660
1018135,ESI,2026-01-08 21:46:13.363,Bollinger,Sell,0.69|Bollinger mean reversion sell (RSI=62.3),2026-01-08 21:46:13.717
1018136,ESI,2026-01-08 21:46:13.417,ATR,Hold,0.00|No ATR breakout,2026-01-08 21:46:13.773
1018137,ESI,2026-01-08 21:46:13.477,MACD,Buy,0.65|MACD momentum building (hist=0.2537),2026-01-08 21:46:13.830
1018138,ESI,2026-01-08 21:46:13.530,ADX,Buy,0.60|ADX strong trend ? (ADX=22.0),2026-01-08 21:46:13.880
1018139,ESI,2026-01-08 21:46:13.583,Volume,Buy,0.61|Volume spike 1.3x with upward momentum,2026-01-08 21:46:13.937
1018140,ESI,2026-01-08 21:46:13.637,Donchian,Hold,"0.00|Price within channel ($27.56, U=$28.04, L=$24.87)",2026-01-08 21:46:13.997
1018141,ESI,2026-01-08 21:46:13.690,Ichimoku,Hold,0.00|TK lines too close: 0.18%,2026-01-08 21:46:14.053
1018142,ESI,2026-01-08 21:46:13.747,PriceAction,Hold,0.00|No clear price action trend,2026-01-08 21:46:14.103
1018143,ESI,2026-01-08 21:46:13.800,Supertrend,Buy,0.65|Supertrend bullish continuation (6.51% above),2026-01-08 21:46:14.160
1018144,ESI,2026-01-08 21:46:13.853,MeanRevMFI,Hold,0.00|No MFI mean reversion setup,2026-01-08 21:46:14.213
1018145,ESI,2026-01-08 21:46:13.910,TripleMomentum,Hold,0.00|Insufficient momentum consensus,2026-01-08 21:46:14.270
1018146,ESI,2026-01-08 21:46:13.963,SRBounce,Hold,0.00|Not near key S/R levels,2026-01-08 21:46:14.323
1018147,ESI,2026-01-08 21:46:14.020,CMFMomentum,Hold,0.00|No CMF momentum signal,2026-01-08 21:46:14.377
1018148,ESI,2026-01-08 21:46:14.070,ForceIndex,Hold,0.00|No Force Index breakout,2026-01-08 21:46:14.433
1018149,ESI,2026-01-08 21:46:14.127,WilliamsR,Hold,0.00|No Williams %R reversal signal,2026-01-08 21:46:14.490
1018150,ESI,2026-01-08 21:46:14.183,PSAR,Hold,0.00|SAR no flip,2026-01-08 21:46:14.540
1018151,ESI,2026-01-08 21:46:14.237,Keltner,Hold,0.00|No Keltner breakout,2026-01-08 21:46:14.597
1018152,ESI,2026-01-08 21:46:14.290,OBV,Hold,0.00|No OBV divergence,2026-01-08 21:46:14.653
1018153,ESI,2026-01-08 21:46:14.347,Aroon,Hold,0.00|No Aroon trend change,2026-01-08 21:46:14.710
1018154,ESI,2026-01-08 21:46:14.403,ROC,Hold,0.00|No ROC momentum burst,2026-01-08 21:46:14.763
1018155,ESI,2026-01-08 21:46:14.460,TSI,Hold,0.00|No TSI crossover,2026-01-08 21:46:14.820
1018156,ESI,2026-01-08 21:46:14.513,Vortex,Hold,0.00|No Vortex trend change,2026-01-08 21:46:14.877
1018157,EVGO,2026-01-08 21:46:14.547,SwingFilter,Hold,No clear weekly trend direction,2026-01-08 21:46:14.907
1018158,ESI,2026-01-08 21:46:14.570,Confluence,Buy,"0.65|Bullish confluence (4/5): MACD bullish, Volume spike, Price momentum, ADX uptrend",2026-01-08 21:46:14.930
1018159,ESI,2026-01-08 21:46:14.623,Enhanced_Consensus,Buy,"? BUY: 8 votes, Composite=65%, Confirms=3 (BB conflict) | conf=68% | quality=70%",2026-01-08 21:46:14.983
1018160,ESI,2026-01-08 21:46:14.680,Enhanced_Entry,Buy,"entry=$27.59, qty=76, stop=$1.28, quality=70%",2026-01-08 21:46:15.030
1018161,EVH,2026-01-08 21:46:15.070,SwingFilter,Hold,No clear weekly trend direction,2026-01-08 21:46:15.420
1018162,EW,2026-01-08 21:46:15.397,SwingFilter,Hold,Weekly trend too weak (0.2%),2026-01-08 21:46:15.750
1018163,EXAS,2026-01-08 21:46:15.897,SwingFilter,Hold,Volatility too low (0.78%) - no swing opportunity,2026-01-08 21:46:16.267
1018164,EYPT,2026-01-08 21:46:19.060,SwingFilter,Hold,No clear weekly trend direction,2026-01-08 21:46:19.413
1018165,FANG,2026-01-08 21:46:19.840,SwingFilter,Hold,Weekly trend too weak (0.9%),2026-01-08 21:46:20.190
1018166,FE,2026-01-08 21:46:21.077,SwingFilter,Hold,Weekly trend too weak (1.0%),2026-01-08 21:46:21.427
1018167,FERG,2026-01-08 21:46:21.433,SwingFilter,Hold,Weekly trend too weak (1.3%),2026-01-08 21:46:21.780
1018168,FAST,2026-01-08 21:46:23.917,SwingFilter,Hold,Weekly trend too weak (0.6%),2026-01-08 21:46:24.273
1018169,FIVE,2026-01-08 05:00:00.000,RelaxedEngine,Hold,REJECT - Insufficient confirmations,2026-01-08 21:46:24.770
1018170,FIVE,2026-01-08 21:46:24.473,TrendMTF,Hold,0.00|No clear trend setup,2026-01-08 21:46:24.827
1018171,FIVE,2026-01-08 21:46:24.530,MeanRevSR,Hold,0.00|Strong trend - avoid mean reversion,2026-01-08 21:46:24.883
1018172,FIVE,2026-01-08 21:46:24.583,BreakoutVol,Hold,0.00|No breakout pattern (ADX=43.4),2026-01-08 21:46:24.937
1018173,FIVE,2026-01-08 21:46:24.637,MomentumDiv,Hold,0.00|Indicators not ready,2026-01-08 21:46:24.993
1018174,FIVE,2026-01-08 21:46:24.690,EMA+RSI,Hold,0.00|No EMA crossover,2026-01-08 21:46:25.047
1018175,FIVE,2026-01-08 21:46:24.747,Bollinger,Sell,0.68|Bollinger mean reversion sell (RSI=71.8),2026-01-08 21:46:25.103
1018176,FIVE,2026-01-08 21:46:24.803,ATR,Hold,0.00|No ATR breakout,2026-01-08 21:46:25.160
1018177,FIVE,2026-01-08 21:46:24.860,MACD,Hold,0.00|No MACD signal,2026-01-08 21:46:25.220
1018178,FIVE,2026-01-08 21:46:24.917,ADX,Buy,0.85|ADX strong trend ? (ADX=43.4),2026-01-08 21:46:25.273
1018179,FIVE,2026-01-08 21:46:24.967,Volume,Hold,0.00|Volume too low: 0.97x,2026-01-08 21:46:25.327
1018180,FIVE,2026-01-08 21:46:25.023,Donchian,Hold,"0.00|Price within channel ($198.01, U=$204.67, L=$159.00)",2026-01-08 21:46:25.383
1018181,FIVE,2026-01-08 21:46:25.080,Ichimoku,Buy,1.00|Bullish Ichimoku (price 4.8% above cloud),2026-01-08 21:46:25.440
1018182,FIVE,2026-01-08 21:46:25.137,PriceAction,Buy,0.80|Strong uptrend: Higher highs & higher lows confirmed,2026-01-08 21:46:25.497
1018183,FIVE,2026-01-08 21:46:25.190,Supertrend,Buy,0.65|Supertrend bullish continuation (5.43% above),2026-01-08 21:46:25.553
1018184,FIVE,2026-01-08 21:46:25.247,MeanRevMFI,Hold,0.00|No MFI mean reversion setup,2026-01-08 21:46:25.607
1018185,FIVE,2026-01-08 21:46:25.303,TripleMomentum,Hold,0.00|Insufficient momentum consensus,2026-01-08 21:46:25.663
1018186,FIVE,2026-01-08 21:46:25.360,SRBounce,Hold,0.00|Not near key S/R levels,2026-01-08 21:46:25.720
1018187,FIVE,2026-01-08 21:46:25.417,CMFMomentum,Hold,0.00|No CMF momentum signal,2026-01-08 21:46:25.777
1018188,FIVE,2026-01-08 21:46:25.473,ForceIndex,Hold,0.00|No Force Index breakout,2026-01-08 21:46:25.833
1018189,FIVE,2026-01-08 21:46:25.527,WilliamsR,Sell,0.70|Williams %R overbought reversal (-26.9 from -14.1),2026-01-08 21:46:25.887
1018190,FIVE,2026-01-08 21:46:25.583,PSAR,Hold,0.00|SAR no flip,2026-01-08 21:46:25.943
1018191,FIVE,2026-01-08 21:46:25.640,Keltner,Hold,0.00|No Keltner breakout,2026-01-08 21:46:25.997
1018192,FIVE,2026-01-08 21:46:25.690,OBV,Hold,0.00|No OBV divergence,2026-01-08 21:46:26.053
1018193,FIVE,2026-01-08 21:46:25.747,Aroon,Hold,0.00|No Aroon trend change,2026-01-08 21:46:26.110
1018194,FIVE,2026-01-08 21:46:25.807,ROC,Hold,0.00|No ROC momentum burst,2026-01-08 21:46:26.163
1018195,FIVE,2026-01-08 21:46:25.860,TSI,Hold,0.00|No TSI crossover,2026-01-08 21:46:26.217
1018196,FIVE,2026-01-08 21:46:25.910,Vortex,Hold,0.00|No Vortex trend change,2026-01-08 21:46:26.270
1018197,FLO,2026-01-08 05:00:00.000,RelaxedEngine,Hold,Insufficient votes,2026-01-08 21:46:26.287
1018198,FIVE,2026-01-08 21:46:25.970,Confluence,Hold,0.00|Insufficient confluence (score=2),2026-01-08 21:46:26.327
1018199,FLO,2026-01-08 21:46:25.980,TrendMTF,Hold,0.00|No clear trend setup,2026-01-08 21:46:26.340
1018200,FIVE,2026-01-08 21:46:26.023,Enhanced_Consensus,Hold,REJECT - Insufficient confirmations | conf=0% | quality=57%,2026-01-08 21:46:26.380
1018201,FLO,2026-01-08 21:46:26.037,MeanRevSR,Hold,"0.00|No mean reversion setup (RSI=50.0, regime=Weak Trend)",2026-01-08 21:46:26.397
1018202,FLO,2026-01-08 21:46:26.093,BreakoutVol,Hold,0.00|No breakout pattern (ADX=26.7),2026-01-08 21:46:26.453
1018203,FLO,2026-01-08 21:46:26.147,MomentumDiv,Hold,0.00|Indicators not ready,2026-01-08 21:46:26.510
1018204,FLO,2026-01-08 21:46:26.203,EMA+RSI,Hold,0.00|No EMA crossover,2026-01-08 21:46:26.567
1018205,FLO,2026-01-08 21:46:26.260,Bollinger,Buy,0.67|Bollinger mean reversion buy (RSI=44.8),2026-01-08 21:46:26.620
1018206,FLO,2026-01-08 21:46:26.317,ATR,Hold,0.00|No ATR breakout,2026-01-08 21:46:26.677
1018207,FLO,2026-01-08 21:46:26.373,MACD,Hold,0.00|No MACD signal,2026-01-08 21:46:26.733
1018208,FISV,2026-01-08 21:46:26.397,SwingFilter,Hold,No clear weekly trend direction,2026-01-08 21:46:26.757
1018209,FLO,2026-01-08 21:46:26.430,ADX,Sell,0.73|ADX strong trend ? (ADX=26.7),2026-01-08 21:46:26.790
1018210,FLR,2026-01-08 21:46:26.460,SwingFilter,Hold,Weekly trend too weak (1.3%),2026-01-08 21:46:26.817
1018211,FLO,2026-01-08 21:46:26.483,Volume,Hold,0.00|Volume too low: 1.03x,2026-01-08 21:46:26.847
1018212,FLO,2026-01-08 21:46:26.540,Donchian,Hold,"0.00|Price within channel ($10.55, U=$11.31, L=$9.93)",2026-01-08 21:46:26.900
1018213,FLO,2026-01-08 21:46:26.597,Ichimoku,Hold,0.00|TK lines too close: 1.20%,2026-01-08 21:46:26.957
1018214,FLO,2026-01-08 21:46:26.653,PriceAction,Sell,0.80|Strong downtrend: Lower highs & lower lows confirmed,2026-01-08 21:46:27.013
1018215,FLO,2026-01-08 21:46:26.710,Supertrend,Sell,0.65|Supertrend bearish continuation (5.74% below),2026-01-08 21:46:27.070
1018216,FLO,2026-01-08 21:46:26.763,MeanRevMFI,Hold,0.00|No MFI mean reversion setup,2026-01-08 21:46:27.127
1018217,FLUT,2026-01-08 21:46:26.810,SwingFilter,Hold,Weekly trend too weak (1.1%),2026-01-08 21:46:27.170
1018218,FLO,2026-01-08 21:46:26.820,TripleMomentum,Hold,0.00|Insufficient momentum consensus,2026-01-08 21:46:27.180
1018219,FLO,2026-01-08 21:46:26.877,SRBounce,Hold,0.00|Not near key S/R levels,2026-01-08 21:46:27.237
1018220,FLO,2026-01-08 21:46:26.933,CMFMomentum,Hold,0.00|No CMF momentum signal,2026-01-08 21:46:27.293
1018221,FLO,2026-01-08 21:46:26.987,ForceIndex,Hold,0.00|No Force Index breakout,2026-01-08 21:46:27.350
1018222,FLO,2026-01-08 21:46:27.057,WilliamsR,Hold,0.00|No Williams %R reversal signal,2026-01-08 21:46:27.423
1018223,FLO,2026-01-08 21:46:27.117,PSAR,Hold,0.00|SAR no flip,2026-01-08 21:46:27.480
1018224,FLO,2026-01-08 21:46:27.173,Keltner,Hold,0.00|No Keltner breakout,2026-01-08 21:46:27.580
1018225,FLO,2026-01-08 21:46:27.273,OBV,Hold,0.00|No OBV divergence,2026-01-08 21:46:27.633
1018226,FLO,2026-01-08 21:46:27.330,Aroon,Hold,0.00|No Aroon trend change,2026-01-08 21:46:27.690
1018227,FLO,2026-01-08 21:46:27.383,ROC,Hold,0.00|No ROC momentum burst,2026-01-08 21:46:27.747
1018228,FLO,2026-01-08 21:46:27.440,TSI,Hold,0.00|No TSI crossover,2026-01-08 21:46:27.803
1018229,FLO,2026-01-08 21:46:27.497,Vortex,Hold,0.00|No Vortex trend change,2026-01-08 21:46:27.860
1018230,FLO,2026-01-08 21:46:27.553,Confluence,Hold,0.00|Insufficient confluence (score=0),2026-01-08 21:46:27.913
1018231,FLO,2026-01-08 21:46:27.607,Enhanced_Consensus,Hold,Insufficient votes | conf=0% | quality=0%,2026-01-08 21:46:27.970
1018232,FMC,2026-01-08 21:46:27.713,SwingFilter,Hold,No clear weekly trend direction,2026-01-08 21:46:28.073
1018233,FORM,2026-01-08 05:00:00.000,RealisticConservative,Buy,"? BUY: 7 votes, Composite=67%, Confirms=3 (BB conflict)",2026-01-08 21:46:29.193
1018234,FORM,2026-01-08 21:46:28.900,TrendMTF,Hold,0.00|No clear trend setup,2026-01-08 21:46:29.250
1018235,FORM,2026-01-08 21:46:28.957,MeanRevSR,Hold,"0.00|No mean reversion setup (RSI=50.0, regime=Weak Trend)",2026-01-08 21:46:29.307
1018236,FORM,2026-01-08 21:46:29.013,BreakoutVol,Hold,0.00|No breakout pattern (ADX=28.1),2026-01-08 21:46:29.363
1018237,FORM,2026-01-08 21:46:29.067,MomentumDiv,Hold,0.00|Indicators not ready,2026-01-08 21:46:29.420
1018238,FORM,2026-01-08 21:46:29.123,EMA+RSI,Hold,0.00|No EMA crossover,2026-01-08 21:46:29.473
1018239,FORM,2026-01-08 21:46:29.180,Bollinger,Sell,0.71|Bollinger mean reversion sell (RSI=69.3),2026-01-08 21:46:29.530
1018240,FORM,2026-01-08 21:46:29.237,ATR,Hold,0.00|No ATR breakout,2026-01-08 21:46:29.587
1018241,FORM,2026-01-08 21:46:29.293,MACD,Buy,0.65|MACD momentum building (hist=0.5137),2026-01-08 21:46:29.640
1018242,FORM,2026-01-08 21:46:29.347,ADX,Buy,0.77|ADX strong trend ? (ADX=28.1),2026-01-08 21:46:29.700
1018243,FORM,2026-01-08 21:46:29.410,Volume,Hold,0.00|Volume too low: 1.23x,2026-01-08 21:46:29.763
1018244,FORM,2026-01-08 21:46:29.470,Donchian,Hold,"0.00|Price within channel ($64.52, U=$66.47, L=$53.41)",2026-01-08 21:46:29.820
1018245,FORM,2026-01-08 21:46:29.523,Ichimoku,Buy,1.00|Bullish Ichimoku (price 6.2% above cloud),2026-01-08 21:46:29.880
1018246,FORM,2026-01-08 21:46:29.580,PriceAction,Hold,0.00|No clear price action trend,2026-01-08 21:46:29.937
1018247,FORM,2026-01-08 21:46:29.637,Supertrend,Buy,0.64|Supertrend bullish continuation (8.88% above),2026-01-08 21:46:29.997
1018248,FORM,2026-01-08 21:46:29.697,MeanRevMFI,Hold,0.00|No MFI mean reversion setup,2026-01-08 21:46:30.050
1018249,FORM,2026-01-08 21:46:29.753,TripleMomentum,Buy,0.90|Triple momentum bullish (2/3 indicators),2026-01-08 21:46:30.107
1018250,FORM,2026-01-08 21:46:29.810,SRBounce,Hold,0.00|Not near key S/R levels,2026-01-08 21:46:30.163
1018251,FORM,2026-01-08 21:46:29.863,CMFMomentum,Hold,0.00|No CMF momentum signal,2026-01-08 21:46:30.220
1018252,FORM,2026-01-08 21:46:29.923,ForceIndex,Hold,0.00|No Force Index breakout,2026-01-08 21:46:30.277
1018253,FOUR,2026-01-08 21:46:29.977,SwingFilter,Hold,No clear weekly trend direction,2026-01-08 21:46:30.330
1018254,FORM,2026-01-08 21:46:29.977,WilliamsR,Hold,0.00|No Williams %R reversal signal,2026-01-08 21:46:30.330
1018255,FORM,2026-01-08 21:46:30.033,PSAR,Hold,0.00|SAR no flip,2026-01-08 21:46:30.387
1018256,FORM,2026-01-08 21:46:30.087,Keltner,Buy,0.65|Keltner breakout ? (vol=1.08x),2026-01-08 21:46:30.443
1018257,FORM,2026-01-08 21:46:30.143,OBV,Hold,0.00|No OBV divergence,2026-01-08 21:46:30.500
1018258,FORM,2026-01-08 21:46:30.203,Aroon,Hold,0.00|No Aroon trend change,2026-01-08 21:46:30.557
1018259,FORM,2026-01-08 21:46:30.257,ROC,Hold,0.00|No ROC momentum burst,2026-01-08 21:46:30.610
1018260,FORM,2026-01-08 21:46:30.313,TSI,Hold,0.00|No TSI crossover,2026-01-08 21:46:30.667
1018261,FORM,2026-01-08 21:46:30.367,Vortex,Hold,0.00|No Vortex trend change,2026-01-08 21:46:30.723
1018262,FORM,2026-01-08 21:46:30.423,Confluence,Hold,0.00|Insufficient confluence (score=3),2026-01-08 21:46:30.780
1018263,FORM,2026-01-08 21:46:30.480,Enhanced_Consensus,Buy,"? BUY: 7 votes, Composite=67%, Confirms=3 (BB conflict) | conf=70% | quality=64%",2026-01-08 21:46:30.837
1018264,FORM,2026-01-08 21:46:30.537,Enhanced_Entry,Buy,"entry=$64.58, qty=17, stop=$5.16, quality=64%",2026-01-08 21:46:30.897
1018265,FTAI,2026-01-08 05:00:00.000,RelaxedEngine,Hold,Failed validation,2026-01-08 21:46:32.540
1018266,FTAI,2026-01-08 21:46:32.243,TrendMTF,Hold,0.00|No clear trend setup,2026-01-08 21:46:32.597
1018267,FTAI,2026-01-08 21:46:32.300,MeanRevSR,Hold,"0.00|No mean reversion setup (RSI=50.0, regime=Weak Trend)",2026-01-08 21:46:32.653
1018268,FTAI,2026-01-08 21:46:32.357,BreakoutVol,Hold,0.00|No breakout pattern (ADX=30.6),2026-01-08 21:46:32.710
1018269,FTAI,2026-01-08 21:46:32.410,MomentumDiv,Hold,0.00|Indicators not ready,2026-01-08 21:46:32.767
1018270,FTAI,2026-01-08 21:46:32.467,EMA+RSI,Hold,0.00|No EMA crossover,2026-01-08 21:46:32.820
1018271,FTAI,2026-01-08 21:46:32.523,Bollinger,Hold,0.00|Strong uptrend - avoid shorting momentum,2026-01-08 21:46:32.877
1018272,FTAI,2026-01-08 21:46:32.580,ATR,Hold,0.00|No ATR breakout,2026-01-08 21:46:32.933
1018273,FTAI,2026-01-08 21:46:32.637,MACD,Hold,0.00|No MACD signal,2026-01-08 21:46:32.990
1018274,FTAI,2026-01-08 21:46:32.693,ADX,Buy,0.85|ADX strong trend ? (ADX=30.6),2026-01-08 21:46:33.043
1018275,FTAI,2026-01-08 21:46:32.750,Volume,Buy,0.85|Volume spike 2.4x with upward momentum,2026-01-08 21:46:33.107
1018276,FTAI,2026-01-08 21:46:32.810,Donchian,Hold,"0.00|Price within channel ($238.80, U=$250.70, L=$162.07)",2026-01-08 21:46:33.160
1018277,FTAI,2026-01-08 21:46:32.863,Ichimoku,Buy,1.00|Bullish Ichimoku (price 12.7% above cloud),2026-01-08 21:46:33.223
1018278,FTAI,2026-01-08 21:46:32.920,PriceAction,Buy,0.80|Strong uptrend: Higher highs & higher lows confirmed,2026-01-08 21:46:33.280
1018279,FTAI,2026-01-08 21:46:32.977,Supertrend,Buy,0.64|Supertrend bullish continuation (8.70% above),2026-01-08 21:46:33.337
1018280,FTAI,2026-01-08 21:46:33.033,MeanRevMFI,Hold,0.00|Strong uptrend - avoid selling strength,2026-01-08 21:46:33.390
1018281,FTAI,2026-01-08 21:46:33.090,TripleMomentum,Hold,0.00|Insufficient momentum consensus,2026-01-08 21:46:33.447
1018282,FTAI,2026-01-08 21:46:33.147,SRBounce,Hold,0.00|Not near key S/R levels,2026-01-08 21:46:33.507
1018283,FTAI,2026-01-08 21:46:33.203,CMFMomentum,Hold,0.00|No CMF momentum signal,2026-01-08 21:46:33.563
1018284,FTAI,2026-01-08 21:46:33.260,ForceIndex,Hold,0.00|No Force Index breakout,2026-01-08 21:46:33.620
1018285,FTAI,2026-01-08 21:46:33.317,WilliamsR,Hold,0.00|No Williams %R reversal signal,2026-01-08 21:46:33.677
1018286,FTAI,2026-01-08 21:46:33.373,PSAR,Hold,0.00|SAR no flip,2026-01-08 21:46:33.730
1018287,FTAI,2026-01-08 21:46:33.427,Keltner,Hold,0.00|No Keltner breakout,2026-01-08 21:46:33.787
1018288,FTAI,2026-01-08 21:46:33.483,OBV,Hold,0.00|No OBV divergence,2026-01-08 21:46:33.843
1018289,FTAI,2026-01-08 21:46:33.540,Aroon,Hold,0.00|No Aroon trend change,2026-01-08 21:46:33.900
1018290,FTAI,2026-01-08 21:46:33.597,ROC,Hold,0.00|No ROC momentum burst,2026-01-08 21:46:33.957
1018291,FTAI,2026-01-08 21:46:33.653,TSI,Hold,0.00|No TSI crossover,2026-01-08 21:46:34.010
1018292,FTAI,2026-01-08 21:46:33.707,Vortex,Hold,0.00|No Vortex trend change,2026-01-08 21:46:34.067
1018293,FTAI,2026-01-08 21:46:33.763,Confluence,Hold,0.00|Insufficient confluence (score=3),2026-01-08 21:46:34.123
1018294,FTAI,2026-01-08 21:46:33.820,Enhanced_Consensus,Hold,Failed validation | conf=0% | quality=80%,2026-01-08 21:46:34.180
1018295,FUN,2026-01-08 21:46:34.557,SwingFilter,Hold,No clear weekly trend direction,2026-01-08 21:46:34.907
1018296,FTI,2026-01-08 05:00:00.000,RealisticConservative,Buy,"? BUY: 6 votes, Composite=69%, Confirms=3 (BB conflict)",2026-01-08 21:46:35.270
1018297,FTI,2026-01-08 21:46:34.977,TrendMTF,Hold,0.00|No clear trend setup,2026-01-08 21:46:35.327
1018298,FTI,2026-01-08 21:46:35.033,MeanRevSR,Hold,"0.00|No mean reversion setup (RSI=50.0, regime=Weak Trend)",2026-01-08 21:46:35.380
1018299,FTI,2026-01-08 21:46:35.087,BreakoutVol,Hold,0.00|No breakout pattern (ADX=30.1),2026-01-08 21:46:35.437
1018300,FTI,2026-01-08 21:46:35.143,MomentumDiv,Hold,0.00|Indicators not ready,2026-01-08 21:46:35.493
1018301,FTI,2026-01-08 21:46:35.200,EMA+RSI,Hold,0.00|No EMA crossover,2026-01-08 21:46:35.557
1018302,FTI,2026-01-08 21:46:35.263,Bollinger,Sell,0.71|Bollinger mean reversion sell (RSI=71.9),2026-01-08 21:46:35.613
1018303,FTI,2026-01-08 21:46:35.320,ATR,Hold,0.00|No ATR breakout,2026-01-08 21:46:35.670
1018304,FTI,2026-01-08 21:46:35.377,MACD,Buy,0.65|MACD momentum building (hist=0.4074),2026-01-08 21:46:35.727
1018305,FTI,2026-01-08 21:46:35.430,ADX,Buy,0.83|ADX strong trend ? (ADX=30.1),2026-01-08 21:46:35.780
1018306,FYBR,2026-01-08 21:46:35.440,SwingFilter,Hold,Volatility too low (0.28%) - no swing opportunity,2026-01-08 21:46:35.787
1018307,FTI,2026-01-08 21:46:35.487,Volume,Hold,0.00|Volume too low: 1.17x,2026-01-08 21:46:35.837
1018308,FTI,2026-01-08 21:46:35.547,Donchian,Hold,"0.00|Price within channel ($49.44, U=$50.09, L=$43.34)",2026-01-08 21:46:35.893
1018309,FTI,2026-01-08 21:46:35.600,Ichimoku,Hold,0.00|TK lines too close: 1.17%,2026-01-08 21:46:35.987
1018310,FTI,2026-01-08 21:46:35.683,PriceAction,Buy,0.80|Strong uptrend: Higher highs & higher lows confirmed,2026-01-08 21:46:36.040
1018311,FTI,2026-01-08 21:46:35.740,Supertrend,Buy,0.65|Supertrend bullish continuation (6.54% above),2026-01-08 21:46:36.097
1018312,GBDC,2026-01-08 21:46:35.763,SwingFilter,Hold,Weekly trend too weak (0.3%),2026-01-08 21:46:36.117
1018313,FTI,2026-01-08 21:46:35.797,MeanRevMFI,Hold,0.00|No MFI mean reversion setup,2026-01-08 21:46:36.153
1018314,FTI,2026-01-08 21:46:35.853,TripleMomentum,Hold,0.00|Insufficient momentum consensus,2026-01-08 21:46:36.210
1018315,FTI,2026-01-08 21:46:35.907,SRBounce,Hold,0.00|Not near key S/R levels,2026-01-08 21:46:36.267
1018316,FTI,2026-01-08 21:46:35.963,CMFMomentum,Hold,0.00|No CMF momentum signal,2026-01-08 21:46:36.320
1018317,FTI,2026-01-08 21:46:36.020,ForceIndex,Hold,0.00|No Force Index breakout,2026-01-08 21:46:36.377
1018318,FTI,2026-01-08 21:46:36.077,WilliamsR,Hold,0.00|No Williams %R reversal signal,2026-01-08 21:46:36.433
1018319,FTI,2026-01-08 21:46:36.133,PSAR,Hold,0.00|SAR no flip,2026-01-08 21:46:36.490
1018320,FTI,2026-01-08 21:46:36.187,Keltner,Hold,0.00|No Keltner breakout,2026-01-08 21:46:36.547
1018321,FTI,2026-01-08 21:46:36.243,OBV,Hold,0.00|No OBV divergence,2026-01-08 21:46:36.600
1018322,FTI,2026-01-08 21:46:36.300,Aroon,Hold,0.00|No Aroon trend change,2026-01-08 21:46:36.657
1018323,FTI,2026-01-08 21:46:36.357,ROC,Hold,0.00|No ROC momentum burst,2026-01-08 21:46:36.713
1018324,FTI,2026-01-08 21:46:36.413,TSI,Hold,0.00|No TSI crossover,2026-01-08 21:46:36.770
1018325,FTI,2026-01-08 21:46:36.470,Vortex,Hold,0.00|No Vortex trend change,2026-01-08 21:46:36.827
1018326,FTI,2026-01-08 21:46:36.523,Confluence,Hold,0.00|Insufficient confluence (score=3),2026-01-08 21:46:36.880
1018327,GDDY,2026-01-08 05:00:00.000,RealisticConservative,Sell,Sell: 8@79% Q:62% (BB conflict),2026-01-08 21:46:36.913
1018328,FTI,2026-01-08 21:46:36.580,Enhanced_Consensus,Buy,"? BUY: 6 votes, Composite=69%, Confirms=3 (BB conflict) | conf=73% | quality=67%",2026-01-08 21:46:36.940
1018329,GDDY,2026-01-08 21:46:36.610,TrendMTF,Hold,0.00|No clear trend setup,2026-01-08 21:46:36.970
1018330,FTI,2026-01-08 21:46:36.640,Enhanced_Entry,Buy,"entry=$49.49, qty=24, stop=$3.85, quality=67%",2026-01-08 21:46:36.990
1018331,GDDY,2026-01-08 21:46:36.667,MeanRevSR,Hold,"0.00|No mean reversion setup (RSI=50.0, regime=Quiet Market)",2026-01-08 21:46:37.013
1018332,GDDY,2026-01-08 21:46:36.723,BreakoutVol,Hold,0.00|No breakout pattern (ADX=28.7),2026-01-08 21:46:37.070
1018333,GDDY,2026-01-08 21:46:36.780,MomentumDiv,Hold,0.00|Indicators not ready,2026-01-08 21:46:37.127
1018334,GDDY,2026-01-08 21:46:36.837,EMA+RSI,Hold,0.00|No EMA crossover,2026-01-08 21:46:37.183
1018335,GDDY,2026-01-08 21:46:36.890,Bollinger,Buy,0.72|Bollinger mean reversion buy (RSI=26.0),2026-01-08 21:46:37.237
1018336,GDDY,2026-01-08 21:46:36.943,ATR,Hold,0.00|No ATR breakout,2026-01-08 21:46:37.290
1018337,GDDY,2026-01-08 21:46:37.000,MACD,Hold,0.00|No MACD signal,2026-01-08 21:46:37.343
1018338,GDDY,2026-01-08 21:46:37.050,ADX,Sell,0.79|ADX strong trend ? (ADX=28.7),2026-01-08 21:46:37.400
1018339,GDDY,2026-01-08 21:46:37.107,Volume,Hold,0.00|Volume too low: 0.83x,2026-01-08 21:46:37.457
1018340,GDDY,2026-01-08 21:46:37.163,Donchian,Hold,"0.00|Price within channel ($115.60, U=$131.74, L=$114.36)",2026-01-08 21:46:37.510
1018341,GDRX,2026-01-08 21:46:37.163,SwingFilter,Hold,No clear weekly trend direction,2026-01-08 21:46:37.513
1018342,GDDY,2026-01-08 21:46:37.220,Ichimoku,Sell,1.00|Bearish Ichimoku (price 5.5% below cloud),2026-01-08 21:46:37.563
1018343,GDDY,2026-01-08 21:46:37.270,PriceAction,Sell,0.80|Strong downtrend: Lower highs & lower lows confirmed,2026-01-08 21:46:37.620
1018344,GDDY,2026-01-08 21:46:37.327,Supertrend,Sell,0.65|Supertrend bearish continuation (5.84% below),2026-01-08 21:46:37.677
1018345,GDDY,2026-01-08 21:46:37.383,MeanRevMFI,Hold,0.00|No MFI mean reversion setup,2026-01-08 21:46:37.730
1018346,GDDY,2026-01-08 21:46:37.440,TripleMomentum,Sell,1.00|Triple momentum bearish (3/3 indicators),2026-01-08 21:46:37.787
1018347,GDDY,2026-01-08 21:46:37.497,SRBounce,Hold,0.00|Not near key S/R levels,2026-01-08 21:46:37.843
1018348,GDDY,2026-01-08 21:46:37.550,CMFMomentum,Hold,0.00|No CMF momentum signal,2026-01-08 21:46:37.900
1018349,GDDY,2026-01-08 21:46:37.607,ForceIndex,Hold,0.00|No Force Index breakout,2026-01-08 21:46:37.957
1018350,GDDY,2026-01-08 21:46:37.663,WilliamsR,Hold,0.00|No Williams %R reversal signal,2026-01-08 21:46:38.020
1018351,GDDY,2026-01-08 21:46:37.720,PSAR,Hold,0.00|SAR no flip,2026-01-08 21:46:38.077
1018352,GDDY,2026-01-08 21:46:37.777,Keltner,Hold,0.00|No Keltner breakout,2026-01-08 21:46:38.133
1018353,GDDY,2026-01-08 21:46:37.830,OBV,Hold,0.00|No OBV divergence,2026-01-08 21:46:38.190
1018354,GDDY,2026-01-08 21:46:37.887,Aroon,Hold,0.00|No Aroon trend change,2026-01-08 21:46:38.267
1018355,GDDY,2026-01-08 21:46:37.963,ROC,Sell,"0.60|ROC momentum burst ? (ROC=-9.1%, vol=0.84x)",2026-01-08 21:46:38.323
1018356,GDDY,2026-01-08 21:46:38.020,TSI,Hold,0.00|No TSI crossover,2026-01-08 21:46:38.380
1018357,GDDY,2026-01-08 21:46:38.073,Vortex,Hold,0.00|No Vortex trend change,2026-01-08 21:46:38.430
1018358,GDDY,2026-01-08 21:46:38.127,Confluence,Hold,0.00|Insufficient confluence (score=-1),2026-01-08 21:46:38.487
1018359,GDDY,2026-01-08 21:46:38.183,Enhanced_Consensus,Sell,Sell: 8@79% Q:62% (BB conflict) | conf=74% | quality=62%,2026-01-08 21:46:38.543
1018360,GDDY,2026-01-08 21:46:38.240,Enhanced_Entry,Sell,"entry=$115.48, qty=10, stop=$8.33, quality=62%",2026-01-08 21:46:38.600
1018361,GEO,2026-01-08 21:46:39.823,SwingFilter,Hold,Weekly trend too weak (1.3%),2026-01-08 21:46:40.183
1018362,GIS,2026-01-08 05:00:00.000,RelaxedEngine,Hold,Need core strategy,2026-01-08 21:46:40.987
1018363,GIS,2026-01-08 21:46:40.683,TrendMTF,Hold,0.00|No clear trend setup,2026-01-08 21:46:41.043
1018364,GIS,2026-01-08 21:46:40.737,MeanRevSR,Hold,"0.00|No mean reversion setup (RSI=50.0, regime=Quiet Market)",2026-01-08 21:46:41.093
1018365,GIS,2026-01-08 21:46:40.790,BreakoutVol,Hold,0.00|No breakout pattern (ADX=21.2),2026-01-08 21:46:41.150
1018366,GIS,2026-01-08 21:46:40.847,MomentumDiv,Hold,0.00|Indicators not ready,2026-01-08 21:46:41.200
1018367,GIS,2026-01-08 21:46:40.903,EMA+RSI,Hold,0.00|No EMA crossover,2026-01-08 21:46:41.257
1018368,GIS,2026-01-08 21:46:40.960,Bollinger,Buy,0.69|Bollinger mean reversion buy (RSI=34.6),2026-01-08 21:46:41.313
1018369,GIS,2026-01-08 21:46:41.017,ATR,Hold,0.00|No ATR breakout,2026-01-08 21:46:41.370
1018370,GIS,2026-01-08 21:46:41.070,MACD,Hold,0.00|No MACD signal,2026-01-08 21:46:41.423
1018371,GIS,2026-01-08 21:46:41.127,ADX,Hold,0.00|ADX too weak: 21.2 < 22,2026-01-08 21:46:41.480
1018372,GIS,2026-01-08 21:46:41.183,Volume,Sell,0.67|Volume spike 1.4x with downward momentum,2026-01-08 21:46:41.537
1018373,GIS,2026-01-08 21:46:41.240,Donchian,Hold,"0.00|Price within channel ($43.92, U=$49.25, L=$42.79)",2026-01-08 21:46:41.590
1018374,GIS,2026-01-08 21:46:41.293,Ichimoku,Sell,0.95|Bearish Ichimoku (price 3.7% below cloud),2026-01-08 21:46:41.643
1018375,GIS,2026-01-08 21:46:41.347,PriceAction,Sell,0.80|Strong downtrend: Lower highs & lower lows confirmed,2026-01-08 21:46:41.700
1018376,GIS,2026-01-08 21:46:41.407,Supertrend,Sell,0.65|Supertrend bearish continuation (3.91% below),2026-01-08 21:46:41.757
1018377,GIS,2026-01-08 21:46:41.460,MeanRevMFI,Hold,0.00|No MFI mean reversion setup,2026-01-08 21:46:41.813
1018378,GIS,2026-01-08 21:46:41.517,TripleMomentum,Hold,0.00|Insufficient momentum consensus,2026-01-08 21:46:41.870
1018379,GIS,2026-01-08 21:46:41.573,SRBounce,Hold,0.00|Not near key S/R levels,2026-01-08 21:46:41.923
1018380,GIS,2026-01-08 21:46:41.637,CMFMomentum,Hold,0.00|No CMF momentum signal,2026-01-08 21:46:41.987
1018381,GIS,2026-01-08 21:46:41.693,ForceIndex,Hold,0.00|No Force Index breakout,2026-01-08 21:46:42.043
1018382,GIS,2026-01-08 21:46:41.747,WilliamsR,Hold,0.00|No Williams %R reversal signal,2026-01-08 21:46:42.100
1018383,GIS,2026-01-08 21:46:41.803,PSAR,Hold,0.00|SAR no flip,2026-01-08 21:46:42.157
1018384,GIS,2026-01-08 21:46:41.860,Keltner,Hold,0.00|No Keltner breakout,2026-01-08 21:46:42.220
1018385,GIS,2026-01-08 21:46:41.913,OBV,Hold,0.00|No OBV divergence,2026-01-08 21:46:42.273
1018386,GIS,2026-01-08 21:46:41.970,Aroon,Hold,0.00|No Aroon trend change,2026-01-08 21:46:42.327
1018387,GLUE,2026-01-08 05:00:00.000,RelaxedEngine,Hold,Failed validation,2026-01-08 21:46:42.330
1018388,GIS,2026-01-08 21:46:42.023,ROC,Hold,0.00|No ROC momentum burst,2026-01-08 21:46:42.383
1018389,GLUE,2026-01-08 21:46:42.023,TrendMTF,Hold,0.00|No clear trend setup,2026-01-08 21:46:42.383
1018390,GIS,2026-01-08 21:46:42.080,TSI,Hold,0.00|No TSI crossover,2026-01-08 21:46:42.440
1018391,GLUE,2026-01-08 21:46:42.080,MeanRevSR,Hold,"0.00|No mean reversion setup (RSI=50.0, regime=Weak Trend)",2026-01-08 21:46:42.440
1018392,GIS,2026-01-08 21:46:42.137,Vortex,Hold,0.00|No Vortex trend change,2026-01-08 21:46:42.493
1018393,GLUE,2026-01-08 21:46:42.137,BreakoutVol,Hold,0.00|No breakout pattern (ADX=28.8),2026-01-08 21:46:42.497
1018394,GIS,2026-01-08 21:46:42.190,Confluence,Hold,0.00|Insufficient confluence (score=1),2026-01-08 21:46:42.550
1018395,GLUE,2026-01-08 21:46:42.193,MomentumDiv,Hold,0.00|Indicators not ready,2026-01-08 21:46:42.553
1018396,GIS,2026-01-08 21:46:42.247,Enhanced_Consensus,Hold,Need core strategy | conf=0% | quality=62%,2026-01-08 21:46:42.607
1018397,GLUE,2026-01-08 21:46:42.247,EMA+RSI,Hold,0.00|No EMA crossover,2026-01-08 21:46:42.610
1018398,GLUE,2026-01-08 21:46:42.303,Bollinger,Hold,0.00|Strong uptrend - avoid shorting momentum,2026-01-08 21:46:42.670
1018399,GLUE,2026-01-08 21:46:42.363,ATR,Hold,0.00|Volatility outside swing range: 6.52%,2026-01-08 21:46:42.723
1018400,GLUE,2026-01-08 21:46:42.420,MACD,Buy,0.65|MACD momentum building (hist=0.6517),2026-01-08 21:46:42.780
1018401,GLPI,2026-01-08 21:46:42.457,SwingFilter,Hold,Weekly trend too weak (1.1%),2026-01-08 21:46:42.813
1018402,GLUE,2026-01-08 21:46:42.477,ADX,Buy,0.79|ADX strong trend ? (ADX=28.8),2026-01-08 21:46:42.840
1018403,GLUE,2026-01-08 21:46:42.537,Volume,Buy,0.85|Volume spike 1.9x with upward momentum,2026-01-08 21:46:42.897
1018404,GLUE,2026-01-08 21:46:42.593,Donchian,Hold,"0.00|Price within channel ($25.31, U=$25.77, L=$13.69)",2026-01-08 21:46:42.953
1018405,GLUE,2026-01-08 21:46:42.647,Ichimoku,Hold,0.00|TK lines too close: 0.00%,2026-01-08 21:46:43.010
1018406,GLUE,2026-01-08 21:46:42.703,PriceAction,Hold,0.00|No clear price action trend,2026-01-08 21:46:43.063
1018407,GLUE,2026-01-08 21:46:42.760,Supertrend,Buy,0.53|Supertrend bullish continuation (22.87% above),2026-01-08 21:46:43.120
1018408,GLUE,2026-01-08 21:46:42.817,MeanRevMFI,Hold,0.00|No MFI mean reversion setup,2026-01-08 21:46:43.177
1018409,GLUE,2026-01-08 21:46:42.877,TripleMomentum,Buy,0.95|Triple momentum bullish (2/3 indicators),2026-01-08 21:46:43.220
1018410,GLUE,2026-01-08 21:46:42.933,SRBounce,Hold,0.00|Not near key S/R levels,2026-01-08 21:46:43.277
1018411,GLUE,2026-01-08 21:46:42.990,CMFMomentum,Hold,0.00|No CMF momentum signal,2026-01-08 21:46:43.333
1018412,GLUE,2026-01-08 21:46:43.043,ForceIndex,Hold,0.00|No Force Index breakout,2026-01-08 21:46:43.390
1018413,GLUE,2026-01-08 21:46:43.100,WilliamsR,Hold,0.00|No Williams %R reversal signal,2026-01-08 21:46:43.450
1018414,GLUE,2026-01-08 21:46:43.160,PSAR,Hold,0.00|SAR no flip,2026-01-08 21:46:43.507
1018415,GLXY,2026-01-08 21:46:43.197,SwingFilter,Hold,No clear weekly trend direction,2026-01-08 21:46:43.540
1018416,GLUE,2026-01-08 21:46:43.217,Keltner,Hold,0.00|No Keltner breakout,2026-01-08 21:46:43.560
1018417,GLUE,2026-01-08 21:46:43.273,OBV,Hold,0.00|No OBV divergence,2026-01-08 21:46:43.617
1018418,GLUE,2026-01-08 21:46:43.330,Aroon,Hold,0.00|No Aroon trend change,2026-01-08 21:46:43.673
1018419,GLUE,2026-01-08 21:46:43.383,ROC,Buy,"0.66|ROC momentum burst ? (ROC=62.9%, vol=1.52x)",2026-01-08 21:46:43.730
1018420,GLUE,2026-01-08 21:46:43.440,TSI,Hold,0.00|No TSI crossover,2026-01-08 21:46:43.787
1018421,GLUE,2026-01-08 21:46:43.497,Vortex,Hold,0.00|No Vortex trend change,2026-01-08 21:46:43.850
1018422,GNL,2026-01-08 05:00:00.000,RelaxedEngine,Hold,REJECT - Insufficient confirmations,2026-01-08 21:46:43.883
1018423,GLUE,2026-01-08 21:46:43.560,Confluence,Buy,"0.65|Bullish confluence (4/5): MACD bullish, Volume spike, Price momentum, ADX uptrend",2026-01-08 21:46:43.907
1018424,GNL,2026-01-08 21:46:43.597,TrendMTF,Hold,0.00|No clear trend setup,2026-01-08 21:46:43.940
1018425,GLUE,2026-01-08 21:46:43.617,Enhanced_Consensus,Hold,Failed validation | conf=0% | quality=73%,2026-01-08 21:46:43.960
1018426,GNL,2026-01-08 21:46:43.650,MeanRevSR,Hold,"0.00|No mean reversion setup (RSI=50.0, regime=Weak Trend)",2026-01-08 21:46:43.997
1018427,GNL,2026-01-08 21:46:43.707,BreakoutVol,Hold,0.00|No breakout pattern (ADX=37.3),2026-01-08 21:46:44.053
1018428,GNL,2026-01-08 21:46:43.763,MomentumDiv,Hold,0.00|Indicators not ready,2026-01-08 21:46:44.110
1018429,GNL,2026-01-08 21:46:43.820,EMA+RSI,Hold,0.00|No EMA crossover,2026-01-08 21:46:44.167
1018430,GNL,2026-01-08 21:46:43.880,Bollinger,Sell,0.69|Bollinger mean reversion sell (RSI=70.9),2026-01-08 21:46:44.227
1018431,GNL,2026-01-08 21:46:43.937,ATR,Hold,0.00|No ATR breakout,2026-01-08 21:46:44.280
1018432,GNL,2026-01-08 21:46:43.990,MACD,Hold,0.00|No MACD signal,2026-01-08 21:46:44.337
1018433,GME,2026-01-08 21:46:44.017,SwingFilter,Hold,Weekly trend too weak (1.4%),2026-01-08 21:46:44.363
1018434,GNL,2026-01-08 21:46:44.047,ADX,Buy,0.85|ADX strong trend ? (ADX=37.3),2026-01-08 21:46:44.390
1018435,GNL,2026-01-08 21:46:44.100,Volume,Hold,0.00|Inconsistent price action,2026-01-08 21:46:44.447
1018436,GNL,2026-01-08 21:46:44.157,Donchian,Hold,"0.00|Price within channel ($8.89, U=$9.02, L=$8.05)",2026-01-08 21:46:44.500
1018437,GNL,2026-01-08 21:46:44.210,Ichimoku,Buy,0.85|Bullish Ichimoku (price 3.0% above cloud),2026-01-08 21:46:44.557
1018438,GNL,2026-01-08 21:46:44.267,PriceAction,Hold,0.00|No clear price action trend,2026-01-08 21:46:44.613
1018439,GNL,2026-01-08 21:46:44.323,Supertrend,Buy,0.65|Supertrend bullish continuation (4.18% above),2026-01-08 21:46:44.667
1018440,GNL,2026-01-08 21:46:44.377,MeanRevMFI,Hold,0.00|No MFI mean reversion setup,2026-01-08 21:46:44.720
1018441,GNL,2026-01-08 21:46:44.430,TripleMomentum,Buy,0.95|Triple momentum bullish (2/3 indicators),2026-01-08 21:46:44.777
1018442,GNL,2026-01-08 21:46:44.490,SRBounce,Hold,0.00|Not near key S/R levels,2026-01-08 21:46:44.833
1018443,GNL,2026-01-08 21:46:44.543,CMFMomentum,Hold,0.00|No CMF momentum signal,2026-01-08 21:46:44.890
1018444,GNL,2026-01-08 21:46:44.597,ForceIndex,Hold,0.00|No Force Index breakout,2026-01-08 21:46:44.940
1018445,GNL,2026-01-08 21:46:44.650,WilliamsR,Hold,0.00|No Williams %R reversal signal,2026-01-08 21:46:44.997
1018446,GNL,2026-01-08 21:46:44.710,PSAR,Hold,0.00|SAR no flip,2026-01-08 21:46:45.057
1018447,GNL,2026-01-08 21:46:44.767,Keltner,Hold,0.00|No Keltner breakout,2026-01-08 21:46:45.113
1018448,GO,2026-01-08 05:00:00.000,RelaxedEngine,Hold,Insufficient votes,2026-01-08 21:46:45.150
1018449,GNL,2026-01-08 21:46:44.823,OBV,Hold,0.00|No OBV divergence,2026-01-08 21:46:45.170
1018450,GO,2026-01-08 21:46:44.860,TrendMTF,Hold,0.00|No clear trend setup,2026-01-08 21:46:45.207
1018451,GNL,2026-01-08 21:46:44.880,Aroon,Hold,0.00|No Aroon trend change,2026-01-08 21:46:45.230
1018452,GO,2026-01-08 21:46:44.917,MeanRevSR,Hold,0.00|Strong trend - avoid mean reversion,2026-01-08 21:46:45.267
1018453,GNL,2026-01-08 21:46:44.937,ROC,Hold,0.00|No ROC momentum burst,2026-01-08 21:46:45.283
1018454,GO,2026-01-08 21:46:44.973,BreakoutVol,Hold,0.00|No breakout pattern (ADX=38.1),2026-01-08 21:46:45.320
1018455,GNL,2026-01-08 21:46:44.990,TSI,Hold,0.00|No TSI crossover,2026-01-08 21:46:45.340
1018456,GO,2026-01-08 21:46:45.027,MomentumDiv,Hold,0.00|Indicators not ready,2026-01-08 21:46:45.377
1018457,GNL,2026-01-08 21:46:45.050,Vortex,Hold,0.00|No Vortex trend change,2026-01-08 21:46:45.397
1018458,GO,2026-01-08 21:46:45.083,EMA+RSI,Hold,0.00|No EMA crossover,2026-01-08 21:46:45.433
1018459,GNL,2026-01-08 21:46:45.103,Confluence,Hold,0.00|Insufficient confluence (score=3),2026-01-08 21:46:45.450
1018460,GO,2026-01-08 21:46:45.140,Bollinger,Buy,0.68|Bollinger mean reversion buy (RSI=33.8),2026-01-08 21:46:45.490
1018461,GNL,2026-01-08 21:46:45.160,Enhanced_Consensus,Hold,REJECT - Insufficient confirmations | conf=0% | quality=62%,2026-01-08 21:46:45.510
1018462,GO,2026-01-08 21:46:45.197,ATR,Hold,0.00|No ATR breakout,2026-01-08 21:46:45.547
1018463,GO,2026-01-08 21:46:45.253,MACD,Hold,0.00|No MACD signal,2026-01-08 21:46:45.600
1018464,GOF,2026-01-08 21:46:45.277,SwingFilter,Hold,Weekly trend too weak (0.1%),2026-01-08 21:46:45.623
1018465,GO,2026-01-08 21:46:45.307,ADX,Sell,0.85|ADX strong trend ? (ADX=38.1),2026-01-08 21:46:45.657
1018466,GILD,2026-01-08 21:46:45.333,SwingFilter,Hold,Weekly trend too weak (1.3%),2026-01-08 21:46:45.680
1018467,GO,2026-01-08 21:46:45.363,Volume,Hold,0.00|Volume too low: 1.05x,2026-01-08 21:46:45.713
1018468,GO,2026-01-08 21:46:45.420,Donchian,Hold,"0.00|Price within channel ($9.55, U=$11.56, L=$8.96)",2026-01-08 21:46:45.770
1018469,GO,2026-01-08 21:46:45.477,Ichimoku,Sell,1.00|Bearish Ichimoku (price 4.7% below cloud),2026-01-08 21:46:45.827
1018470,GO,2026-01-08 21:46:45.530,PriceAction,Hold,0.00|No clear price action trend,2026-01-08 21:46:45.880
1018471,GO,2026-01-08 21:46:45.590,Supertrend,Sell,0.64|Supertrend bearish continuation (9.11% below),2026-01-08 21:46:45.937
1018472,GNRC,2026-01-08 21:46:45.623,SwingFilter,Hold,No clear weekly trend direction,2026-01-08 21:46:45.973
1018473,GO,2026-01-08 21:46:45.643,MeanRevMFI,Hold,0.00|No MFI mean reversion setup,2026-01-08 21:46:45.993
1018474,GO,2026-01-08 21:46:45.700,TripleMomentum,Hold,0.00|Insufficient momentum consensus,2026-01-08 21:46:46.050
1018475,GO,2026-01-08 21:46:45.757,SRBounce,Hold,0.00|Not near key S/R levels,2026-01-08 21:46:46.107
1018476,GO,2026-01-08 21:46:45.813,CMFMomentum,Hold,0.00|No CMF momentum signal,2026-01-08 21:46:46.160
1018477,GO,2026-01-08 21:46:45.867,ForceIndex,Hold,0.00|No Force Index breakout,2026-01-08 21:46:46.217
1018478,GO,2026-01-08 21:46:45.923,WilliamsR,Hold,0.00|No Williams %R reversal signal,2026-01-08 21:46:46.277
1018479,GO,2026-01-08 21:46:45.980,PSAR,Hold,0.00|SAR no flip,2026-01-08 21:46:46.333
1018480,GO,2026-01-08 21:46:46.037,Keltner,Hold,0.00|No Keltner breakout,2026-01-08 21:46:46.390
1018481,GO,2026-01-08 21:46:46.093,OBV,Hold,0.00|No OBV divergence,2026-01-08 21:46:46.447
1018482,GO,2026-01-08 21:46:46.147,Aroon,Hold,0.00|No Aroon trend change,2026-01-08 21:46:46.500
1018483,GO,2026-01-08 21:46:46.203,ROC,Hold,0.00|No ROC momentum burst,2026-01-08 21:46:46.557
1018484,GO,2026-01-08 21:46:46.263,TSI,Hold,0.00|No TSI crossover,2026-01-08 21:46:46.620
1018485,GO,2026-01-08 21:46:46.327,Vortex,Hold,0.00|No Vortex trend change,2026-01-08 21:46:46.677
1018486,GO,2026-01-08 21:46:46.380,Confluence,Hold,0.00|Insufficient confluence (score=0),2026-01-08 21:46:46.733
1018487,GPC,2026-01-08 21:46:46.437,SwingFilter,Hold,Weekly trend too weak (0.3%),2026-01-08 21:46:46.790
1018488,GO,2026-01-08 21:46:46.437,Enhanced_Consensus,Hold,Insufficient votes | conf=0% | quality=0%,2026-01-08 21:46:46.790
1018489,GPN,2026-01-08 21:46:47.197,SwingFilter,Hold,Weekly trend too weak (0.5%),2026-01-08 21:46:47.547
1018490,GOSS,2026-01-08 21:46:47.677,SwingFilter,Hold,Volatility too high (10.05%) - excessive risk,2026-01-08 21:46:48.020
1018491,GPK,2026-01-08 21:46:48.873,SwingFilter,Hold,Weekly trend too weak (0.1%),2026-01-08 21:46:49.223
1018492,GSAT,2026-01-08 21:46:48.930,SwingFilter,Hold,Weekly trend too weak (1.5%),2026-01-08 21:46:49.277
1018493,GTES,2026-01-08 21:46:49.713,SwingFilter,Hold,Weekly trend too weak (0.9%),2026-01-08 21:46:50.060
1018494,HALO,2026-01-08 05:00:00.000,RealisticConservative,Buy,"? BUY: 8 votes, Composite=55%, Confirms=2 (BB conflict)",2026-01-08 21:46:51.140
1018495,HALO,2026-01-08 21:46:50.847,TrendMTF,Hold,0.00|No clear trend setup,2026-01-08 21:46:51.197
1018496,HALO,2026-01-08 21:46:50.903,MeanRevSR,Hold,"0.00|No mean reversion setup (RSI=50.0, regime=Quiet Market)",2026-01-08 21:46:51.250
1018497,HALO,2026-01-08 21:46:50.960,BreakoutVol,Hold,0.00|No breakout pattern (ADX=27.4),2026-01-08 21:46:51.307
1018498,HALO,2026-01-08 21:46:51.013,MomentumDiv,Hold,0.00|Indicators not ready,2026-01-08 21:46:51.363
1018499,HALO,2026-01-08 21:46:51.070,EMA+RSI,Buy,"0.60|EMA(20/50) crossover ? ",2026-01-08 21:46:51.420
1018500,HALO,2026-01-08 21:46:51.127,Bollinger,Sell,0.68|Bollinger mean reversion sell (RSI=60.5),2026-01-08 21:46:51.477
1018501,HALO,2026-01-08 21:46:51.183,ATR,Hold,0.00|No ATR breakout,2026-01-08 21:46:51.530
1018502,HALO,2026-01-08 21:46:51.237,MACD,Hold,0.00|No MACD signal,2026-01-08 21:46:51.583
1018503,HALO,2026-01-08 21:46:51.290,ADX,Buy,0.75|ADX strong trend ? (ADX=27.4),2026-01-08 21:46:51.637
1018504,HALO,2026-01-08 21:46:51.343,Volume,Hold,0.00|Volume too low: 1.24x,2026-01-08 21:46:51.693
1018505,HALO,2026-01-08 21:46:51.400,Donchian,Hold,"0.00|Price within channel ($72.13, U=$75.59, L=$61.23)",2026-01-08 21:46:51.750
1018506,HALO,2026-01-08 21:46:51.457,Ichimoku,Buy,0.87|Bullish Ichimoku (price 3.2% above cloud),2026-01-08 21:46:51.803
1018507,HALO,2026-01-08 21:46:51.510,PriceAction,Hold,0.00|No clear price action trend,2026-01-08 21:46:51.860
1018508,HALO,2026-01-08 21:46:51.567,Supertrend,Buy,0.65|Supertrend bullish continuation (4.21% above),2026-01-08 21:46:51.917
1018509,HALO,2026-01-08 21:46:51.623,MeanRevMFI,Sell,"0.68|MFI overbought reversal (MFI=76.5, band=81%)",2026-01-08 21:46:51.970
1018510,HALO,2026-01-08 21:46:51.673,TripleMomentum,Hold,0.00|Insufficient momentum consensus,2026-01-08 21:46:52.023
1018511,HALO,2026-01-08 21:46:51.733,SRBounce,Hold,0.00|Not near key S/R levels,2026-01-08 21:46:52.080
1018512,HALO,2026-01-08 21:46:51.793,CMFMomentum,Hold,0.00|No CMF momentum signal,2026-01-08 21:46:52.143
1018513,HALO,2026-01-08 21:46:51.853,ForceIndex,Hold,0.00|No Force Index breakout,2026-01-08 21:46:52.200
1018514,HALO,2026-01-08 21:46:51.907,WilliamsR,Sell,0.80|Williams %R overbought reversal (-32.3 from -4.4),2026-01-08 21:46:52.257
1018515,HALO,2026-01-08 21:46:51.963,PSAR,Hold,0.00|SAR no flip,2026-01-08 21:46:52.313
1018516,HAYW,2026-01-08 21:46:52.017,SwingFilter,Hold,Weekly trend too weak (1.3%),2026-01-08 21:46:52.370
1018517,HALO,2026-01-08 21:46:52.020,Keltner,Hold,0.00|No Keltner breakout,2026-01-08 21:46:52.373
1018518,HALO,2026-01-08 21:46:52.083,OBV,Hold,0.00|No OBV divergence,2026-01-08 21:46:52.433
1018519,HALO,2026-01-08 21:46:52.143,Aroon,Hold,0.00|No Aroon trend change,2026-01-08 21:46:52.497
1018520,HALO,2026-01-08 21:46:52.207,ROC,Hold,0.00|No ROC momentum burst,2026-01-08 21:46:52.600
1018521,HALO,2026-01-08 21:46:52.310,TSI,Hold,0.00|No TSI crossover,2026-01-08 21:46:52.680
1018522,HALO,2026-01-08 21:46:52.383,Vortex,Hold,0.00|No Vortex trend change,2026-01-08 21:46:52.737
1018523,HALO,2026-01-08 21:46:52.440,Confluence,Hold,0.00|Insufficient confluence (score=3),2026-01-08 21:46:52.817
1018524,HALO,2026-01-08 21:46:52.523,Enhanced_Consensus,Buy,"? BUY: 8 votes, Composite=55%, Confirms=2 (BB conflict) | conf=59% | quality=69%",2026-01-08 21:46:52.910
1018525,HALO,2026-01-08 21:46:52.610,Enhanced_Entry,Buy,"entry=$72.20, qty=20, stop=$4.63, quality=69%",2026-01-08 21:46:52.963
1018526,HCA,2026-01-08 21:46:52.843,SwingFilter,Hold,Weekly trend too weak (1.2%),2026-01-08 21:46:53.193
1018527,HBI,2026-01-08 21:46:52.890,SwingFilter,Hold,Weekly trend too weak (1.2%),2026-01-08 21:46:53.240
1018528,HE,2026-01-08 05:00:00.000,RealisticConservative,Buy,"? BUY: 8 votes, Composite=68%, Confirms=3 (BB conflict)",2026-01-08 21:46:54.043
1018529,HAL,2026-01-08 05:00:00.000,RealisticConservative,Buy,"? BUY: 9 votes, Composite=69%, Confirms=3 (BB conflict)",2026-01-08 21:46:54.043
1018530,HE,2026-01-08 21:46:53.740,TrendMTF,Hold,0.00|No clear trend setup,2026-01-08 21:46:54.100
1018531,HAL,2026-01-08 21:46:53.740,TrendMTF,Hold,0.00|No clear trend setup,2026-01-08 21:46:54.100
1018532,HE,2026-01-08 21:46:53.793,MeanRevSR,Hold,"0.00|No mean reversion setup (RSI=50.0, regime=High Volatility)",2026-01-08 21:46:54.157
1018533,HAL,2026-01-08 21:46:53.797,MeanRevSR,Hold,"0.00|No mean reversion setup (RSI=50.0, regime=Weak Trend)",2026-01-08 21:46:54.157
1018534,HE,2026-01-08 21:46:53.850,BreakoutVol,Hold,0.00|No breakout pattern (ADX=28.0),2026-01-08 21:46:54.210
1018535,HAL,2026-01-08 21:46:53.850,BreakoutVol,Hold,0.00|No breakout pattern (ADX=27.2),2026-01-08 21:46:54.213
1018536,HE,2026-01-08 21:46:53.907,MomentumDiv,Hold,0.00|Indicators not ready,2026-01-08 21:46:54.267
1018537,HAL,2026-01-08 21:46:53.907,MomentumDiv,Hold,0.00|Indicators not ready,2026-01-08 21:46:54.270
1018538,HE,2026-01-08 21:46:53.963,EMA+RSI,Hold,0.00|No EMA crossover,2026-01-08 21:46:54.323
1018539,HAL,2026-01-08 21:46:53.963,EMA+RSI,Hold,0.00|No EMA crossover,2026-01-08 21:46:54.323
1018540,HE,2026-01-08 21:46:54.017,Bollinger,Sell,0.71|Bollinger mean reversion sell (RSI=69.3),2026-01-08 21:46:54.377
1018541,HAL,2026-01-08 21:46:54.020,Bollinger,Sell,0.73|Bollinger mean reversion sell (RSI=70.0),2026-01-08 21:46:54.380
1018542,HE,2026-01-08 21:46:54.070,ATR,Hold,0.00|No ATR breakout,2026-01-08 21:46:54.427
1018543,HAL,2026-01-08 21:46:54.077,ATR,Hold,0.00|No ATR breakout,2026-01-08 21:46:54.437
1018544,HE,2026-01-08 21:46:54.123,MACD,Buy,0.65|MACD momentum building (hist=0.1676),2026-01-08 21:46:54.480
1018545,HE,2026-01-08 21:46:54.173,ADX,Buy,0.77|ADX strong trend ? (ADX=28.0),2026-01-08 21:46:54.537
1018546,HAL,2026-01-08 21:46:54.130,MACD,Hold,0.00|No MACD signal,2026-01-08 21:46:54.537
1018547,HE,2026-01-08 21:46:54.230,Volume,Hold,0.00|Volume too low: 0.70x,2026-01-08 21:46:54.587
1018548,HAL,2026-01-08 21:46:54.233,ADX,Buy,0.75|ADX strong trend ? (ADX=27.2),2026-01-08 21:46:54.593
1018549,HE,2026-01-08 21:46:54.283,Donchian,Hold,"0.00|Price within channel ($13.66, U=$13.91, L=$10.99)",2026-01-08 21:46:54.640
1018550,HAL,2026-01-08 21:46:54.287,Volume,Hold,0.00|Inconsistent price action,2026-01-08 21:46:54.650
1018551,HI,2026-01-08 21:46:54.330,SwingFilter,Hold,Volatility too low (0.33%) - no swing opportunity,2026-01-08 21:46:54.690
1018552,HE,2026-01-08 21:46:54.337,Ichimoku,Buy,1.00|Bullish Ichimoku (price 7.4% above cloud),2026-01-08 21:46:54.693
1018553,HAL,2026-01-08 21:46:54.343,Donchian,Hold,"0.00|Price within channel ($32.17, U=$33.03, L=$26.79)",2026-01-08 21:46:54.703
1018554,HD,2026-01-08 21:46:54.387,SwingFilter,Hold,Weekly trend too weak (1.2%),2026-01-08 21:46:54.743
1018555,HE,2026-01-08 21:46:54.390,PriceAction,Hold,0.00|No clear price action trend,2026-01-08 21:46:54.747
1018556,HAL,2026-01-08 21:46:54.400,Ichimoku,Buy,1.00|Bullish Ichimoku (price 6.8% above cloud),2026-01-08 21:46:54.760
1018557,HE,2026-01-08 21:46:54.443,Supertrend,Buy,0.65|Supertrend bullish continuation (8.47% above),2026-01-08 21:46:54.803
1018558,HAL,2026-01-08 21:46:54.457,PriceAction,Hold,0.00|No clear price action trend,2026-01-08 21:46:54.817
1018559,HE,2026-01-08 21:46:54.500,MeanRevMFI,Hold,0.00|No MFI mean reversion setup,2026-01-08 21:46:54.860
1018560,HAL,2026-01-08 21:46:54.513,Supertrend,Buy,0.65|Supertrend bullish continuation (7.66% above),2026-01-08 21:46:54.873
1018561,HE,2026-01-08 21:46:54.553,TripleMomentum,Buy,1.00|Triple momentum bullish (3/3 indicators),2026-01-08 21:46:54.917
1018562,HAL,2026-01-08 21:46:54.567,MeanRevMFI,Hold,0.00|No MFI mean reversion setup,2026-01-08 21:46:54.930
1018563,HE,2026-01-08 21:46:54.610,SRBounce,Hold,0.00|Not near key S/R levels,2026-01-08 21:46:54.983
1018564,HAL,2026-01-08 21:46:54.623,TripleMomentum,Buy,1.00|Triple momentum bullish (3/3 indicators),2026-01-08 21:46:54.990
1018565,HE,2026-01-08 21:46:54.697,CMFMomentum,Hold,0.00|No CMF momentum signal,2026-01-08 21:46:55.040
1018566,HAL,2026-01-08 21:46:54.700,SRBounce,Hold,0.00|Not near key S/R levels,2026-01-08 21:46:55.047
1018567,HE,2026-01-08 21:46:54.750,ForceIndex,Hold,0.00|No Force Index breakout,2026-01-08 21:46:55.093
1018568,HAL,2026-01-08 21:46:54.757,CMFMomentum,Hold,0.00|No CMF momentum signal,2026-01-08 21:46:55.100
1018569,HE,2026-01-08 21:46:54.803,WilliamsR,Hold,0.00|No Williams %R reversal signal,2026-01-08 21:46:55.150
1018570,HAL,2026-01-08 21:46:54.813,ForceIndex,Hold,0.00|No Force Index breakout,2026-01-08 21:46:55.157
1018571,HE,2026-01-08 21:46:54.857,PSAR,Hold,0.00|SAR no flip,2026-01-08 21:46:55.200
1018572,HAL,2026-01-08 21:46:54.867,WilliamsR,Hold,0.00|No Williams %R reversal signal,2026-01-08 21:46:55.213
1018573,HE,2026-01-08 21:46:54.910,Keltner,Hold,0.00|No Keltner breakout,2026-01-08 21:46:55.257
1018574,HAL,2026-01-08 21:46:54.923,PSAR,Hold,0.00|SAR no flip,2026-01-08 21:46:55.270
1018575,HE,2026-01-08 21:46:54.967,OBV,Hold,0.00|No OBV divergence,2026-01-08 21:46:55.313
1018576,HAL,2026-01-08 21:46:54.980,Keltner,Buy,0.85|Keltner breakout ? (vol=1.59x),2026-01-08 21:46:55.327
1018577,HE,2026-01-08 21:46:55.023,Aroon,Hold,0.00|No Aroon trend change,2026-01-08 21:46:55.370
1018578,HAL,2026-01-08 21:46:55.037,OBV,Hold,0.00|No OBV divergence,2026-01-08 21:46:55.380
1018579,HE,2026-01-08 21:46:55.080,ROC,Buy,"0.68|ROC momentum burst ? (ROC=19.6%, vol=0.61x)",2026-01-08 21:46:55.423
1018580,HAL,2026-01-08 21:46:55.093,Aroon,Hold,0.00|No Aroon trend change,2026-01-08 21:46:55.437
1018581,HE,2026-01-08 21:46:55.133,TSI,Hold,0.00|No TSI crossover,2026-01-08 21:46:55.480
1018582,HAL,2026-01-08 21:46:55.147,ROC,Buy,"0.89|ROC momentum burst ? (ROC=16.1%, vol=1.59x)",2026-01-08 21:46:55.493
1018583,HE,2026-01-08 21:46:55.190,Vortex,Hold,0.00|No Vortex trend change,2026-01-08 21:46:55.537
1018584,HIVE,2026-01-08 21:46:55.203,SwingFilter,Hold,No clear weekly trend direction,2026-01-08 21:46:55.550
1018585,HAL,2026-01-08 21:46:55.203,TSI,Hold,0.00|No TSI crossover,2026-01-08 21:46:55.550
1018586,HE,2026-01-08 21:46:55.247,Confluence,Hold,0.00|Insufficient confluence (score=3),2026-01-08 21:46:55.590
1018587,HAL,2026-01-08 21:46:55.260,Vortex,Hold,0.00|No Vortex trend change,2026-01-08 21:46:55.607
1018588,HE,2026-01-08 21:46:55.297,Enhanced_Consensus,Buy,"? BUY: 8 votes, Composite=68%, Confirms=3 (BB conflict) | conf=72% | quality=65%",2026-01-08 21:46:55.640
1018589,HAL,2026-01-08 21:46:55.317,Confluence,Buy,"0.65|Bullish confluence (4/5): MACD bullish, Volume spike, Price momentum, ADX uptrend",2026-01-08 21:46:55.660
1018590,HE,2026-01-08 21:46:55.350,Enhanced_Entry,Buy,"entry=$13.67, qty=83, stop=$1.09, quality=65%",2026-01-08 21:46:55.697
1018591,HAL,2026-01-08 21:46:55.373,Enhanced_Consensus,Buy,"? BUY: 9 votes, Composite=69%, Confirms=3 (BB conflict) | conf=73% | quality=68%",2026-01-08 21:46:55.720
1018592,HAL,2026-01-08 21:46:55.430,Enhanced_Entry,Buy,"entry=$32.20, qty=36, stop=$2.57, quality=68%",2026-01-08 21:46:55.777
1018593,HLLY,2026-01-08 21:46:55.987,SwingFilter,Hold,No clear weekly trend direction,2026-01-08 21:46:56.347
1018594,HOLX,2026-01-08 21:46:57.260,SwingFilter,Hold,Volatility too low (0.36%) - no swing opportunity,2026-01-08 21:46:57.607
1018595,HP,2026-01-08 05:00:00.000,RelaxedEngine,Hold,REJECT - Insufficient confirmations,2026-01-08 21:46:58.853
1018596,HOUS,2026-01-08 05:00:00.000,RelaxedEngine,Hold,Failed validation,2026-01-08 21:46:58.903
1018597,HP,2026-01-08 21:46:58.553,TrendMTF,Hold,0.00|No clear trend setup,2026-01-08 21:46:58.910
1018598,HOUS,2026-01-08 21:46:58.603,TrendMTF,Hold,0.00|No clear trend setup,2026-01-08 21:46:58.960
1018599,HP,2026-01-08 21:46:58.607,MeanRevSR,Hold,"0.00|No mean reversion setup (RSI=50.0, regime=Weak Trend)",2026-01-08 21:46:58.963
1018600,HOUS,2026-01-08 21:46:58.660,MeanRevSR,Hold,0.00|Strong trend - avoid mean reversion,2026-01-08 21:46:59.017
1018601,HP,2026-01-08 21:46:58.663,BreakoutVol,Hold,0.00|No breakout pattern (ADX=25.7),2026-01-08 21:46:59.020
1018602,HOUS,2026-01-08 21:46:58.713,BreakoutVol,Hold,0.00|No breakout pattern (ADX=41.1),2026-01-08 21:46:59.070
1018603,HP,2026-01-08 21:46:58.720,MomentumDiv,Hold,0.00|Indicators not ready,2026-01-08 21:46:59.080
1018604,HOUS,2026-01-08 21:46:58.770,MomentumDiv,Hold,0.00|Indicators not ready,2026-01-08 21:46:59.127
1018605,HOUS,2026-01-08 21:46:58.827,EMA+RSI,Hold,0.00|No EMA crossover,2026-01-08 21:46:59.183
1018606,HOUS,2026-01-08 21:46:58.883,Bollinger,Sell,0.76|Bollinger mean reversion sell (RSI=79.0),2026-01-08 21:46:59.240
1018607,HOUS,2026-01-08 21:46:58.937,ATR,Hold,0.00|No ATR breakout,2026-01-08 21:46:59.290
1018608,HOUS,2026-01-08 21:46:58.990,MACD,Buy,0.65|MACD momentum building (hist=0.2147),2026-01-08 21:46:59.347
1018609,HOUS,2026-01-08 21:46:59.047,ADX,Buy,0.85|ADX strong trend ? (ADX=41.1),2026-01-08 21:46:59.403
1018610,HP,2026-01-08 21:46:59.083,EMA+RSI,Hold,0.00|No EMA crossover,2026-01-08 21:46:59.440
1018611,HOUS,2026-01-08 21:46:59.100,Volume,Buy,0.85|Volume spike 4.6x with upward momentum,2026-01-08 21:46:59.457
1018612,HP,2026-01-08 21:46:59.140,Bollinger,Sell,0.69|Bollinger mean reversion sell (RSI=65.4),2026-01-08 21:46:59.497
1018613,HOUS,2026-01-08 21:46:59.153,Donchian,Hold,"0.00|Price within channel ($17.64, U=$18.03, L=$13.71)",2026-01-08 21:46:59.507
1018614,HP,2026-01-08 21:46:59.197,ATR,Hold,0.00|No ATR breakout,2026-01-08 21:46:59.553
1018615,HOUS,2026-01-08 21:46:59.207,Ichimoku,Hold,0.00|TK lines too close: 0.00%,2026-01-08 21:46:59.560
1018616,HP,2026-01-08 21:46:59.253,MACD,Hold,0.00|No MACD signal,2026-01-08 21:46:59.610
1018617,HOUS,2026-01-08 21:46:59.257,PriceAction,Buy,0.80|Strong uptrend: Higher highs & higher lows confirmed,2026-01-08 21:46:59.610
1018618,HOUS,2026-01-08 21:46:59.310,Supertrend,Buy,0.60|Supertrend bullish continuation (13.86% above),2026-01-08 21:46:59.663
1018619,HP,2026-01-08 21:46:59.307,ADX,Buy,0.70|ADX strong trend ? (ADX=25.7),2026-01-08 21:46:59.663
1018620,HOUS,2026-01-08 21:46:59.363,MeanRevMFI,Hold,0.00|No MFI mean reversion setup,2026-01-08 21:46:59.720
1018621,HP,2026-01-08 21:46:59.363,Volume,Hold,0.00|Volume too low: 0.95x,2026-01-08 21:46:59.720
1018622,HOUS,2026-01-08 21:46:59.420,TripleMomentum,Buy,0.95|Triple momentum bullish (2/3 indicators),2026-01-08 21:46:59.777
1018623,HP,2026-01-08 21:46:59.420,Donchian,Hold,"0.00|Price within channel ($31.41, U=$31.92, L=$27.04)",2026-01-08 21:46:59.777
1018624,HOUS,2026-01-08 21:46:59.477,SRBounce,Hold,0.00|Not near key S/R levels,2026-01-08 21:46:59.830
1018625,HP,2026-01-08 21:46:59.477,Ichimoku,Hold,0.00|TK lines too close: 0.86%,2026-01-08 21:46:59.833
1018626,HOUS,2026-01-08 21:46:59.530,CMFMomentum,Buy,"0.75|CMF accumulation (CMF=0.100, RSI=79)",2026-01-08 21:46:59.887
1018627,HP,2026-01-08 21:46:59.530,PriceAction,Hold,0.00|No clear price action trend,2026-01-08 21:46:59.890
1018628,HOUS,2026-01-08 21:46:59.583,ForceIndex,Hold,0.00|No Force Index breakout,2026-01-08 21:46:59.943
1018629,HP,2026-01-08 21:46:59.587,Supertrend,Buy,0.64|Supertrend bullish continuation (9.73% above),2026-01-08 21:46:59.947
1018630,HOUS,2026-01-08 21:46:59.637,WilliamsR,Hold,0.00|No Williams %R reversal signal,2026-01-08 21:46:59.993
1018631,HP,2026-01-08 21:46:59.643,MeanRevMFI,Hold,0.00|No MFI mean reversion setup,2026-01-08 21:47:00.003
1018632,HOUS,2026-01-08 21:46:59.690,PSAR,Hold,0.00|SAR no flip,2026-01-08 21:47:00.050
1018633,HP,2026-01-08 21:46:59.700,TripleMomentum,Buy,1.00|Triple momentum bullish (3/3 indicators),2026-01-08 21:47:00.060
1018634,HOUS,2026-01-08 21:46:59.747,Keltner,Hold,0.00|No Keltner breakout,2026-01-08 21:47:00.107
1018635,HP,2026-01-08 21:46:59.757,SRBounce,Hold,0.00|Not near key S/R levels,2026-01-08 21:47:00.117
1018636,HOUS,2026-01-08 21:46:59.803,OBV,Hold,0.00|No OBV divergence,2026-01-08 21:47:00.160
1018637,HP,2026-01-08 21:46:59.813,CMFMomentum,Hold,0.00|No CMF momentum signal,2026-01-08 21:47:00.170
1018638,HOUS,2026-01-08 21:46:59.857,Aroon,Hold,0.00|No Aroon trend change,2026-01-08 21:47:00.213
1018639,HP,2026-01-08 21:46:59.870,ForceIndex,Hold,0.00|No Force Index breakout,2026-01-08 21:47:00.227
1018640,HOUS,2026-01-08 21:46:59.913,ROC,Buy,"0.87|ROC momentum burst ? (ROC=21.8%, vol=4.05x)",2026-01-08 21:47:00.270
1018641,HP,2026-01-08 21:46:59.923,WilliamsR,Hold,0.00|No Williams %R reversal signal,2026-01-08 21:47:00.283
1018642,HOUS,2026-01-08 21:46:59.967,TSI,Hold,0.00|No TSI crossover,2026-01-08 21:47:00.327
1018643,HP,2026-01-08 21:46:59.983,PSAR,Hold,0.00|SAR no flip,2026-01-08 21:47:00.343
1018644,HOUS,2026-01-08 21:47:00.023,Vortex,Hold,0.00|No Vortex trend change,2026-01-08 21:47:00.383
1018645,HPP,2026-01-08 21:47:00.040,SwingFilter,Hold,No clear weekly trend direction,2026-01-08 21:47:00.400
1018646,HP,2026-01-08 21:47:00.040,Keltner,Hold,0.00|No Keltner breakout,2026-01-08 21:47:00.400
1018647,HR,2026-01-08 21:47:00.067,SwingFilter,Hold,Weekly trend too weak (1.3%),2026-01-08 21:47:00.427
1018648,HOUS,2026-01-08 21:47:00.077,Confluence,Buy,"0.65|Bullish confluence (4/5): MACD bullish, Volume spike, Price momentum, ADX uptrend",2026-01-08 21:47:00.433
1018649,HP,2026-01-08 21:47:00.097,OBV,Hold,0.00|No OBV divergence,2026-01-08 21:47:00.457
1018650,HOUS,2026-01-08 21:47:00.130,Enhanced_Consensus,Hold,Failed validation | conf=0% | quality=80%,2026-01-08 21:47:00.490
1018651,HP,2026-01-08 21:47:00.153,Aroon,Hold,0.00|No Aroon trend change,2026-01-08 21:47:00.510
1018652,HP,2026-01-08 21:47:00.207,ROC,Buy,"0.70|ROC momentum burst ? (ROC=12.4%, vol=0.93x)",2026-01-08 21:47:00.567
1018653,HP,2026-01-08 21:47:00.263,TSI,Hold,0.00|No TSI crossover,2026-01-08 21:47:00.623
1018654,HP,2026-01-08 21:47:00.320,Vortex,Hold,0.00|No Vortex trend change,2026-01-08 21:47:00.680
1018655,HP,2026-01-08 21:47:00.377,Confluence,Hold,0.00|Insufficient confluence (score=3),2026-01-08 21:47:00.737
1018656,HP,2026-01-08 21:47:00.433,Enhanced_Consensus,Hold,REJECT - Insufficient confirmations | conf=0% | quality=58%,2026-01-08 21:47:00.790
1018657,HRB,2026-01-08 21:47:00.460,SwingFilter,Hold,Weekly trend too weak (1.2%),2026-01-08 21:47:00.820
1018658,HPQ,2026-01-08 05:00:00.000,RelaxedEngine,Hold,Insufficient votes,2026-01-08 21:47:01.180
1018659,HPQ,2026-01-08 21:47:00.873,TrendMTF,Hold,0.00|No clear trend setup,2026-01-08 21:47:01.233
1018660,HPQ,2026-01-08 21:47:00.930,MeanRevSR,Hold,"0.00|No mean reversion setup (RSI=50.0, regime=Weak Trend)",2026-01-08 21:47:01.290
1018661,HPQ,2026-01-08 21:47:00.987,BreakoutVol,Hold,0.00|No breakout pattern (ADX=42.8),2026-01-08 21:47:01.347
1018662,HPQ,2026-01-08 21:47:01.043,MomentumDiv,Hold,0.00|Indicators not ready,2026-01-08 21:47:01.403
1018663,HPQ,2026-01-08 21:47:01.097,EMA+RSI,Hold,0.00|No EMA crossover,2026-01-08 21:47:01.453
1018664,HPQ,2026-01-08 21:47:01.150,Bollinger,Buy,0.68|Bollinger mean reversion buy (RSI=32.3),2026-01-08 21:47:01.510
1018665,HPQ,2026-01-08 21:47:01.207,ATR,Hold,0.00|No ATR breakout,2026-01-08 21:47:01.560
1018666,HPQ,2026-01-08 21:47:01.257,MACD,Hold,0.00|No MACD signal,2026-01-08 21:47:01.613
1018667,HPQ,2026-01-08 21:47:01.310,ADX,Sell,0.85|ADX strong trend ? (ADX=42.8),2026-01-08 21:47:01.670
1018668,HPQ,2026-01-08 21:47:01.367,Volume,Hold,0.00|Inconsistent price action,2026-01-08 21:47:01.723
1018669,HRL,2026-01-08 05:00:00.000,RelaxedEngine,Hold,Insufficient votes,2026-01-08 21:47:01.730
1018670,HPQ,2026-01-08 21:47:01.420,Donchian,Hold,"0.00|Price within channel ($21.39, U=$26.04, L=$20.65)",2026-01-08 21:47:01.780
1018671,HPQ,2026-01-08 21:47:01.473,Ichimoku,Sell,1.00|Bearish Ichimoku (price 5.9% below cloud),2026-01-08 21:47:01.830
1018672,HRL,2026-01-08 21:47:01.427,TrendMTF,Hold,0.00|No clear trend setup,2026-01-08 21:47:01.830
1018673,HPQ,2026-01-08 21:47:01.527,PriceAction,Hold,0.00|No clear price action trend,2026-01-08 21:47:01.887
1018674,HRL,2026-01-08 21:47:01.527,MeanRevSR,Hold,"0.00|No mean reversion setup (RSI=50.0, regime=Quiet Market)",2026-01-08 21:47:01.887
1018675,HPQ,2026-01-08 21:47:01.583,Supertrend,Sell,0.65|Supertrend bearish continuation (8.11% below),2026-01-08 21:47:01.943
1018676,HRL,2026-01-08 21:47:01.583,BreakoutVol,Hold,0.00|No breakout pattern (ADX=25.1),2026-01-08 21:47:01.943
1018677,HPQ,2026-01-08 21:47:01.640,MeanRevMFI,Hold,0.00|No MFI mean reversion setup,2026-01-08 21:47:01.990
1018678,HRL,2026-01-08 21:47:01.640,MomentumDiv,Hold,0.00|Indicators not ready,2026-01-08 21:47:01.990
1018679,HTGC,2026-01-08 21:47:01.660,SwingFilter,Hold,Weekly trend too weak (1.4%),2026-01-08 21:47:02.010
1018680,HRL,2026-01-08 21:47:01.697,EMA+RSI,Hold,0.00|EMA sell rejected: EMAs too close (0.65%),2026-01-08 21:47:02.047
1018681,HPQ,2026-01-08 21:47:01.697,TripleMomentum,Hold,0.00|Insufficient momentum consensus,2026-01-08 21:47:02.047
1018682,HRL,2026-01-08 21:47:01.750,Bollinger,Buy,0.69|Bollinger mean reversion buy (RSI=41.8),2026-01-08 21:47:02.097
1018683,HPQ,2026-01-08 21:47:01.753,SRBounce,Hold,0.00|Not near key S/R levels,2026-01-08 21:47:02.103
1018684,HRL,2026-01-08 21:47:01.803,ATR,Hold,0.00|No ATR breakout,2026-01-08 21:47:02.153
1018685,HPQ,2026-01-08 21:47:01.807,CMFMomentum,Hold,0.00|No CMF momentum signal,2026-01-08 21:47:02.160
1018686,HRL,2026-01-08 21:47:01.860,MACD,Hold,0.00|No MACD signal,2026-01-08 21:47:02.210
1018687,HPQ,2026-01-08 21:47:01.863,ForceIndex,Hold,0.00|No Force Index breakout,2026-01-08 21:47:02.213
1018688,HRL,2026-01-08 21:47:01.917,ADX,Sell,0.69|ADX strong trend ? (ADX=25.1),2026-01-08 21:47:02.267
1018689,HPQ,2026-01-08 21:47:01.920,WilliamsR,Hold,0.00|No Williams %R reversal signal,2026-01-08 21:47:02.270
1018690,HRL,2026-01-08 21:47:01.970,Volume,Hold,0.00|Volume too low: 1.04x,2026-01-08 21:47:02.320
1018691,HPQ,2026-01-08 21:47:01.980,PSAR,Hold,0.00|SAR no flip,2026-01-08 21:47:02.330
1018692,HRL,2026-01-08 21:47:02.027,Donchian,Hold,"0.00|Price within channel ($22.87, U=$25.30, L=$22.24)",2026-01-08 21:47:02.377
1018693,HPQ,2026-01-08 21:47:02.037,Keltner,Hold,0.00|No Keltner breakout,2026-01-08 21:47:02.387
1018694,HRL,2026-01-08 21:47:02.083,Ichimoku,Hold,0.00|Ichimoku not in strong setup,2026-01-08 21:47:02.433
1018695,HPQ,2026-01-08 21:47:02.090,OBV,Hold,0.00|No OBV divergence,2026-01-08 21:47:02.443
1018696,HRL,2026-01-08 21:47:02.137,PriceAction,Hold,0.00|No clear price action trend,2026-01-08 21:47:02.487
1018697,HPQ,2026-01-08 21:47:02.147,Aroon,Hold,0.00|No Aroon trend change,2026-01-08 21:47:02.500
1018698,HSY,2026-01-08 21:47:02.177,SwingFilter,Hold,Weekly trend too weak (1.1%),2026-01-08 21:47:02.527
1018699,HRL,2026-01-08 21:47:02.190,Supertrend,Sell,0.65|Supertrend bearish continuation (4.15% below),2026-01-08 21:47:02.537
1018700,HPQ,2026-01-08 21:47:02.203,ROC,Hold,0.00|No ROC momentum burst,2026-01-08 21:47:02.553
1018701,HRL,2026-01-08 21:47:02.243,MeanRevMFI,Hold,0.00|No MFI mean reversion setup,2026-01-08 21:47:02.590
1018702,HPQ,2026-01-08 21:47:02.260,TSI,Hold,0.00|No TSI crossover,2026-01-08 21:47:02.610
1018703,HRL,2026-01-08 21:47:02.293,TripleMomentum,Hold,0.00|Insufficient momentum consensus,2026-01-08 21:47:02.640
1018704,HPQ,2026-01-08 21:47:02.317,Vortex,Hold,0.00|No Vortex trend change,2026-01-08 21:47:02.667
1018705,HRL,2026-01-08 21:47:02.347,SRBounce,Hold,0.00|Not near key S/R levels,2026-01-08 21:47:02.697
1018706,HPQ,2026-01-08 21:47:02.373,Confluence,Hold,0.00|Insufficient confluence (score=1),2026-01-08 21:47:02.723
1018707,HRL,2026-01-08 21:47:02.403,CMFMomentum,Hold,0.00|No CMF momentum signal,2026-01-08 21:47:02.750
1018708,HPQ,2026-01-08 21:47:02.427,Enhanced_Consensus,Hold,Insufficient votes | conf=0% | quality=0%,2026-01-08 21:47:02.780
1018709,HRL,2026-01-08 21:47:02.457,ForceIndex,Hold,0.00|No Force Index breakout,2026-01-08 21:47:02.807
1018710,HRL,2026-01-08 21:47:02.510,WilliamsR,Buy,0.80|Williams %R oversold recovery (-71.5 from -100.0),2026-01-08 21:47:02.857
1018711,HRL,2026-01-08 21:47:02.563,PSAR,Hold,0.00|SAR no flip,2026-01-08 21:47:02.910
1018712,HRL,2026-01-08 21:47:02.613,Keltner,Hold,0.00|No Keltner breakout,2026-01-08 21:47:02.967
1018713,HRL,2026-01-08 21:47:02.670,OBV,Hold,0.00|No OBV divergence,2026-01-08 21:47:03.027
1018714,HRL,2026-01-08 21:47:02.723,Aroon,Hold,0.00|No Aroon trend change,2026-01-08 21:47:03.080
1018715,HRL,2026-01-08 21:47:02.773,ROC,Hold,0.00|No ROC momentum burst,2026-01-08 21:47:03.130
1018716,HRL,2026-01-08 21:47:02.827,TSI,Hold,0.00|No TSI crossover,2026-01-08 21:47:03.183
1018717,HRL,2026-01-08 21:47:02.877,Vortex,Hold,0.00|No Vortex trend change,2026-01-08 21:47:03.237
1018718,HRL,2026-01-08 21:47:02.933,Confluence,Hold,0.00|Insufficient confluence (score=0),2026-01-08 21:47:03.293
1018719,HRL,2026-01-08 21:47:02.990,Enhanced_Consensus,Hold,Insufficient votes | conf=0% | quality=0%,2026-01-08 21:47:03.347
1018720,ICE,2026-01-08 21:47:05.317,SwingFilter,Hold,Weekly trend too weak (1.1%),2026-01-08 21:47:05.663
1018721,IBM,2026-01-08 21:47:05.727,SwingFilter,Hold,Weekly trend too weak (0.7%),2026-01-08 21:47:06.070
1018722,ILMN,2026-01-08 05:00:00.000,RealisticConservative,Buy,"? BUY: 6 votes, Composite=55%, Confirms=2 (BB conflict)",2026-01-08 21:47:07.370
1018723,ILMN,2026-01-08 21:47:07.070,TrendMTF,Hold,0.00|No clear trend setup,2026-01-08 21:47:07.513
1018724,ILMN,2026-01-08 21:47:07.213,MeanRevSR,Hold,"0.00|No mean reversion setup (RSI=50.0, regime=Weak Trend)",2026-01-08 21:47:07.567
1018725,ILMN,2026-01-08 21:47:07.267,BreakoutVol,Hold,0.00|No breakout pattern (ADX=28.4),2026-01-08 21:47:07.620
1018726,ILMN,2026-01-08 21:47:07.323,MomentumDiv,Hold,0.00|Indicators not ready,2026-01-08 21:47:07.680
1018727,ILMN,2026-01-08 21:47:07.377,EMA+RSI,Hold,0.00|No EMA crossover,2026-01-08 21:47:07.730
1018728,ILMN,2026-01-08 21:47:07.430,Bollinger,Sell,0.70|Bollinger mean reversion sell (RSI=66.4),2026-01-08 21:47:07.787
1018729,IMNM,2026-01-08 21:47:07.430,SwingFilter,Hold,No clear weekly trend direction,2026-01-08 21:47:07.787
1018730,ILMN,2026-01-08 21:47:07.487,ATR,Hold,0.00|No ATR breakout,2026-01-08 21:47:07.840
1018731,ILMN,2026-01-08 21:47:07.540,MACD,Hold,0.00|No MACD signal,2026-01-08 21:47:07.893
1018732,ILMN,2026-01-08 21:47:07.627,ADX,Buy,0.78|ADX strong trend ? (ADX=28.4),2026-01-08 21:47:07.987
1018733,ILMN,2026-01-08 21:47:07.687,Volume,Hold,0.00|Volume too low: 1.02x,2026-01-08 21:47:08.037
1018734,ILMN,2026-01-08 21:47:07.737,Donchian,Hold,"0.00|Price within channel ($145.83, U=$151.34, L=$124.27)",2026-01-08 21:47:08.090
1018735,IAS,2026-01-08 21:47:07.780,SwingFilter,Hold,Volatility too low (0.31%) - no swing opportunity,2026-01-08 21:47:08.137
1018736,ILMN,2026-01-08 21:47:07.790,Ichimoku,Buy,1.00|Bullish Ichimoku (price 4.4% above cloud),2026-01-08 21:47:08.147
1018737,ILMN,2026-01-08 21:47:07.847,PriceAction,Hold,0.00|No clear price action trend,2026-01-08 21:47:08.197
1018738,ILMN,2026-01-08 21:47:07.900,Supertrend,Buy,0.65|Supertrend bullish continuation (5.04% above),2026-01-08 21:47:08.253
1018739,ILMN,2026-01-08 21:47:07.957,MeanRevMFI,Sell,"0.67|MFI overbought reversal (MFI=72.8, band=93%)",2026-01-08 21:47:08.310
1018740,ILMN,2026-01-08 21:47:08.010,TripleMomentum,Hold,0.00|Insufficient momentum consensus,2026-01-08 21:47:08.367
1018741,ILMN,2026-01-08 21:47:08.067,SRBounce,Hold,0.00|Not near key S/R levels,2026-01-08 21:47:08.420
1018742,ILMN,2026-01-08 21:47:08.120,CMFMomentum,Hold,0.00|No CMF momentum signal,2026-01-08 21:47:08.473
1018743,ILMN,2026-01-08 21:47:08.173,ForceIndex,Hold,0.00|No Force Index breakout,2026-01-08 21:47:08.530
1018744,ILMN,2026-01-08 21:47:08.230,WilliamsR,Sell,0.80|Williams %R overbought reversal (-25.8 from -5.4),2026-01-08 21:47:08.587
1018745,ILMN,2026-01-08 21:47:08.287,PSAR,Hold,0.00|SAR no flip,2026-01-08 21:47:08.640
1018746,ILMN,2026-01-08 21:47:08.343,Keltner,Hold,0.00|No Keltner breakout,2026-01-08 21:47:08.693
1018747,ILMN,2026-01-08 21:47:08.397,OBV,Hold,0.00|No OBV divergence,2026-01-08 21:47:08.750
1018748,ILMN,2026-01-08 21:47:08.453,Aroon,Hold,0.00|No Aroon trend change,2026-01-08 21:47:08.807
1018749,ILMN,2026-01-08 21:47:08.510,ROC,Hold,0.00|No ROC momentum burst,2026-01-08 21:47:08.883
1018750,INDI,2026-01-08 21:47:08.557,SwingFilter,Hold,No clear weekly trend direction,2026-01-08 21:47:08.907
1018751,ILMN,2026-01-08 21:47:08.587,TSI,Hold,0.00|No TSI crossover,2026-01-08 21:47:08.937
1018752,ILMN,2026-01-08 21:47:08.643,Vortex,Hold,0.00|No Vortex trend change,2026-01-08 21:47:08.990
1018753,ILMN,2026-01-08 21:47:08.697,Confluence,Hold,0.00|Insufficient confluence (score=2),2026-01-08 21:47:09.047
1018754,ILMN,2026-01-08 21:47:08.750,Enhanced_Consensus,Buy,"? BUY: 6 votes, Composite=55%, Confirms=2 (BB conflict) | conf=59% | quality=65%",2026-01-08 21:47:09.097
1018755,ILMN,2026-01-08 21:47:08.803,Enhanced_Entry,Buy,"entry=$145.98, qty=7, stop=$11.67, quality=65%",2026-01-08 21:47:09.150
1018756,INDV,2026-01-08 21:47:08.963,SwingFilter,Hold,No clear weekly trend direction,2026-01-08 21:47:09.313
1018757,INFA,2026-01-08 21:47:09.177,SwingFilter,Hold,Volatility too low (0.19%) - no swing opportunity,2026-01-08 21:47:09.530
1018758,INTC,2026-01-08 05:00:00.000,RelaxedEngine,Hold,REJECT - Insufficient confirmations,2026-01-08 21:47:10.153
1018759,INTC,2026-01-08 21:47:09.857,TrendMTF,Hold,0.00|No clear trend setup,2026-01-08 21:47:10.203
1018760,INTC,2026-01-08 21:47:09.910,MeanRevSR,Hold,"0.00|No mean reversion setup (RSI=50.0, regime=High Volatility)",2026-01-08 21:47:10.257
1018761,INTC,2026-01-08 21:47:09.963,BreakoutVol,Hold,0.00|No breakout pattern (ADX=23.1),2026-01-08 21:47:10.310
1018762,INTC,2026-01-08 21:47:10.020,MomentumDiv,Hold,0.00|Indicators not ready,2026-01-08 21:47:10.370
1018763,INTC,2026-01-08 21:47:10.073,EMA+RSI,Hold,0.00|No EMA crossover,2026-01-08 21:47:10.420
1018764,INTC,2026-01-08 21:47:10.137,Bollinger,Sell,0.67|Bollinger mean reversion sell (RSI=60.9),2026-01-08 21:47:10.483
1018765,INTC,2026-01-08 21:47:10.193,ATR,Hold,0.00|No ATR breakout,2026-01-08 21:47:10.540
1018766,INTC,2026-01-08 21:47:10.247,MACD,Hold,0.00|No MACD signal,2026-01-08 21:47:10.597
1018767,INTC,2026-01-08 21:47:10.300,ADX,Buy,0.63|ADX strong trend ? (ADX=23.1),2026-01-08 21:47:10.653
1018768,INTC,2026-01-08 21:47:10.360,Volume,Hold,0.00|Volume too low: 1.09x,2026-01-08 21:47:10.707
1018769,INTC,2026-01-08 21:47:10.413,Donchian,Hold,"0.00|Price within channel ($41.11, U=$44.57, L=$34.95)",2026-01-08 21:47:10.790
1018770,INTC,2026-01-08 21:47:10.497,Ichimoku,Hold,0.00|TK lines too close: 1.09%,2026-01-08 21:47:10.843
1018771,INTC,2026-01-08 21:47:10.550,PriceAction,Hold,0.00|No clear price action trend,2026-01-08 21:47:10.897
1018772,INCY,2026-01-08 05:00:00.000,RelaxedEngine,Hold,REJECT - Insufficient confirmations,2026-01-08 21:47:10.913
1018773,INTU,2026-01-08 21:47:10.600,SwingFilter,Hold,Weekly trend too weak (1.0%),2026-01-08 21:47:10.950
1018774,INTC,2026-01-08 21:47:10.603,Supertrend,Buy,0.65|Supertrend bullish continuation (8.59% above),2026-01-08 21:47:10.950
1018775,INCY,2026-01-08 21:47:10.620,TrendMTF,Hold,0.00|No clear trend setup,2026-01-08 21:47:10.970
1018776,INTC,2026-01-08 21:47:10.657,MeanRevMFI,Hold,0.00|No MFI mean reversion setup,2026-01-08 21:47:11.023
1018777,INCY,2026-01-08 21:47:10.673,MeanRevSR,Hold,"0.00|No mean reversion setup (RSI=50.0, regime=High Volatility)",2026-01-08 21:47:11.027
1018778,INTC,2026-01-08 21:47:10.730,TripleMomentum,Hold,0.00|Insufficient momentum consensus,2026-01-08 21:47:11.080
1018779,INCY,2026-01-08 21:47:10.733,BreakoutVol,Hold,0.00|No breakout pattern (ADX=21.9),2026-01-08 21:47:11.080
1018780,INTC,2026-01-08 21:47:10.787,SRBounce,Hold,0.00|Not near key S/R levels,2026-01-08 21:47:11.137
1018781,INCY,2026-01-08 21:47:10.787,MomentumDiv,Hold,0.00|Indicators not ready,2026-01-08 21:47:11.137
1018782,INTC,2026-01-08 21:47:10.843,CMFMomentum,Hold,0.00|No CMF momentum signal,2026-01-08 21:47:11.200
1018783,INCY,2026-01-08 21:47:10.843,EMA+RSI,Hold,0.00|No EMA crossover,2026-01-08 21:47:11.200
1018784,INTC,2026-01-08 21:47:10.907,ForceIndex,Hold,0.00|No Force Index breakout,2026-01-08 21:47:11.260
1018785,INCY,2026-01-08 21:47:10.907,Bollinger,Sell,0.68|Bollinger mean reversion sell (RSI=59.4),2026-01-08 21:47:11.267
1018786,INTC,2026-01-08 21:47:10.957,WilliamsR,Hold,0.00|No Williams %R reversal signal,2026-01-08 21:47:11.317
1018787,INCY,2026-01-08 21:47:10.963,ATR,Hold,0.00|No ATR breakout,2026-01-08 21:47:11.320
1018788,INTC,2026-01-08 21:47:11.013,PSAR,Hold,0.00|SAR no flip,2026-01-08 21:47:11.370
1018789,INCY,2026-01-08 21:47:11.020,MACD,Hold,0.00|No MACD signal,2026-01-08 21:47:11.377
1018790,INTC,2026-01-08 21:47:11.070,Keltner,Hold,0.00|No Keltner breakout,2026-01-08 21:47:11.423
1018791,INCY,2026-01-08 21:47:11.073,ADX,Hold,0.00|ADX too weak: 21.9 < 22,2026-01-08 21:47:11.433
1018792,INTC,2026-01-08 21:47:11.123,OBV,Hold,0.00|No OBV divergence,2026-01-08 21:47:11.480
1018793,INCY,2026-01-08 21:47:11.130,Volume,Hold,0.00|Volume too low: 1.19x,2026-01-08 21:47:11.490
1018794,INTC,2026-01-08 21:47:11.177,Aroon,Hold,0.00|No Aroon trend change,2026-01-08 21:47:11.537
1018795,INCY,2026-01-08 21:47:11.190,Donchian,Hold,"0.00|Price within channel ($105.92, U=$112.29, L=$93.54)",2026-01-08 21:47:11.547
1018796,INTC,2026-01-08 21:47:11.233,ROC,Hold,0.00|No ROC momentum burst,2026-01-08 21:47:11.593
1018797,INCY,2026-01-08 21:47:11.243,Ichimoku,Buy,0.68|Bullish Ichimoku (price 1.9% above cloud),2026-01-08 21:47:11.610
1018798,INTC,2026-01-08 21:47:11.290,TSI,Hold,0.00|No TSI crossover,2026-01-08 21:47:11.667
1018799,INCY,2026-01-08 21:47:11.307,PriceAction,Buy,0.80|Strong uptrend: Higher highs & higher lows confirmed,2026-01-08 21:47:11.670
1018800,INTC,2026-01-08 21:47:11.367,Vortex,Hold,0.00|No Vortex trend change,2026-01-08 21:47:11.723
1018801,INCY,2026-01-08 21:47:11.367,Supertrend,Buy,0.65|Supertrend bullish continuation (3.82% above),2026-01-08 21:47:11.727
1018802,IONQ,2026-01-08 21:47:11.387,SwingFilter,Hold,Weekly trend too weak (0.3%),2026-01-08 21:47:11.740
1018803,INTC,2026-01-08 21:47:11.423,Confluence,Buy,"0.65|Bullish confluence (4/5): MACD bullish, Volume spike, Price momentum, ADX uptrend",2026-01-08 21:47:11.777
1018804,INCY,2026-01-08 21:47:11.423,MeanRevMFI,Hold,0.00|No MFI mean reversion setup,2026-01-08 21:47:11.780
1018805,INTC,2026-01-08 21:47:11.473,Enhanced_Consensus,Hold,REJECT - Insufficient confirmations | conf=0% | quality=65%,2026-01-08 21:47:11.827
1018806,INCY,2026-01-08 21:47:11.480,TripleMomentum,Hold,0.00|Insufficient momentum consensus,2026-01-08 21:47:11.837
1018807,INCY,2026-01-08 21:47:11.537,SRBounce,Hold,0.00|Not near key S/R levels,2026-01-08 21:47:11.893
1018808,INCY,2026-01-08 21:47:11.590,CMFMomentum,Buy,"0.90|CMF accumulation (CMF=0.247, RSI=59)",2026-01-08 21:47:11.950
1018809,INCY,2026-01-08 21:47:11.647,ForceIndex,Hold,0.00|No Force Index breakout,2026-01-08 21:47:12.007
1018810,INCY,2026-01-08 21:47:11.703,WilliamsR,Sell,0.80|Williams %R overbought reversal (-41.7 from -11.3),2026-01-08 21:47:12.060
1018811,INCY,2026-01-08 21:47:11.760,PSAR,Hold,0.00|SAR no flip,2026-01-08 21:47:12.140
1018812,INCY,2026-01-08 21:47:11.840,Keltner,Hold,0.00|No Keltner breakout,2026-01-08 21:47:12.197
1018813,INCY,2026-01-08 21:47:11.897,OBV,Hold,0.00|No OBV divergence,2026-01-08 21:47:12.253
1018814,INCY,2026-01-08 21:47:11.950,Aroon,Hold,0.00|No Aroon trend change,2026-01-08 21:47:12.310
1018815,INCY,2026-01-08 21:47:12.007,ROC,Hold,0.00|No ROC momentum burst,2026-01-08 21:47:12.367
1018816,INCY,2026-01-08 21:47:12.067,TSI,Hold,0.00|No TSI crossover,2026-01-08 21:47:12.427
1018817,INCY,2026-01-08 21:47:12.123,Vortex,Hold,0.00|No Vortex trend change,2026-01-08 21:47:12.480
1018818,INCY,2026-01-08 21:47:12.180,Confluence,Hold,0.00|Insufficient confluence (score=2),2026-01-08 21:47:12.537
1018819,INCY,2026-01-08 21:47:12.237,Enhanced_Consensus,Hold,REJECT - Insufficient confirmations | conf=0% | quality=65%,2026-01-08 21:47:12.593
1018820,IQV,2026-01-08 05:00:00.000,RelaxedEngine,Hold,REJECT - Primary filters not met,2026-01-08 21:47:13.973
1018821,IQV,2026-01-08 21:47:13.677,TrendMTF,Hold,0.00|No clear trend setup,2026-01-08 21:47:14.030
1018822,IQV,2026-01-08 21:47:13.730,MeanRevSR,Hold,"0.00|No mean reversion setup (RSI=50.0, regime=Quiet Market)",2026-01-08 21:47:14.087
1018823,IQV,2026-01-08 21:47:13.790,BreakoutVol,Hold,0.00|No breakout pattern (ADX=18.7),2026-01-08 21:47:14.143
1018824,IQV,2026-01-08 21:47:13.847,MomentumDiv,Hold,0.00|Indicators not ready,2026-01-08 21:47:14.203
1018825,IQV,2026-01-08 21:47:13.910,EMA+RSI,Hold,0.00|No EMA crossover,2026-01-08 21:47:14.267
1018826,IQV,2026-01-08 21:47:13.967,Bollinger,Sell,0.72|Bollinger mean reversion sell (RSI=73.0),2026-01-08 21:47:14.320
1018827,IQV,2026-01-08 21:47:14.023,ATR,Hold,0.00|No ATR breakout,2026-01-08 21:47:14.383
1018828,IQV,2026-01-08 21:47:14.080,MACD,Hold,0.00|No MACD signal,2026-01-08 21:47:14.440
1018829,IRM,2026-01-08 21:47:14.133,SwingFilter,Hold,Weekly trend too weak (0.9%),2026-01-08 21:47:14.490
1018830,IQV,2026-01-08 21:47:14.137,ADX,Hold,0.00|ADX too weak: 18.7 < 22,2026-01-08 21:47:14.493
1018831,IQV,2026-01-08 21:47:14.190,Volume,Buy,0.66|Volume spike 1.4x with upward momentum,2026-01-08 21:47:14.550
1018832,IQV,2026-01-08 21:47:14.247,Donchian,Hold,"0.00|Price within channel ($243.19, U=$246.71, L=$214.01)",2026-01-08 21:47:14.607
1018833,IQV,2026-01-08 21:47:14.303,Ichimoku,Buy,1.00|Bullish Ichimoku (price 4.5% above cloud),2026-01-08 21:47:14.663
1018834,IQV,2026-01-08 21:47:14.360,PriceAction,Hold,0.00|No clear price action trend,2026-01-08 21:47:14.720
1018835,IQV,2026-01-08 21:47:14.417,Supertrend,Buy,0.65|Supertrend bullish continuation (5.24% above),2026-01-08 21:47:14.773
1018836,IRWD,2026-01-08 21:47:14.447,SwingFilter,Hold,Volatility too high (10.08%) - excessive risk,2026-01-08 21:47:14.800
1018837,IQV,2026-01-08 21:47:14.470,MeanRevMFI,Hold,0.00|No MFI mean reversion setup,2026-01-08 21:47:14.830
1018838,IQV,2026-01-08 21:47:14.527,TripleMomentum,Buy,0.95|Triple momentum bullish (2/3 indicators),2026-01-08 21:47:14.910
1018839,IQV,2026-01-08 21:47:14.607,SRBounce,Hold,0.00|Not near key S/R levels,2026-01-08 21:47:14.967
1018840,IQV,2026-01-08 21:47:14.663,CMFMomentum,Buy,"0.75|CMF accumulation (CMF=0.157, RSI=73)",2026-01-08 21:47:15.020
1018841,IQV,2026-01-08 21:47:14.720,ForceIndex,Hold,0.00|No Force Index breakout,2026-01-08 21:47:15.080
1018842,IQV,2026-01-08 21:47:14.777,WilliamsR,Hold,0.00|No Williams %R reversal signal,2026-01-08 21:47:15.133
1018843,IQV,2026-01-08 21:47:14.830,PSAR,Hold,0.00|SAR no flip,2026-01-08 21:47:15.190
1018844,IQV,2026-01-08 21:47:14.887,Keltner,Hold,0.00|No Keltner breakout,2026-01-08 21:47:15.247
1018845,IQV,2026-01-08 21:47:14.943,OBV,Hold,0.00|No OBV divergence,2026-01-08 21:47:15.300
1018846,IQV,2026-01-08 21:47:15.000,Aroon,Hold,0.00|No Aroon trend change,2026-01-08 21:47:15.360
1018847,IQV,2026-01-08 21:47:15.053,ROC,Hold,0.00|No ROC momentum burst,2026-01-08 21:47:15.400
1018848,IQV,2026-01-08 21:47:15.110,TSI,Hold,0.00|No TSI crossover,2026-01-08 21:47:15.457
1018849,IQV,2026-01-08 21:47:15.170,Vortex,Hold,0.00|No Vortex trend change,2026-01-08 21:47:15.517
1018850,IQV,2026-01-08 21:47:15.227,Confluence,Hold,0.00|Insufficient confluence (score=3),2026-01-08 21:47:15.570
1018851,IQV,2026-01-08 21:47:15.283,Enhanced_Consensus,Hold,REJECT - Primary filters not met | conf=0% | quality=64%,2026-01-08 21:47:15.627
1018852,ITW,2026-01-08 21:47:15.350,SwingFilter,Hold,Weekly trend too weak (1.3%),2026-01-08 21:47:15.697
1018853,JAMF,2026-01-08 21:47:16.480,SwingFilter,Hold,Volatility too low (0.30%) - no swing opportunity,2026-01-08 21:47:16.827
1018854,JBI,2026-01-08 21:47:16.933,SwingFilter,Hold,Weekly trend too weak (0.2%),2026-01-08 21:47:17.277
1018855,JACK,2026-01-08 05:00:00.000,RealisticConservative,Buy,"? BUY: 11 votes, Composite=68%, Confirms=3 (BB conflict)",2026-01-08 21:47:17.747
1018856,JBL,2026-01-08 21:47:17.407,SwingFilter,Hold,Weekly trend too weak (0.1%),2026-01-08 21:47:17.753
1018857,JACK,2026-01-08 21:47:17.457,TrendMTF,Hold,0.00|No clear trend setup,2026-01-08 21:47:17.800
1018858,JACK,2026-01-08 21:47:17.510,MeanRevSR,Hold,"0.00|No mean reversion setup (RSI=50.0, regime=Weak Trend)",2026-01-08 21:47:17.860
1018859,JACK,2026-01-08 21:47:17.567,BreakoutVol,Hold,0.00|No breakout pattern (ADX=28.0),2026-01-08 21:47:17.913
1018860,JACK,2026-01-08 21:47:17.623,MomentumDiv,Hold,0.00|Indicators not ready,2026-01-08 21:47:17.970
1018861,JACK,2026-01-08 21:47:17.680,EMA+RSI,Hold,0.00|No EMA crossover,2026-01-08 21:47:18.027
1018862,JACK,2026-01-08 21:47:17.737,Bollinger,Sell,0.75|Bollinger mean reversion sell (RSI=68.0),2026-01-08 21:47:18.083
1018863,JACK,2026-01-08 21:47:17.790,ATR,Buy,0.80|ATR breakout ? (vol=4.8%),2026-01-08 21:47:18.140
1018864,JACK,2026-01-08 21:47:17.847,MACD,Buy,0.88|MACD crossover + momentum (hist=0.1576),2026-01-08 21:47:18.193
1018865,JACK,2026-01-08 21:47:17.903,ADX,Buy,0.77|ADX strong trend ? (ADX=28.0),2026-01-08 21:47:18.250
1018866,JACK,2026-01-08 21:47:17.960,Volume,Hold,0.00|Volume too low: 1.16x,2026-01-08 21:47:18.307
1018867,JACK,2026-01-08 21:47:18.013,Donchian,Hold,"0.00|Price within channel ($22.57, U=$23.18, L=$17.98)",2026-01-08 21:47:18.363
1018868,JACK,2026-01-08 21:47:18.070,Ichimoku,Buy,1.00|Bullish Ichimoku (price 8.1% above cloud),2026-01-08 21:47:18.417
1018869,JACK,2026-01-08 21:47:18.127,PriceAction,Hold,0.00|No clear price action trend,2026-01-08 21:47:18.473
1018870,JACK,2026-01-08 21:47:18.183,Supertrend,Buy,0.58|Supertrend bullish continuation (16.33% above),2026-01-08 21:47:18.530
1018871,JEF,2026-01-08 21:47:18.203,SwingFilter,Hold,No clear weekly trend direction,2026-01-08 21:47:18.550
1018872,JACK,2026-01-08 21:47:18.240,MeanRevMFI,Hold,0.00|No MFI mean reversion setup,2026-01-08 21:47:18.587
1018873,JACK,2026-01-08 21:47:18.293,TripleMomentum,Buy,1.00|Triple momentum bullish (3/3 indicators),2026-01-08 21:47:18.643
1018874,JACK,2026-01-08 21:47:18.350,SRBounce,Hold,0.00|Not near key S/R levels,2026-01-08 21:47:18.700
1018875,JACK,2026-01-08 21:47:18.407,CMFMomentum,Hold,0.00|No CMF momentum signal,2026-01-08 21:47:18.753
1018876,JACK,2026-01-08 21:47:18.463,ForceIndex,Hold,0.00|No Force Index breakout,2026-01-08 21:47:18.810
1018877,JACK,2026-01-08 21:47:18.523,WilliamsR,Hold,0.00|No Williams %R reversal signal,2026-01-08 21:47:18.877
1018878,JACK,2026-01-08 21:47:18.580,PSAR,Hold,0.00|SAR no flip,2026-01-08 21:47:18.933
1018879,JACK,2026-01-08 21:47:18.637,Keltner,Buy,0.85|Keltner breakout ? (vol=1.35x),2026-01-08 21:47:18.990
1018880,JACK,2026-01-08 21:47:18.690,OBV,Hold,0.00|No OBV divergence,2026-01-08 21:47:19.043
1018881,JNJ,2026-01-08 21:47:18.700,SwingFilter,Hold,Weekly trend too weak (1.2%),2026-01-08 21:47:19.050
1018882,JACK,2026-01-08 21:47:18.747,Aroon,Hold,0.00|No Aroon trend change,2026-01-08 21:47:19.100
1018883,JACK,2026-01-08 21:47:18.803,ROC,Buy,"0.89|ROC momentum burst ? (ROC=16.2%, vol=1.35x)",2026-01-08 21:47:19.157
1018884,JACK,2026-01-08 21:47:18.860,TSI,Hold,0.00|No TSI crossover,2026-01-08 21:47:19.213
1018885,JACK,2026-01-08 21:47:18.917,Vortex,Hold,0.00|No Vortex trend change,2026-01-08 21:47:19.270
1018886,JACK,2026-01-08 21:47:18.973,Confluence,Buy,"0.65|Bullish confluence (4/5): MACD bullish, Volume spike, Price momentum, ADX uptrend",2026-01-08 21:47:19.323
1018887,JACK,2026-01-08 21:47:19.030,Enhanced_Consensus,Buy,"? BUY: 11 votes, Composite=68%, Confirms=3 (BB conflict) | conf=71% | quality=62%",2026-01-08 21:47:19.380
1018888,JACK,2026-01-08 21:47:19.083,Enhanced_Entry,Buy,"entry=$22.59, qty=48, stop=$1.81, quality=62%",2026-01-08 21:47:19.437
1018889,K,2026-01-08 21:47:19.467,SwingFilter,Hold,Volatility too low (0.22%) - no swing opportunity,2026-01-08 21:47:19.820
1018890,KDP,2026-01-08 21:47:20.650,SwingFilter,Hold,Weekly trend too weak (1.1%),2026-01-08 21:47:21.010
1018891,KEX,2026-01-08 05:00:00.000,RelaxedEngine,Hold,Failed validation,2026-01-08 21:47:21.420
1018892,KEX,2026-01-08 21:47:21.120,TrendMTF,Hold,0.00|No clear trend setup,2026-01-08 21:47:21.477
1018893,KEX,2026-01-08 21:47:21.173,MeanRevSR,Hold,"0.00|No mean reversion setup (RSI=50.0, regime=Weak Trend)",2026-01-08 21:47:21.533
1018894,KEX,2026-01-08 21:47:21.233,BreakoutVol,Hold,0.00|No breakout pattern (ADX=36.4),2026-01-08 21:47:21.587
1018895,KEX,2026-01-08 21:47:21.287,MomentumDiv,Hold,0.00|Indicators not ready,2026-01-08 21:47:21.643
1018896,KEX,2026-01-08 21:47:21.343,EMA+RSI,Hold,0.00|No EMA crossover,2026-01-08 21:47:21.733
1018897,KEX,2026-01-08 21:47:21.430,Bollinger,Sell,0.75|Bollinger mean reversion sell (RSI=83.2),2026-01-08 21:47:21.787
1018898,KEX,2026-01-08 21:47:21.487,ATR,Hold,0.00|No ATR breakout,2026-01-08 21:47:21.843
1018899,KEX,2026-01-08 21:47:21.543,MACD,Buy,0.65|MACD momentum building (hist=1.2303),2026-01-08 21:47:21.900
1018900,KEX,2026-01-08 21:47:21.600,ADX,Buy,0.85|ADX strong trend ? (ADX=36.4),2026-01-08 21:47:21.957
1018901,KEX,2026-01-08 21:47:21.653,Volume,Buy,0.65|Volume spike 1.4x with upward momentum,2026-01-08 21:47:22.013
1018902,KEX,2026-01-08 21:47:21.717,Donchian,Hold,"0.00|Price within channel ($125.99, U=$126.06, L=$108.47)",2026-01-08 21:47:22.070
1018903,KEX,2026-01-08 21:47:21.770,Ichimoku,Hold,0.00|TK lines too close: 0.67%,2026-01-08 21:47:22.130
1018904,KEX,2026-01-08 21:47:21.827,PriceAction,Hold,0.00|No clear price action trend,2026-01-08 21:47:22.183
1018905,KEX,2026-01-08 21:47:21.883,Supertrend,Buy,0.65|Supertrend bullish continuation (6.93% above),2026-01-08 21:47:22.240
1018906,KEX,2026-01-08 21:47:21.940,MeanRevMFI,Hold,0.00|No MFI mean reversion setup,2026-01-08 21:47:22.297
1018907,KEX,2026-01-08 21:47:22.007,TripleMomentum,Buy,1.00|Triple momentum bullish (3/3 indicators),2026-01-08 21:47:22.363
1018908,KEX,2026-01-08 21:47:22.063,SRBounce,Hold,0.00|Not near key S/R levels,2026-01-08 21:47:22.423
1018909,KEX,2026-01-08 21:47:22.120,CMFMomentum,Buy,"0.75|CMF accumulation (CMF=0.120, RSI=83)",2026-01-08 21:47:22.480
1018910,KEX,2026-01-08 21:47:22.177,ForceIndex,Hold,0.00|No Force Index breakout,2026-01-08 21:47:22.537
1018911,KEX,2026-01-08 21:47:22.233,WilliamsR,Hold,0.00|No Williams %R reversal signal,2026-01-08 21:47:22.590
1018912,KGS,2026-01-08 21:47:22.240,SwingFilter,Hold,Weekly trend too weak (1.2%),2026-01-08 21:47:22.600
1018913,KEX,2026-01-08 21:47:22.287,PSAR,Hold,0.00|SAR no flip,2026-01-08 21:47:22.647
1018914,KEX,2026-01-08 21:47:22.343,Keltner,Hold,0.00|No Keltner breakout,2026-01-08 21:47:22.703
1018915,KEX,2026-01-08 21:47:22.400,OBV,Hold,0.00|No OBV divergence,2026-01-08 21:47:22.760
1018916,KEX,2026-01-08 21:47:22.457,Aroon,Hold,0.00|No Aroon trend change,2026-01-08 21:47:22.817
1018917,KEX,2026-01-08 21:47:22.510,ROC,Buy,"0.90|ROC momentum burst ? (ROC=13.6%, vol=1.42x)",2026-01-08 21:47:22.870
1018918,KEX,2026-01-08 21:47:22.567,TSI,Hold,0.00|No TSI crossover,2026-01-08 21:47:22.927
1018919,KEX,2026-01-08 21:47:22.623,Vortex,Hold,0.00|No Vortex trend change,2026-01-08 21:47:22.983
1018920,KEX,2026-01-08 21:47:22.680,Confluence,Buy,"0.65|Bullish confluence (4/5): MACD bullish, Volume spike, Price momentum, ADX uptrend",2026-01-08 21:47:23.040
1018921,KEX,2026-01-08 21:47:22.733,Enhanced_Consensus,Hold,Failed validation | conf=0% | quality=69%,2026-01-08 21:47:23.097
1018922,KO,2026-01-08 21:47:24.657,SwingFilter,Hold,Weekly trend too weak (0.6%),2026-01-08 21:47:25.007
1018923,KODK,2026-01-08 21:47:25.067,SwingFilter,Hold,Weekly trend too weak (0.7%),2026-01-08 21:47:25.420
1018924,KMI,2026-01-08 21:47:25.520,SwingFilter,Hold,Weekly trend too weak (0.7%),2026-01-08 21:47:25.870
1018925,KOS,2026-01-08 21:47:25.607,SwingFilter,Hold,Volatility too high (10.54%) - excessive risk,2026-01-08 21:47:25.960
1018926,KR,2026-01-08 05:00:00.000,RealisticConservative,Sell,Sell: 5@77% Q:61% (BB conflict),2026-01-08 21:47:26.337
1018927,KR,2026-01-08 21:47:26.037,TrendMTF,Hold,0.00|No clear trend setup,2026-01-08 21:47:26.393
1018928,KR,2026-01-08 21:47:26.093,MeanRevSR,Hold,"0.00|No mean reversion setup (RSI=50.0, regime=Quiet Market)",2026-01-08 21:47:26.450
1018929,KR,2026-01-08 21:47:26.147,BreakoutVol,Hold,0.00|No breakout pattern (ADX=34.6),2026-01-08 21:47:26.503
1018930,KR,2026-01-08 21:47:26.203,MomentumDiv,Hold,0.00|Indicators not ready,2026-01-08 21:47:26.560
1018931,KR,2026-01-08 21:47:26.260,EMA+RSI,Hold,0.00|No EMA crossover,2026-01-08 21:47:26.617
1018932,KR,2026-01-08 21:47:26.317,Bollinger,Buy,0.71|Bollinger mean reversion buy (RSI=34.4),2026-01-08 21:47:26.673
1018933,KR,2026-01-08 21:47:26.370,ATR,Hold,0.00|No ATR breakout,2026-01-08 21:47:26.737
1018934,KR,2026-01-08 21:47:26.437,MACD,Sell,0.65|MACD momentum building (hist=-0.2041),2026-01-08 21:47:26.793
1018935,KR,2026-01-08 21:47:26.490,ADX,Sell,0.85|ADX strong trend ? (ADX=34.6),2026-01-08 21:47:26.850
1018936,KRC,2026-01-08 21:47:26.500,SwingFilter,Hold,Weekly trend too weak (0.1%),2026-01-08 21:47:26.857
1018937,KR,2026-01-08 21:47:26.547,Volume,Hold,0.00|Volume too low: 1.13x,2026-01-08 21:47:26.903
1018938,KR,2026-01-08 21:47:26.603,Donchian,Hold,"0.00|Price within channel ($59.79, U=$67.75, L=$58.60)",2026-01-08 21:47:26.960
1018939,KR,2026-01-08 21:47:26.660,Ichimoku,Sell,1.00|Bearish Ichimoku (price 4.0% below cloud),2026-01-08 21:47:27.017
1018940,KR,2026-01-08 21:47:26.717,PriceAction,Hold,0.00|No clear price action trend,2026-01-08 21:47:27.073
1018941,KR,2026-01-08 21:47:26.770,Supertrend,Sell,0.65|Supertrend bearish continuation (5.35% below),2026-01-08 21:47:27.130
1018942,KR,2026-01-08 21:47:26.827,MeanRevMFI,Hold,0.00|No MFI mean reversion setup,2026-01-08 21:47:27.183
1018943,KR,2026-01-08 21:47:26.883,TripleMomentum,Hold,0.00|Insufficient momentum consensus,2026-01-08 21:47:27.240
1018944,KR,2026-01-08 21:47:26.940,SRBounce,Hold,0.00|Not near key S/R levels,2026-01-08 21:47:27.297
1018945,KR,2026-01-08 21:47:26.997,CMFMomentum,Hold,0.00|No CMF momentum signal,2026-01-08 21:47:27.340
1018946,KR,2026-01-08 21:47:27.050,ForceIndex,Hold,0.00|No Force Index breakout,2026-01-08 21:47:27.397
1018947,KR,2026-01-08 21:47:27.107,WilliamsR,Hold,0.00|No Williams %R reversal signal,2026-01-08 21:47:27.477
1018948,KR,2026-01-08 21:47:27.187,PSAR,Hold,0.00|SAR no flip,2026-01-08 21:47:27.530
1018949,KR,2026-01-08 21:47:27.243,Keltner,Hold,0.00|No Keltner breakout,2026-01-08 21:47:27.587
1018950,KR,2026-01-08 21:47:27.297,OBV,Hold,0.00|No OBV divergence,2026-01-08 21:47:27.643
1018951,KR,2026-01-08 21:47:27.357,Aroon,Hold,0.00|No Aroon trend change,2026-01-08 21:47:27.700
1018952,KR,2026-01-08 21:47:27.410,ROC,Hold,0.00|No ROC momentum burst,2026-01-08 21:47:27.757
1018953,KR,2026-01-08 21:47:27.467,TSI,Hold,0.00|No TSI crossover,2026-01-08 21:47:27.810
1018954,KR,2026-01-08 21:47:27.523,Vortex,Hold,0.00|No Vortex trend change,2026-01-08 21:47:27.867
1018955,KR,2026-01-08 21:47:27.580,Confluence,Hold,0.00|Insufficient confluence (score=0),2026-01-08 21:47:27.923
1018956,KVUE,2026-01-08 21:47:27.630,SwingFilter,Hold,Weekly trend too weak (0.3%),2026-01-08 21:47:27.973
1018957,KR,2026-01-08 21:47:27.637,Enhanced_Consensus,Sell,Sell: 5@77% Q:61% (BB conflict) | conf=72% | quality=61%,2026-01-08 21:47:27.980
1018958,KTOS,2026-01-08 05:00:00.000,RelaxedEngine,Hold,Failed validation,2026-01-08 21:47:27.987
1018959,KR,2026-01-08 21:47:27.690,Enhanced_Entry,Sell,"entry=$59.73, qty=19, stop=$4.29, quality=61%",2026-01-08 21:47:28.037
1018960,KTOS,2026-01-08 21:47:27.700,TrendMTF,Hold,0.00|No clear trend setup,2026-01-08 21:47:28.043
1018961,KTOS,2026-01-08 21:47:27.753,MeanRevSR,Hold,"0.00|No mean reversion setup (RSI=50.0, regime=High Volatility)",2026-01-08 21:47:28.093
1018962,KTOS,2026-01-08 21:47:27.807,BreakoutVol,Hold,0.00|No breakout pattern (ADX=22.3),2026-01-08 21:47:28.147
1018963,KTOS,2026-01-08 21:47:27.857,MomentumDiv,Hold,0.00|Indicators not ready,2026-01-08 21:47:28.200
1018964,KTOS,2026-01-08 21:47:27.910,EMA+RSI,Buy,"0.60|EMA(20/50) crossover ? ",2026-01-08 21:47:28.253
1018965,KTOS,2026-01-08 21:47:27.973,Bollinger,Sell,0.75|Bollinger mean reversion sell (RSI=77.1),2026-01-08 21:47:28.313
1018966,KTOS,2026-01-08 21:47:28.060,ATR,Buy,0.80|ATR breakout ? (vol=5.0%),2026-01-08 21:47:28.407
1018967,KTOS,2026-01-08 21:47:28.113,MACD,Buy,0.65|MACD momentum building (hist=2.6475),2026-01-08 21:47:28.460
1018968,KTOS,2026-01-08 21:47:28.170,ADX,Buy,0.61|ADX strong trend ? (ADX=22.3),2026-01-08 21:47:28.513
1018969,KTOS,2026-01-08 21:47:28.220,Volume,Buy,0.85|Volume spike 4.4x with upward momentum,2026-01-08 21:47:28.567
1018970,KTOS,2026-01-08 21:47:28.273,Donchian,Hold,"0.00|Price within channel ($104.04, U=$109.80, L=$69.31)",2026-01-08 21:47:28.617
1018971,KTOS,2026-01-08 21:47:28.327,Ichimoku,Buy,1.00|Bullish Ichimoku (price 12.7% above cloud),2026-01-08 21:47:28.670
1018972,KTOS,2026-01-08 21:47:28.380,PriceAction,Buy,0.80|Strong uptrend: Higher highs & higher lows confirmed,2026-01-08 21:47:28.727
1018973,KTOS,2026-01-08 21:47:28.433,Supertrend,Buy,0.61|Supertrend bullish continuation (12.89% above),2026-01-08 21:47:28.780
1018974,KTOS,2026-01-08 21:47:28.490,MeanRevMFI,Hold,0.00|No MFI mean reversion setup,2026-01-08 21:47:28.837
1018975,KTOS,2026-01-08 21:47:28.547,TripleMomentum,Buy,1.00|Triple momentum bullish (3/3 indicators),2026-01-08 21:47:28.890
1018976,KTOS,2026-01-08 21:47:28.597,SRBounce,Hold,0.00|Not near key S/R levels,2026-01-08 21:47:28.947
1018977,KTOS,2026-01-08 21:47:28.653,CMFMomentum,Hold,0.00|No CMF momentum signal,2026-01-08 21:47:29.000
1018978,KTOS,2026-01-08 21:47:28.710,ForceIndex,Hold,0.00|No Force Index breakout,2026-01-08 21:47:29.057
1018979,KTOS,2026-01-08 21:47:28.767,WilliamsR,Hold,0.00|No Williams %R reversal signal,2026-01-08 21:47:29.113
1018980,KTOS,2026-01-08 21:47:28.823,PSAR,Hold,0.00|SAR no flip,2026-01-08 21:47:29.170
1018981,KTOS,2026-01-08 21:47:28.877,Keltner,Hold,0.00|No Keltner breakout,2026-01-08 21:47:29.227
1018982,LBRDK,2026-01-08 21:47:28.887,SwingFilter,Hold,Weekly trend too weak (1.0%),2026-01-08 21:47:29.233
1018983,KTOS,2026-01-08 21:47:28.933,OBV,Hold,0.00|No OBV divergence,2026-01-08 21:47:29.277
1018984,KTOS,2026-01-08 21:47:28.987,Aroon,Hold,0.00|No Aroon trend change,2026-01-08 21:47:29.333
1018985,KTOS,2026-01-08 21:47:29.043,ROC,Buy,"0.79|ROC momentum burst ? (ROC=38.0%, vol=4.16x)",2026-01-08 21:47:29.390
1018986,KTOS,2026-01-08 21:47:29.100,TSI,Hold,0.00|No TSI crossover,2026-01-08 21:47:29.453
1018987,KTOS,2026-01-08 21:47:29.153,Vortex,Hold,0.00|No Vortex trend change,2026-01-08 21:47:29.507
1018988,KTOS,2026-01-08 21:47:29.207,Confluence,Buy,"0.65|Bullish confluence (4/5): MACD bullish, Volume spike, Price momentum, ADX uptrend",2026-01-08 21:47:29.560
1018989,KTOS,2026-01-08 21:47:29.263,Enhanced_Consensus,Hold,Failed validation | conf=0% | quality=69%,2026-01-08 21:47:29.613
1018990,LEGN,2026-01-08 21:47:30.460,SwingFilter,Hold,No clear weekly trend direction,2026-01-08 21:47:30.803
1018991,LEN,2026-01-08 21:47:30.950,SwingFilter,Hold,No clear weekly trend direction,2026-01-08 21:47:31.297
1018992,LEG,2026-01-08 05:00:00.000,RealisticConservative,Buy,"? BUY: 11 votes, Composite=71%, Confirms=3 (BB conflict)",2026-01-08 21:47:31.437
1018993,LEG,2026-01-08 21:47:31.147,TrendMTF,Hold,0.00|No clear trend setup,2026-01-08 21:47:31.503
1018994,LEG,2026-01-08 21:47:31.203,MeanRevSR,Hold,"0.00|No mean reversion setup (RSI=50.0, regime=Weak Trend)",2026-01-08 21:47:31.560
1018995,LEG,2026-01-08 21:47:31.257,BreakoutVol,Hold,0.00|No breakout pattern (ADX=29.5),2026-01-08 21:47:31.617
1018996,LEG,2026-01-08 21:47:31.313,MomentumDiv,Hold,0.00|Indicators not ready,2026-01-08 21:47:31.673
1018997,LEG,2026-01-08 21:47:31.370,EMA+RSI,Hold,0.00|No EMA crossover,2026-01-08 21:47:31.730
1018998,LEG,2026-01-08 21:47:31.427,Bollinger,Sell,0.72|Bollinger mean reversion sell (RSI=72.0),2026-01-08 21:47:31.780
1018999,LEG,2026-01-08 21:47:31.477,ATR,Hold,0.00|No ATR breakout,2026-01-08 21:47:31.837
1019000,LEG,2026-01-08 21:47:31.537,MACD,Buy,0.88|MACD crossover + momentum (hist=0.0236),2026-01-08 21:47:31.893
1019001,LEG,2026-01-08 21:47:31.590,ADX,Buy,0.81|ADX strong trend ? (ADX=29.5),2026-01-08 21:47:31.943
1019002,LEG,2026-01-08 21:47:31.640,Volume,Hold,0.00|Volume too low: 0.82x,2026-01-08 21:47:31.997
1019003,LEG,2026-01-08 21:47:31.693,Donchian,Hold,"0.00|Price within channel ($12.06, U=$12.09, L=$10.73)",2026-01-08 21:47:32.053
1019004,LEG,2026-01-08 21:47:31.750,Ichimoku,Hold,0.00|TK lines too close: 0.22%,2026-01-08 21:47:32.110
1019005,LEG,2026-01-08 21:47:31.810,PriceAction,Hold,0.00|No clear price action trend,2026-01-08 21:47:32.170
1019006,LEG,2026-01-08 21:47:31.867,Supertrend,Buy,0.64|Supertrend bullish continuation (9.21% above),2026-01-08 21:47:32.223
1019007,LEG,2026-01-08 21:47:31.923,MeanRevMFI,Hold,0.00|No MFI mean reversion setup,2026-01-08 21:47:32.280
1019008,LEG,2026-01-08 21:47:31.980,TripleMomentum,Buy,1.00|Triple momentum bullish (3/3 indicators),2026-01-08 21:47:32.337
1019009,LEG,2026-01-08 21:47:32.033,SRBounce,Hold,0.00|Not near key S/R levels,2026-01-08 21:47:32.393
1019010,LEG,2026-01-08 21:47:32.090,CMFMomentum,Buy,"0.75|CMF accumulation (CMF=0.160, RSI=72)",2026-01-08 21:47:32.443
1019011,LEG,2026-01-08 21:47:32.143,ForceIndex,Hold,0.00|No Force Index breakout,2026-01-08 21:47:32.500
1019012,LEG,2026-01-08 21:47:32.197,WilliamsR,Hold,0.00|No Williams %R reversal signal,2026-01-08 21:47:32.543
1019013,LEG,2026-01-08 21:47:32.250,PSAR,Hold,0.00|SAR no flip,2026-01-08 21:47:32.600
1019014,LEG,2026-01-08 21:47:32.307,Keltner,Buy,0.65|Keltner breakout ? (vol=1.00x),2026-01-08 21:47:32.657
1019015,LEG,2026-01-08 21:47:32.363,OBV,Hold,0.00|No OBV divergence,2026-01-08 21:47:32.710
1019016,LEG,2026-01-08 21:47:32.417,Aroon,Buy,"0.70|Aroon uptrend emerging (Up=100, Down=64)",2026-01-08 21:47:32.767
1019017,LEG,2026-01-08 21:47:32.473,ROC,Buy,"0.70|ROC momentum burst ? (ROC=8.3%, vol=1.00x)",2026-01-08 21:47:32.823
1019018,LEG,2026-01-08 21:47:32.530,TSI,Hold,0.00|No TSI crossover,2026-01-08 21:47:32.880
1019019,LEG,2026-01-08 21:47:32.587,Vortex,Buy,"0.80|Vortex uptrend (VI+=1.06, VI-=0.85)",2026-01-08 21:47:32.937
1019020,LEG,2026-01-08 21:47:32.640,Confluence,Hold,0.00|Insufficient confluence (score=3),2026-01-08 21:47:32.987
1019021,LEG,2026-01-08 21:47:32.693,Enhanced_Consensus,Buy,"? BUY: 11 votes, Composite=71%, Confirms=3 (BB conflict) | conf=74% | quality=53%",2026-01-08 21:47:33.043
1019022,LEG,2026-01-08 21:47:32.750,Enhanced_Entry,Buy,"entry=$12.07, qty=77, stop=$0.96, quality=53%",2026-01-08 21:47:33.100
1019023,LITE,2026-01-08 21:47:32.890,SwingFilter,Hold,No clear weekly trend direction,2026-01-08 21:47:33.237
1019024,LNC,2026-01-08 21:47:34.037,SwingFilter,Hold,No clear weekly trend direction,2026-01-08 21:47:34.393
1019025,LNG,2026-01-08 21:47:34.777,SwingFilter,Hold,No clear weekly trend direction,2026-01-08 21:47:35.120
1019026,LQDA,2026-01-08 21:47:35.903,SwingFilter,Hold,No clear weekly trend direction,2026-01-08 21:47:36.260
1019027,LRN,2026-01-08 21:47:36.330,SwingFilter,Hold,No clear weekly trend direction,2026-01-08 21:47:36.683
1019028,LNT,2026-01-08 21:47:36.617,SwingFilter,Hold,Weekly trend too weak (0.5%),2026-01-08 21:47:36.973
1019029,LUMN,2026-01-08 21:47:37.567,SwingFilter,Hold,Weekly trend too weak (1.5%),2026-01-08 21:47:37.910
1019030,LUNR,2026-01-08 05:00:00.000,RelaxedEngine,Hold,REJECT - Insufficient confirmations,2026-01-08 21:47:38.273
1019031,LUNR,2026-01-08 21:47:37.987,TrendMTF,Hold,0.00|No clear trend setup,2026-01-08 21:47:38.327
1019032,LUNR,2026-01-08 21:47:38.037,MeanRevSR,Hold,0.00|Strong trend - avoid mean reversion,2026-01-08 21:47:38.383
1019033,LUNR,2026-01-08 21:47:38.093,BreakoutVol,Hold,0.00|No breakout pattern (ADX=42.4),2026-01-08 21:47:38.433
1019034,LUNR,2026-01-08 21:47:38.147,MomentumDiv,Hold,0.00|Indicators not ready,2026-01-08 21:47:38.487
1019035,LUNR,2026-01-08 21:47:38.197,EMA+RSI,Hold,0.00|No EMA crossover,2026-01-08 21:47:38.543
1019036,LUNR,2026-01-08 21:47:38.253,Bollinger,Sell,0.69|Bollinger mean reversion sell (RSI=76.3),2026-01-08 21:47:38.597
1019037,LUNR,2026-01-08 21:47:38.310,ATR,Hold,0.00|Volatility outside swing range: 6.60%,2026-01-08 21:47:38.650
1019038,LUNR,2026-01-08 21:47:38.363,MACD,Hold,0.00|No MACD signal,2026-01-08 21:47:38.707
1019039,LUNR,2026-01-08 21:47:38.417,ADX,Buy,0.85|ADX strong trend ? (ADX=42.4),2026-01-08 21:47:38.760
1019040,LUNR,2026-01-08 21:47:38.473,Volume,Hold,0.00|Volume too low: 1.11x,2026-01-08 21:47:38.817
1019041,LUNR,2026-01-08 21:47:38.530,Donchian,Hold,"0.00|Price within channel ($19.63, U=$20.02, L=$9.24)",2026-01-08 21:47:38.873
1019042,LUNR,2026-01-08 21:47:38.587,Ichimoku,Buy,1.00|Bullish Ichimoku (price 18.0% above cloud),2026-01-08 21:47:38.930
1019043,LUNR,2026-01-08 21:47:38.640,PriceAction,Hold,0.00|No clear price action trend,2026-01-08 21:47:38.980
1019044,LTBR,2026-01-08 21:47:38.643,SwingFilter,Hold,Weekly trend too weak (0.3%),2026-01-08 21:47:38.987
1019045,LUNR,2026-01-08 21:47:38.693,Supertrend,Buy,0.56|Supertrend bullish continuation (19.33% above),2026-01-08 21:47:39.037
1019046,LUNR,2026-01-08 21:47:38.753,MeanRevMFI,Hold,0.00|No MFI mean reversion setup,2026-01-08 21:47:39.093
1019047,LUNR,2026-01-08 21:47:38.807,TripleMomentum,Buy,0.90|Triple momentum bullish (2/3 indicators),2026-01-08 21:47:39.147
1019048,LUNR,2026-01-08 21:47:38.857,SRBounce,Hold,0.00|Not near key S/R levels,2026-01-08 21:47:39.197
1019049,LUNR,2026-01-08 21:47:38.910,CMFMomentum,Hold,0.00|No CMF momentum signal,2026-01-08 21:47:39.253
1019050,LUNR,2026-01-08 21:47:38.967,ForceIndex,Hold,0.00|No Force Index breakout,2026-01-08 21:47:39.310
1019051,LUNR,2026-01-08 21:47:39.020,WilliamsR,Hold,0.00|No Williams %R reversal signal,2026-01-08 21:47:39.360
1019052,LUNR,2026-01-08 21:47:39.073,PSAR,Hold,0.00|SAR no flip,2026-01-08 21:47:39.413
1019053,LUNR,2026-01-08 21:47:39.127,Keltner,Hold,0.00|No Keltner breakout,2026-01-08 21:47:39.467
1019054,LUNR,2026-01-08 21:47:39.180,OBV,Hold,0.00|No OBV divergence,2026-01-08 21:47:39.520
1019055,LUNR,2026-01-08 21:47:39.233,Aroon,Hold,0.00|No Aroon trend change,2026-01-08 21:47:39.577
1019056,LUNR,2026-01-08 21:47:39.290,ROC,Hold,0.00|No ROC momentum burst,2026-01-08 21:47:39.647
1019057,LUNR,2026-01-08 21:47:39.347,TSI,Hold,0.00|No TSI crossover,2026-01-08 21:47:39.700
1019058,LUNR,2026-01-08 21:47:39.397,Vortex,Hold,0.00|No Vortex trend change,2026-01-08 21:47:39.750
1019059,LUNR,2026-01-08 21:47:39.450,Confluence,Hold,0.00|Insufficient confluence (score=3),2026-01-08 21:47:39.803
1019060,LXEO,2026-01-08 21:47:39.490,SwingFilter,Hold,Weekly trend too weak (0.1%),2026-01-08 21:47:39.843
1019061,LUNR,2026-01-08 21:47:39.503,Enhanced_Consensus,Hold,REJECT - Insufficient confirmations | conf=0% | quality=67%,2026-01-08 21:47:39.860
1019062,MARA,2026-01-08 21:47:43.630,SwingFilter,Hold,No clear weekly trend direction,2026-01-08 21:47:43.990
1019063,MCD,2026-01-08 21:47:44.617,SwingFilter,Hold,Weekly trend too weak (0.2%),2026-01-08 21:47:44.973
1019064,MDB,2026-01-08 21:47:45.067,SwingFilter,Hold,No clear weekly trend direction,2026-01-08 21:47:45.413
1019065,MET,2026-01-08 21:47:45.387,SwingFilter,Hold,Weekly trend too weak (0.2%),2026-01-08 21:47:45.733
1019066,MGY,2026-01-08 21:47:47.120,SwingFilter,Hold,Weekly trend too weak (0.6%),2026-01-08 21:47:47.467
1019067,MFA,2026-01-08 21:47:47.180,SwingFilter,Hold,Weekly trend too weak (0.7%),2026-01-08 21:47:47.530
1019068,MIR,2026-01-08 21:47:47.537,SwingFilter,Hold,Weekly trend too weak (0.9%),2026-01-08 21:47:47.880
1019069,MKC,2026-01-08 21:47:48.117,SwingFilter,Hold,Weekly trend too weak (0.3%),2026-01-08 21:47:48.460
1019070,MGM,2026-01-08 21:47:48.727,SwingFilter,Hold,Weekly trend too weak (1.0%),2026-01-08 21:47:49.077
1019071,MMM,2026-01-08 21:47:49.037,SwingFilter,Hold,Weekly trend too weak (0.8%),2026-01-08 21:47:49.390
1019072,MO,2026-01-08 05:00:00.000,RelaxedEngine,Hold,Insufficient votes,2026-01-08 21:47:50.170
1019073,MO,2026-01-08 21:47:49.873,TrendMTF,Hold,0.00|No clear trend setup,2026-01-08 21:47:50.220
1019074,MO,2026-01-08 21:47:49.927,MeanRevSR,Hold,"0.00|No mean reversion setup (RSI=50.0, regime=Quiet Market)",2026-01-08 21:47:50.273
1019075,MO,2026-01-08 21:47:49.977,BreakoutVol,Hold,0.00|No breakout pattern (ADX=24.6),2026-01-08 21:47:50.330
1019076,MO,2026-01-08 21:47:50.033,MomentumDiv,Hold,0.00|Indicators not ready,2026-01-08 21:47:50.383
1019077,MO,2026-01-08 21:47:50.097,EMA+RSI,Hold,0.00|No EMA crossover,2026-01-08 21:47:50.450
1019078,MO,2026-01-08 21:47:50.153,Bollinger,Buy,0.69|Bollinger mean reversion buy (RSI=36.3),2026-01-08 21:47:50.500
1019079,MO,2026-01-08 21:47:50.207,ATR,Hold,0.00|No ATR breakout,2026-01-08 21:47:50.557
1019080,MO,2026-01-08 21:47:50.260,MACD,Hold,0.00|No MACD signal,2026-01-08 21:47:50.613
1019081,MO,2026-01-08 21:47:50.317,ADX,Sell,0.67|ADX strong trend ? (ADX=24.6),2026-01-08 21:47:50.670
1019082,MO,2026-01-08 21:47:50.377,Volume,Hold,0.00|Volume too low: 1.20x,2026-01-08 21:47:50.730
1019083,MO,2026-01-08 21:47:50.437,Donchian,Hold,"0.00|Price within channel ($55.90, U=$59.81, L=$54.70)",2026-01-08 21:47:50.783
1019084,MO,2026-01-08 21:47:50.490,Ichimoku,Sell,0.65|Bearish Ichimoku (price 1.7% below cloud),2026-01-08 21:47:50.840
1019085,MO,2026-01-08 21:47:50.547,PriceAction,Hold,0.00|No clear price action trend,2026-01-08 21:47:50.897
1019086,MO,2026-01-08 21:47:50.600,Supertrend,Sell,0.65|Supertrend bearish continuation (2.27% below),2026-01-08 21:47:50.953
1019087,MO,2026-01-08 21:47:50.660,MeanRevMFI,Buy,"0.67|MFI oversold reversal (MFI=25.1, band=13%)",2026-01-08 21:47:51.010
1019088,MO,2026-01-08 21:47:50.713,TripleMomentum,Hold,0.00|Insufficient momentum consensus,2026-01-08 21:47:51.063
1019089,MO,2026-01-08 21:47:50.770,SRBounce,Hold,0.00|Not near key S/R levels,2026-01-08 21:47:51.120
1019090,MO,2026-01-08 21:47:50.827,CMFMomentum,Hold,0.00|No CMF momentum signal,2026-01-08 21:47:51.170
1019091,MO,2026-01-08 21:47:50.880,ForceIndex,Hold,0.00|No Force Index breakout,2026-01-08 21:47:51.257
1019092,MO,2026-01-08 21:47:50.970,WilliamsR,Buy,0.80|Williams %R oversold recovery (-72.9 from -99.6),2026-01-08 21:47:51.310
1019093,MO,2026-01-08 21:47:51.023,PSAR,Hold,0.00|SAR no flip,2026-01-08 21:47:51.367
1019094,MO,2026-01-08 21:47:51.077,Keltner,Hold,0.00|No Keltner breakout,2026-01-08 21:47:51.420
1019095,MO,2026-01-08 21:47:51.133,OBV,Hold,0.00|No OBV divergence,2026-01-08 21:47:51.473
1019096,MO,2026-01-08 21:47:51.190,Aroon,Hold,0.00|No Aroon trend change,2026-01-08 21:47:51.530
1019097,MO,2026-01-08 21:47:51.243,ROC,Hold,0.00|No ROC momentum burst,2026-01-08 21:47:51.587
1019098,MO,2026-01-08 21:47:51.297,TSI,Hold,0.00|No TSI crossover,2026-01-08 21:47:51.640
1019099,MO,2026-01-08 21:47:51.353,Vortex,Hold,0.00|No Vortex trend change,2026-01-08 21:47:51.697
1019100,MO,2026-01-08 21:47:51.410,Confluence,Hold,0.00|Insufficient confluence (score=0),2026-01-08 21:47:51.750
1019101,MPC,2026-01-08 21:47:51.440,SwingFilter,Hold,No clear weekly trend direction,2026-01-08 21:47:51.783
1019102,MO,2026-01-08 21:47:51.463,Enhanced_Consensus,Hold,Insufficient votes | conf=0% | quality=0%,2026-01-08 21:47:51.807
1019103,MPLX,2026-01-08 21:47:51.827,SwingFilter,Hold,Weekly trend too weak (1.4%),2026-01-08 21:47:52.173
1019104,MMC,2026-01-08 21:47:52.160,SwingFilter,Hold,Weekly trend too weak (0.7%),2026-01-08 21:47:52.507
1019105,MPW,2026-01-08 05:00:00.000,RelaxedEngine,Hold,Insufficient votes,2026-01-08 21:47:53.907
1019106,MPW,2026-01-08 21:47:53.607,TrendMTF,Hold,0.00|No clear trend setup,2026-01-08 21:47:53.960
1019107,MPW,2026-01-08 21:47:53.657,MeanRevSR,Hold,"0.00|No mean reversion setup (RSI=50.0, regime=Quiet Market)",2026-01-08 21:47:54.017
1019108,MPW,2026-01-08 21:47:53.713,BreakoutVol,Hold,0.00|No breakout pattern (ADX=19.8),2026-01-08 21:47:54.070
1019109,MPW,2026-01-08 21:47:53.770,MomentumDiv,Hold,0.00|Indicators not ready,2026-01-08 21:47:54.130
1019110,MPW,2026-01-08 21:47:53.830,EMA+RSI,Hold,0.00|EMA buy rejected: EMAs too close (0.50%),2026-01-08 21:47:54.187
1019111,MPW,2026-01-08 21:47:53.887,Bollinger,Sell,0.67|Bollinger mean reversion sell (RSI=62.4),2026-01-08 21:47:54.243
1019112,MPW,2026-01-08 21:47:53.943,ATR,Hold,0.00|No ATR breakout,2026-01-08 21:47:54.307
1019113,MPW,2026-01-08 21:47:54.007,MACD,Buy,0.65|MACD momentum building (hist=0.0409),2026-01-08 21:47:54.350
1019114,MPW,2026-01-08 21:47:54.060,ADX,Hold,0.00|ADX too weak: 19.8 < 22,2026-01-08 21:47:54.407
1019115,MPW,2026-01-08 21:47:54.117,Volume,Hold,0.00|Volume too low: 0.96x,2026-01-08 21:47:54.460
1019116,MPW,2026-01-08 21:47:54.173,Donchian,Hold,"0.00|Price within channel ($5.44, U=$5.69, L=$4.88)",2026-01-08 21:47:54.517
1019117,MPW,2026-01-08 21:47:54.230,Ichimoku,Hold,0.00|Cloud too thin: 0.51% (need >1%),2026-01-08 21:47:54.573
1019118,MPW,2026-01-08 21:47:54.287,PriceAction,Hold,0.00|No clear price action trend,2026-01-08 21:47:54.630
1019119,MPW,2026-01-08 21:47:54.340,Supertrend,Buy,0.65|Supertrend bullish continuation (6.53% above),2026-01-08 21:47:54.687
1019120,MPW,2026-01-08 21:47:54.400,MeanRevMFI,Sell,"0.58|MFI overbought reversal (MFI=72.4, band=101%)",2026-01-08 21:47:54.740
1019121,MPW,2026-01-08 21:47:54.453,TripleMomentum,Buy,0.72|Triple momentum bullish (2/3 indicators),2026-01-08 21:47:54.797
1019122,MPW,2026-01-08 21:47:54.510,SRBounce,Hold,0.00|Not near key S/R levels,2026-01-08 21:47:54.850
1019123,MPW,2026-01-08 21:47:54.560,CMFMomentum,Hold,0.00|No CMF momentum signal,2026-01-08 21:47:54.900
1019124,MPW,2026-01-08 21:47:54.613,ForceIndex,Hold,0.00|No Force Index breakout,2026-01-08 21:47:54.957
1019125,MSTR,2026-01-08 21:47:54.657,SwingFilter,Hold,No clear weekly trend direction,2026-01-08 21:47:55.003
1019126,MPW,2026-01-08 21:47:54.670,WilliamsR,Hold,0.00|No Williams %R reversal signal,2026-01-08 21:47:55.010
1019127,MPW,2026-01-08 21:47:54.720,PSAR,Hold,0.00|SAR no flip,2026-01-08 21:47:55.060
1019128,MPW,2026-01-08 21:47:54.773,Keltner,Hold,0.00|No Keltner breakout,2026-01-08 21:47:55.117
1019129,MPW,2026-01-08 21:47:54.830,OBV,Hold,0.00|No OBV divergence,2026-01-08 21:47:55.173
1019130,MPW,2026-01-08 21:47:54.887,Aroon,Hold,0.00|No Aroon trend change,2026-01-08 21:47:55.227
1019131,MPW,2026-01-08 21:47:54.937,ROC,Hold,0.00|No ROC momentum burst,2026-01-08 21:47:55.320
1019132,MPW,2026-01-08 21:47:55.033,TSI,Hold,0.00|No TSI crossover,2026-01-08 21:47:55.380
1019133,MPW,2026-01-08 21:47:55.090,Vortex,Hold,0.00|No Vortex trend change,2026-01-08 21:47:55.437
1019134,MPW,2026-01-08 21:47:55.147,Confluence,Hold,0.00|Insufficient confluence (score=2),2026-01-08 21:47:55.493
1019135,MPW,2026-01-08 21:47:55.200,Enhanced_Consensus,Hold,Insufficient votes | conf=0% | quality=0%,2026-01-08 21:47:55.547
1019136,MQ,2026-01-08 21:47:55.330,SwingFilter,Hold,Weekly trend too weak (1.1%),2026-01-08 21:47:55.677
1019137,MTSI,2026-01-08 21:47:55.687,SwingFilter,Hold,Weekly trend too weak (1.1%),2026-01-08 21:47:56.033
1019138,MU,2026-01-08 05:00:00.000,RealisticConservative,Buy,"? BUY: 5 votes, Composite=55%, Confirms=2 (BB conflict)",2026-01-08 21:47:56.540
1019139,MU,2026-01-08 21:47:56.240,TrendMTF,Hold,0.00|No clear trend setup,2026-01-08 21:47:56.590
1019140,MU,2026-01-08 21:47:56.293,MeanRevSR,Hold,"0.00|No mean reversion setup (RSI=50.0, regime=Weak Trend)",2026-01-08 21:47:56.647
1019141,MU,2026-01-08 21:47:56.350,BreakoutVol,Hold,0.00|No breakout pattern (ADX=27.3),2026-01-08 21:47:56.700
1019142,MU,2026-01-08 21:47:56.400,MomentumDiv,Hold,0.00|Indicators not ready,2026-01-08 21:47:56.757
1019143,MU,2026-01-08 21:47:56.457,EMA+RSI,Hold,0.00|No EMA crossover,2026-01-08 21:47:56.810
1019144,MU,2026-01-08 21:47:56.513,Bollinger,Sell,0.68|Bollinger mean reversion sell (RSI=67.9),2026-01-08 21:47:56.867
1019145,MU,2026-01-08 21:47:56.570,ATR,Hold,0.00|No ATR breakout,2026-01-08 21:47:56.920
1019146,MU,2026-01-08 21:47:56.620,MACD,Hold,0.00|No MACD signal,2026-01-08 21:47:56.977
1019147,MU,2026-01-08 21:47:56.680,ADX,Buy,0.75|ADX strong trend ? (ADX=27.3),2026-01-08 21:47:57.030
1019148,MU,2026-01-08 21:47:56.733,Volume,Hold,0.00|Volume too low: 1.23x,2026-01-08 21:47:57.087
1019149,MU,2026-01-08 21:47:56.790,Donchian,Hold,"0.00|Price within channel ($327.02, U=$346.30, L=$221.69)",2026-01-08 21:47:57.143
1019150,MU,2026-01-08 21:47:56.847,Ichimoku,Buy,1.00|Bullish Ichimoku (price 8.8% above cloud),2026-01-08 21:47:57.200
1019151,MU,2026-01-08 21:47:56.903,PriceAction,Hold,0.00|No clear price action trend,2026-01-08 21:47:57.257
1019152,MU,2026-01-08 21:47:56.957,Supertrend,Buy,0.65|Supertrend bullish continuation (7.48% above),2026-01-08 21:47:57.310
1019153,MTCH,2026-01-08 21:47:56.980,SwingFilter,Hold,Weekly trend too weak (0.7%),2026-01-08 21:47:57.333
1019154,MU,2026-01-08 21:47:57.013,MeanRevMFI,Sell,"0.76|MFI overbought reversal (MFI=88.5, band=84%)",2026-01-08 21:47:57.367
1019155,MU,2026-01-08 21:47:57.070,TripleMomentum,Hold,0.00|Insufficient momentum consensus,2026-01-08 21:47:57.423
1019156,MU,2026-01-08 21:47:57.127,SRBounce,Hold,0.00|Not near key S/R levels,2026-01-08 21:47:57.480
1019157,MU,2026-01-08 21:47:57.183,CMFMomentum,Hold,0.00|No CMF momentum signal,2026-01-08 21:47:57.537
1019158,MU,2026-01-08 21:47:57.237,ForceIndex,Hold,0.00|No Force Index breakout,2026-01-08 21:47:57.590
1019159,MU,2026-01-08 21:47:57.293,WilliamsR,Hold,0.00|No Williams %R reversal signal,2026-01-08 21:47:57.647
1019160,MU,2026-01-08 21:47:57.350,PSAR,Hold,0.00|SAR no flip,2026-01-08 21:47:57.700
1019161,MU,2026-01-08 21:47:57.407,Keltner,Hold,0.00|No Keltner breakout,2026-01-08 21:47:57.753
1019162,MTDR,2026-01-08 21:47:57.407,SwingFilter,Hold,Weekly trend too weak (0.4%),2026-01-08 21:47:57.753
1019163,MU,2026-01-08 21:47:57.457,OBV,Hold,0.00|No OBV divergence,2026-01-08 21:47:57.810
1019164,MU,2026-01-08 21:47:57.513,Aroon,Hold,0.00|No Aroon trend change,2026-01-08 21:47:57.867
1019165,MU,2026-01-08 21:47:57.570,ROC,Hold,0.00|No ROC momentum burst,2026-01-08 21:47:57.920
1019166,MU,2026-01-08 21:47:57.627,TSI,Hold,0.00|No TSI crossover,2026-01-08 21:47:57.977
1019167,MU,2026-01-08 21:47:57.680,Vortex,Hold,0.00|No Vortex trend change,2026-01-08 21:47:58.033
1019168,MU,2026-01-08 21:47:57.740,Confluence,Hold,0.00|Insufficient confluence (score=2),2026-01-08 21:47:58.090
1019169,MU,2026-01-08 21:47:57.793,Enhanced_Consensus,Buy,"? BUY: 5 votes, Composite=55%, Confirms=2 (BB conflict) | conf=59% | quality=71%",2026-01-08 21:47:58.140
1019170,MU,2026-01-08 21:47:57.847,Enhanced_Entry,Buy,"entry=$327.35, qty=3, stop=$26.16, quality=71%",2026-01-08 21:47:58.193
1019171,NAGE,2026-01-08 21:47:58.183,SwingFilter,Hold,No clear weekly trend direction,2026-01-08 21:47:58.533
1019172,MTG,2026-01-08 21:47:59.043,SwingFilter,Hold,Weekly trend too weak (0.9%),2026-01-08 21:47:59.390
1019173,NCLH,2026-01-08 05:00:00.000,RealisticConservative,Buy,"? BUY: 7 votes, Composite=68%, Confirms=3 (BB conflict)",2026-01-08 21:47:59.880
1019174,NCLH,2026-01-08 21:47:59.590,TrendMTF,Hold,0.00|No clear trend setup,2026-01-08 21:47:59.937
1019175,NCLH,2026-01-08 21:47:59.647,MeanRevSR,Hold,"0.00|No mean reversion setup (RSI=50.0, regime=Weak Trend)",2026-01-08 21:47:59.993
1019176,NCLH,2026-01-08 21:47:59.703,BreakoutVol,Hold,0.00|No breakout pattern (ADX=42.1),2026-01-08 21:48:00.050
1019177,NCLH,2026-01-08 21:47:59.757,MomentumDiv,Hold,0.00|Indicators not ready,2026-01-08 21:48:00.103
1019178,NCLH,2026-01-08 21:47:59.813,EMA+RSI,Hold,0.00|No EMA crossover,2026-01-08 21:48:00.163
1019179,NCLH,2026-01-08 21:47:59.873,Bollinger,Sell,0.68|Bollinger mean reversion sell (RSI=70.1),2026-01-08 21:48:00.220
1019180,NCLH,2026-01-08 21:47:59.930,ATR,Hold,0.00|No ATR breakout,2026-01-08 21:48:00.277
1019181,NCLH,2026-01-08 21:47:59.987,MACD,Buy,0.65|MACD momentum building (hist=0.1478),2026-01-08 21:48:00.333
1019182,NCLH,2026-01-08 21:48:00.043,ADX,Buy,0.85|ADX strong trend ? (ADX=42.1),2026-01-08 21:48:00.390
1019183,NCLH,2026-01-08 21:48:00.097,Volume,Hold,0.00|Volume too low: 1.05x,2026-01-08 21:48:00.447
1019184,NCLH,2026-01-08 21:48:00.153,Donchian,Hold,"0.00|Price within channel ($24.37, U=$25.13, L=$18.40)",2026-01-08 21:48:00.503
1019185,NCLH,2026-01-08 21:48:00.210,Ichimoku,Buy,1.00|Bullish Ichimoku (price 7.2% above cloud),2026-01-08 21:48:00.553
1019186,NCLH,2026-01-08 21:48:00.260,PriceAction,Hold,0.00|No clear price action trend,2026-01-08 21:48:00.607
1019187,NCLH,2026-01-08 21:48:00.313,Supertrend,Buy,0.65|Supertrend bullish continuation (7.38% above),2026-01-08 21:48:00.660
1019188,NCLH,2026-01-08 21:48:00.367,MeanRevMFI,Hold,0.00|No MFI mean reversion setup,2026-01-08 21:48:00.713
1019189,NCLH,2026-01-08 21:48:00.420,TripleMomentum,Hold,0.00|Insufficient momentum consensus,2026-01-08 21:48:00.770
1019190,NCLH,2026-01-08 21:48:00.477,SRBounce,Hold,0.00|Not near key S/R levels,2026-01-08 21:48:00.823
1019191,NCLH,2026-01-08 21:48:00.530,CMFMomentum,Buy,"0.75|CMF accumulation (CMF=0.122, RSI=70)",2026-01-08 21:48:00.880
1019192,NCLH,2026-01-08 21:48:00.587,ForceIndex,Hold,0.00|No Force Index breakout,2026-01-08 21:48:00.933
1019193,NCLH,2026-01-08 21:48:00.640,WilliamsR,Hold,0.00|No Williams %R reversal signal,2026-01-08 21:48:00.987
1019194,NCLH,2026-01-08 21:48:00.693,PSAR,Hold,0.00|SAR no flip,2026-01-08 21:48:01.040
1019195,NCLH,2026-01-08 21:48:00.747,Keltner,Hold,0.00|No Keltner breakout,2026-01-08 21:48:01.090
1019196,NCLH,2026-01-08 21:48:00.797,OBV,Hold,0.00|No OBV divergence,2026-01-08 21:48:01.147
1019197,NCNO,2026-01-08 21:48:00.843,SwingFilter,Hold,Weekly trend too weak (1.1%),2026-01-08 21:48:01.190
1019198,NCLH,2026-01-08 21:48:00.853,Aroon,Hold,0.00|No Aroon trend change,2026-01-08 21:48:01.203
1019199,NCLH,2026-01-08 21:48:00.910,ROC,Hold,0.00|No ROC momentum burst,2026-01-08 21:48:01.260
1019200,NCLH,2026-01-08 21:48:00.967,TSI,Hold,0.00|No TSI crossover,2026-01-08 21:48:01.313
1019201,NCLH,2026-01-08 21:48:01.020,Vortex,Hold,0.00|No Vortex trend change,2026-01-08 21:48:01.367
1019202,NCLH,2026-01-08 21:48:01.073,Confluence,Hold,0.00|Insufficient confluence (score=3),2026-01-08 21:48:01.423
1019203,NCLH,2026-01-08 21:48:01.127,Enhanced_Consensus,Buy,"? BUY: 7 votes, Composite=68%, Confirms=3 (BB conflict) | conf=71% | quality=59%",2026-01-08 21:48:01.477
1019204,NCLH,2026-01-08 21:48:01.177,Enhanced_Entry,Buy,"entry=$24.39, qty=42, stop=$1.95, quality=59%",2026-01-08 21:48:01.530
1019205,NESR,2026-01-08 05:00:00.000,RelaxedEngine,Hold,Failed validation,2026-01-08 21:48:02.357
1019206,NESR,2026-01-08 21:48:02.057,TrendMTF,Hold,0.00|No clear trend setup,2026-01-08 21:48:02.410
1019207,NESR,2026-01-08 21:48:02.113,MeanRevSR,Hold,"0.00|No mean reversion setup (RSI=50.0, regime=Weak Trend)",2026-01-08 21:48:02.460
1019208,NESR,2026-01-08 21:48:02.170,BreakoutVol,Hold,0.00|No breakout pattern (ADX=42.0),2026-01-08 21:48:02.517
1019209,NESR,2026-01-08 21:48:02.227,MomentumDiv,Hold,0.00|Indicators not ready,2026-01-08 21:48:02.573
1019210,NESR,2026-01-08 21:48:02.280,EMA+RSI,Hold,0.00|No EMA crossover,2026-01-08 21:48:02.630
1019211,NESR,2026-01-08 21:48:02.337,Bollinger,Sell,0.75|Bollinger mean reversion sell (RSI=81.8),2026-01-08 21:48:02.683
1019212,NESR,2026-01-08 21:48:02.393,ATR,Buy,0.80|ATR breakout ? (vol=3.0%),2026-01-08 21:48:02.740
1019213,NESR,2026-01-08 21:48:02.450,MACD,Hold,0.00|No MACD signal,2026-01-08 21:48:02.797
1019214,NESR,2026-01-08 21:48:02.507,ADX,Buy,0.85|ADX strong trend ? (ADX=42.0),2026-01-08 21:48:02.850
1019215,NESR,2026-01-08 21:48:02.560,Volume,Buy,0.85|Volume spike 2.5x with upward momentum,2026-01-08 21:48:02.903
1019216,NESR,2026-01-08 21:48:02.613,Donchian,Hold,"0.00|Price within channel ($17.66, U=$17.83, L=$13.83)",2026-01-08 21:48:02.960
1019217,NESR,2026-01-08 21:48:02.670,Ichimoku,Buy,1.00|Bullish Ichimoku (price 8.9% above cloud),2026-01-08 21:48:03.013
1019218,NESR,2026-01-08 21:48:02.720,PriceAction,Buy,0.80|Strong uptrend: Higher highs & higher lows confirmed,2026-01-08 21:48:03.063
1019219,NESR,2026-01-08 21:48:02.773,Supertrend,Buy,0.63|Supertrend bullish continuation (10.62% above),2026-01-08 21:48:03.120
1019220,NESR,2026-01-08 21:48:02.830,MeanRevMFI,Hold,0.00|No MFI mean reversion setup,2026-01-08 21:48:03.177
1019221,NESR,2026-01-08 21:48:02.887,TripleMomentum,Buy,1.00|Triple momentum bullish (3/3 indicators),2026-01-08 21:48:03.233
1019222,NESR,2026-01-08 21:48:02.943,SRBounce,Hold,0.00|Not near key S/R levels,2026-01-08 21:48:03.290
1019223,NESR,2026-01-08 21:48:02.997,CMFMomentum,Hold,0.00|No CMF momentum signal,2026-01-08 21:48:03.343
1019224,NESR,2026-01-08 21:48:03.053,ForceIndex,Hold,0.00|No Force Index breakout,2026-01-08 21:48:03.400
1019225,NESR,2026-01-08 21:48:03.110,WilliamsR,Hold,0.00|No Williams %R reversal signal,2026-01-08 21:48:03.457
1019226,NFE,2026-01-08 21:48:03.143,SwingFilter,Hold,No clear weekly trend direction,2026-01-08 21:48:03.497
1019227,NESR,2026-01-08 21:48:03.167,PSAR,Hold,0.00|SAR no flip,2026-01-08 21:48:03.520
1019228,NESR,2026-01-08 21:48:03.220,Keltner,Hold,0.00|No Keltner breakout,2026-01-08 21:48:03.573
1019229,NESR,2026-01-08 21:48:03.277,OBV,Hold,0.00|No OBV divergence,2026-01-08 21:48:03.627
1019230,NESR,2026-01-08 21:48:03.330,Aroon,Hold,0.00|No Aroon trend change,2026-01-08 21:48:03.683
1019231,NESR,2026-01-08 21:48:03.387,ROC,Buy,"0.88|ROC momentum burst ? (ROC=20.0%, vol=2.58x)",2026-01-08 21:48:03.740
1019232,NESR,2026-01-08 21:48:03.443,TSI,Hold,0.00|No TSI crossover,2026-01-08 21:48:03.793
1019233,NESR,2026-01-08 21:48:03.497,Vortex,Hold,0.00|No Vortex trend change,2026-01-08 21:48:03.850
1019234,NESR,2026-01-08 21:48:03.553,Confluence,Buy,"0.65|Bullish confluence (4/5): MACD bullish, Volume spike, Price momentum, ADX uptrend",2026-01-08 21:48:03.903
1019235,NESR,2026-01-08 21:48:03.607,Enhanced_Consensus,Hold,Failed validation | conf=0% | quality=72%,2026-01-08 21:48:03.960
1019236,NI,2026-01-08 21:48:03.640,SwingFilter,Hold,Weekly trend too weak (1.2%),2026-01-08 21:48:03.990
1019237,NMRK,2026-01-08 21:48:04.860,SwingFilter,Hold,Weekly trend too weak (0.2%),2026-01-08 21:48:05.203
1019238,NTAP,2026-01-08 05:00:00.000,RealisticConservative,Sell,Sell: 7@79% Q:57% (BB conflict),2026-01-08 21:48:08.810
1019239,NTAP,2026-01-08 21:48:08.520,TrendMTF,Hold,0.00|No clear trend setup,2026-01-08 21:48:08.867
1019240,NTAP,2026-01-08 21:48:08.573,MeanRevSR,Hold,"0.00|No mean reversion setup (RSI=50.0, regime=Quiet Market)",2026-01-08 21:48:08.923
1019241,NTAP,2026-01-08 21:48:08.633,BreakoutVol,Hold,0.00|No breakout pattern (ADX=33.7),2026-01-08 21:48:08.983
1019242,NTAP,2026-01-08 21:48:08.693,MomentumDiv,Hold,0.00|Indicators not ready,2026-01-08 21:48:09.043
1019243,NTAP,2026-01-08 21:48:08.750,EMA+RSI,Hold,0.00|No EMA crossover,2026-01-08 21:48:09.100
1019244,NNE,2026-01-08 21:48:08.787,SwingFilter,Hold,Weekly trend too weak (0.6%),2026-01-08 21:48:09.133
1019245,NTAP,2026-01-08 21:48:08.807,Bollinger,Buy,0.68|Bollinger mean reversion buy (RSI=37.4),2026-01-08 21:48:09.153
1019246,NTAP,2026-01-08 21:48:08.863,ATR,Hold,0.00|No ATR breakout,2026-01-08 21:48:09.210
1019247,NTAP,2026-01-08 21:48:08.917,MACD,Hold,0.00|No MACD signal,2026-01-08 21:48:09.267
1019248,NTAP,2026-01-08 21:48:08.973,ADX,Sell,0.85|ADX strong trend ? (ADX=33.7),2026-01-08 21:48:09.323
1019249,NTAP,2026-01-08 21:48:09.033,Volume,Buy,0.69|Volume spike 1.5x with upward momentum,2026-01-08 21:48:09.383
1019250,NTAP,2026-01-08 21:48:09.090,Donchian,Hold,"0.00|Price within channel ($105.55, U=$119.72, L=$103.35)",2026-01-08 21:48:09.440
1019251,NTAP,2026-01-08 21:48:09.147,Ichimoku,Sell,0.83|Bearish Ichimoku (price 3.5% below cloud),2026-01-08 21:48:09.493
1019252,NTAP,2026-01-08 21:48:09.207,PriceAction,Hold,0.00|No clear price action trend,2026-01-08 21:48:09.557
1019253,NTAP,2026-01-08 21:48:09.263,Supertrend,Sell,0.65|Supertrend bearish continuation (6.03% below),2026-01-08 21:48:09.613
1019254,NSC,2026-01-08 21:48:09.283,SwingFilter,Hold,Weekly trend too weak (0.0%),2026-01-08 21:48:09.633
1019255,NTNX,2026-01-08 21:48:09.283,SwingFilter,Hold,No clear weekly trend direction,2026-01-08 21:48:09.633
1019256,NTAP,2026-01-08 21:48:09.320,MeanRevMFI,Hold,0.00|No MFI mean reversion setup,2026-01-08 21:48:09.670
1019257,NTAP,2026-01-08 21:48:09.373,TripleMomentum,Sell,0.95|Triple momentum bearish (2/3 indicators),2026-01-08 21:48:09.727
1019258,NTAP,2026-01-08 21:48:09.433,SRBounce,Hold,0.00|Not near key S/R levels,2026-01-08 21:48:09.780
1019259,NTAP,2026-01-08 21:48:09.487,CMFMomentum,Sell,"0.90|CMF distribution (CMF=-0.170, RSI=37)",2026-01-08 21:48:09.837
1019260,NTAP,2026-01-08 21:48:09.543,ForceIndex,Hold,0.00|No Force Index breakout,2026-01-08 21:48:09.893
1019261,NTAP,2026-01-08 21:48:09.600,WilliamsR,Hold,0.00|No Williams %R reversal signal,2026-01-08 21:48:09.950
1019262,NTAP,2026-01-08 21:48:09.653,PSAR,Hold,0.00|SAR no flip,2026-01-08 21:48:10.007
1019263,NTAP,2026-01-08 21:48:09.710,Keltner,Hold,0.00|No Keltner breakout,2026-01-08 21:48:10.060
1019264,NTAP,2026-01-08 21:48:09.767,OBV,Hold,0.00|No OBV divergence,2026-01-08 21:48:10.117
1019265,NTAP,2026-01-08 21:48:09.823,Aroon,Hold,0.00|No Aroon trend change,2026-01-08 21:48:10.173
1019266,NTAP,2026-01-08 21:48:09.877,ROC,Hold,0.00|No ROC momentum burst,2026-01-08 21:48:10.230
1019267,NTAP,2026-01-08 21:48:09.933,TSI,Hold,0.00|No TSI crossover,2026-01-08 21:48:10.287
1019268,NTAP,2026-01-08 21:48:09.990,Vortex,Hold,0.00|No Vortex trend change,2026-01-08 21:48:10.340
1019269,NTAP,2026-01-08 21:48:10.047,Confluence,Hold,0.00|Insufficient confluence (score=1),2026-01-08 21:48:10.397
1019270,NTAP,2026-01-08 21:48:10.103,Enhanced_Consensus,Sell,Sell: 7@79% Q:57% (BB conflict) | conf=74% | quality=57%,2026-01-08 21:48:10.453
1019271,NTAP,2026-01-08 21:48:10.157,Enhanced_Entry,Sell,"entry=$105.44, qty=9, stop=$8.44, quality=57%",2026-01-08 21:48:10.540
1019272,NTST,2026-01-08 21:48:10.427,SwingFilter,Hold,Weekly trend too weak (1.2%),2026-01-08 21:48:10.770
1019273,NVDA,2026-01-08 21:48:11.520,SwingFilter,Hold,Weekly trend too weak (0.2%),2026-01-08 21:48:11.873
1019274,NUVB,2026-01-08 21:48:12.703,SwingFilter,Hold,No clear weekly trend direction,2026-01-08 21:48:13.047
1019275,NWS,2026-01-08 21:48:13.017,SwingFilter,Hold,Weekly trend too weak (1.4%),2026-01-08 21:48:13.360
1019276,NXDR,2026-01-08 21:48:13.527,SwingFilter,Hold,No clear weekly trend direction,2026-01-08 21:48:13.877
1019277,NWSA,2026-01-08 21:48:13.577,SwingFilter,Hold,Weekly trend too weak (0.8%),2026-01-08 21:48:13.923
1019278,OBDC,2026-01-08 21:48:14.577,SwingFilter,Hold,Weekly trend too weak (1.1%),2026-01-08 21:48:14.930
1019279,OCGN,2026-01-08 05:00:00.000,RelaxedEngine,Hold,Insufficient votes,2026-01-08 21:48:15.677
1019280,OCGN,2026-01-08 21:48:15.390,TrendMTF,Hold,0.00|No clear trend setup,2026-01-08 21:48:15.733
1019281,OCGN,2026-01-08 21:48:15.447,MeanRevSR,Hold,"0.00|No mean reversion setup (RSI=50.0, regime=High Volatility)",2026-01-08 21:48:15.790
1019282,OCGN,2026-01-08 21:48:15.500,BreakoutVol,Hold,0.00|No breakout pattern (ADX=27.1),2026-01-08 21:48:15.847
1019283,OCGN,2026-01-08 21:48:15.557,MomentumDiv,Hold,0.00|Indicators not ready,2026-01-08 21:48:15.900
1019284,OCGN,2026-01-08 21:48:15.613,EMA+RSI,Hold,0.00|No EMA crossover,2026-01-08 21:48:15.957
1019285,OCGN,2026-01-08 21:48:15.670,Bollinger,Sell,0.66|Bollinger mean reversion sell (RSI=56.2),2026-01-08 21:48:16.013
1019286,ODFL,2026-01-08 05:00:00.000,RealisticConservative,Buy,"? BUY: 10 votes, Composite=66%, Confirms=3 (BB conflict)",2026-01-08 21:48:16.050
1019287,OCGN,2026-01-08 21:48:15.727,ATR,Hold,0.00|Volatility outside swing range: 6.68%,2026-01-08 21:48:16.070
1019288,ODFL,2026-01-08 21:48:15.763,TrendMTF,Hold,0.00|No clear trend setup,2026-01-08 21:48:16.107
1019289,OCGN,2026-01-08 21:48:15.780,MACD,Hold,0.00|No MACD signal,2026-01-08 21:48:16.127
1019290,ODFL,2026-01-08 21:48:15.817,MeanRevSR,Hold,"0.00|No mean reversion setup (RSI=50.0, regime=Weak Trend)",2026-01-08 21:48:16.163
1019291,OCGN,2026-01-08 21:48:15.837,ADX,Buy,0.75|ADX strong trend ? (ADX=27.1),2026-01-08 21:48:16.180
1019292,ODFL,2026-01-08 21:48:15.873,BreakoutVol,Hold,0.00|No breakout pattern (ADX=38.8),2026-01-08 21:48:16.220
1019293,OCGN,2026-01-08 21:48:15.893,Volume,Hold,0.00|Volume too low: 1.01x,2026-01-08 21:48:16.257
1019294,ODFL,2026-01-08 21:48:15.930,MomentumDiv,Hold,0.00|Indicators not ready,2026-01-08 21:48:16.273
1019295,OCGN,2026-01-08 21:48:15.970,Donchian,Hold,"0.00|Price within channel ($1.49, U=$1.65, L=$1.14)",2026-01-08 21:48:16.313
1019296,ODFL,2026-01-08 21:48:15.987,EMA+RSI,Hold,0.00|No EMA crossover,2026-01-08 21:48:16.330
1019297,OCGN,2026-01-08 21:48:16.027,Ichimoku,Buy,0.90|Bullish Ichimoku (price 3.4% above cloud),2026-01-08 21:48:16.370
1019298,ODFL,2026-01-08 21:48:16.043,Bollinger,Sell,0.72|Bollinger mean reversion sell (RSI=71.4),2026-01-08 21:48:16.387
1019299,OCGN,2026-01-08 21:48:16.083,PriceAction,Hold,0.00|No clear price action trend,2026-01-08 21:48:16.427
1019300,ODFL,2026-01-08 21:48:16.100,ATR,Hold,0.00|No ATR breakout,2026-01-08 21:48:16.443
1019301,OCGN,2026-01-08 21:48:16.137,Supertrend,Buy,0.63|Supertrend bullish continuation (10.00% above),2026-01-08 21:48:16.480
1019302,ODFL,2026-01-08 21:48:16.153,MACD,Buy,0.65|MACD momentum building (hist=0.5025),2026-01-08 21:48:16.500
1019303,OCGN,2026-01-08 21:48:16.193,MeanRevMFI,Hold,0.00|No MFI mean reversion setup,2026-01-08 21:48:16.537
1019304,ODFL,2026-01-08 21:48:16.210,ADX,Buy,0.85|ADX strong trend ? (ADX=38.8),2026-01-08 21:48:16.553
1019305,OCGN,2026-01-08 21:48:16.250,TripleMomentum,Hold,0.00|Insufficient momentum consensus,2026-01-08 21:48:16.593
1019306,ODFL,2026-01-08 21:48:16.267,Volume,Hold,0.00|Volume too low: 1.00x,2026-01-08 21:48:16.610
1019307,OCGN,2026-01-08 21:48:16.307,SRBounce,Hold,0.00|Not near key S/R levels,2026-01-08 21:48:16.650
1019308,ODFL,2026-01-08 21:48:16.323,Donchian,Hold,"0.00|Price within channel ($171.07, U=$172.80, L=$141.50)",2026-01-08 21:48:16.667
1019309,OCGN,2026-01-08 21:48:16.360,CMFMomentum,Hold,0.00|No CMF momentum signal,2026-01-08 21:48:16.710
1019310,ODFL,2026-01-08 21:48:16.377,Ichimoku,Buy,1.00|Bullish Ichimoku (price 6.5% above cloud),2026-01-08 21:48:16.730
1019311,OCGN,2026-01-08 21:48:16.417,ForceIndex,Hold,0.00|No Force Index breakout,2026-01-08 21:48:16.767
1019312,ODFL,2026-01-08 21:48:16.433,PriceAction,Hold,0.00|No clear price action trend,2026-01-08 21:48:16.783
1019313,OCGN,2026-01-08 21:48:16.473,WilliamsR,Hold,0.00|No Williams %R reversal signal,2026-01-08 21:48:16.823
1019314,ODP,2026-01-08 21:48:16.477,SwingFilter,Hold,Volatility too low (0.27%) - no swing opportunity,2026-01-08 21:48:16.823
1019315,ODFL,2026-01-08 21:48:16.490,Supertrend,Buy,0.65|Supertrend bullish continuation (8.33% above),2026-01-08 21:48:16.840
1019316,OCGN,2026-01-08 21:48:16.530,PSAR,Hold,0.00|SAR no flip,2026-01-08 21:48:16.877
1019317,ODFL,2026-01-08 21:48:16.547,MeanRevMFI,Hold,0.00|No MFI mean reversion setup,2026-01-08 21:48:16.897
1019318,OCGN,2026-01-08 21:48:16.583,Keltner,Hold,0.00|No Keltner breakout,2026-01-08 21:48:16.930
1019319,ODFL,2026-01-08 21:48:16.603,TripleMomentum,Buy,1.00|Triple momentum bullish (3/3 indicators),2026-01-08 21:48:16.953
1019320,OCGN,2026-01-08 21:48:16.637,OBV,Hold,0.00|No OBV divergence,2026-01-08 21:48:16.987
1019321,ODFL,2026-01-08 21:48:16.657,SRBounce,Hold,0.00|Not near key S/R levels,2026-01-08 21:48:17.010
1019322,OCGN,2026-01-08 21:48:16.693,Aroon,Hold,0.00|No Aroon trend change,2026-01-08 21:48:17.043
1019323,ODFL,2026-01-08 21:48:16.713,CMFMomentum,Buy,"0.75|CMF accumulation (CMF=0.109, RSI=71)",2026-01-08 21:48:17.063
1019324,OCGN,2026-01-08 21:48:16.750,ROC,Hold,0.00|No ROC momentum burst,2026-01-08 21:48:17.100
1019325,OCGN,2026-01-08 21:48:16.807,TSI,Hold,0.00|No TSI crossover,2026-01-08 21:48:17.180
1019326,ODFL,2026-01-08 21:48:16.770,ForceIndex,Hold,0.00|No Force Index breakout,2026-01-08 21:48:17.180
1019327,NXT,2026-01-08 21:48:16.880,SwingFilter,Hold,Weekly trend too weak (0.4%),2026-01-08 21:48:17.230
1019328,OCGN,2026-01-08 21:48:16.883,Vortex,Hold,0.00|No Vortex trend change,2026-01-08 21:48:17.237
1019329,ODFL,2026-01-08 21:48:16.887,WilliamsR,Hold,0.00|No Williams %R reversal signal,2026-01-08 21:48:17.237
1019330,OCGN,2026-01-08 21:48:16.940,Confluence,Hold,0.00|Insufficient confluence (score=2),2026-01-08 21:48:17.287
1019331,ODFL,2026-01-08 21:48:16.943,PSAR,Hold,0.00|SAR no flip,2026-01-08 21:48:17.293
1019332,OCGN,2026-01-08 21:48:16.993,Enhanced_Consensus,Hold,Insufficient votes | conf=0% | quality=0%,2026-01-08 21:48:17.343
1019333,ODFL,2026-01-08 21:48:17.000,Keltner,Buy,0.65|Keltner breakout ? (vol=1.10x),2026-01-08 21:48:17.350
1019334,ODFL,2026-01-08 21:48:17.053,OBV,Hold,0.00|No OBV divergence,2026-01-08 21:48:17.403
1019335,ODFL,2026-01-08 21:48:17.110,Aroon,Hold,0.00|No Aroon trend change,2026-01-08 21:48:17.460
1019336,ODFL,2026-01-08 21:48:17.167,ROC,Buy,"0.70|ROC momentum burst ? (ROC=8.7%, vol=1.10x)",2026-01-08 21:48:17.517
1019337,ODFL,2026-01-08 21:48:17.223,TSI,Hold,0.00|No TSI crossover,2026-01-08 21:48:17.573
1019338,ODFL,2026-01-08 21:48:17.280,Vortex,Hold,0.00|No Vortex trend change,2026-01-08 21:48:17.630
1019339,ODFL,2026-01-08 21:48:17.333,Confluence,Hold,0.00|Insufficient confluence (score=3),2026-01-08 21:48:17.683
1019340,ODFL,2026-01-08 21:48:17.390,Enhanced_Consensus,Buy,"? BUY: 10 votes, Composite=66%, Confirms=3 (BB conflict) | conf=69% | quality=61%",2026-01-08 21:48:17.747
1019341,ODFL,2026-01-08 21:48:17.447,Enhanced_Entry,Buy,"entry=$171.24, qty=7, stop=$11.82, quality=61%",2026-01-08 21:48:17.803
1019342,OHI,2026-01-08 21:48:17.643,SwingFilter,Hold,Weekly trend too weak (1.2%),2026-01-08 21:48:18.000
1019343,OKE,2026-01-08 21:48:18.057,SwingFilter,Hold,Weekly trend too weak (0.0%),2026-01-08 21:48:18.417
1019344,OLPX,2026-01-08 05:00:00.000,RealisticConservative,Buy,"? BUY: 10 votes, Composite=84%, Confirms=4",2026-01-08 21:48:19.617
1019345,OLPX,2026-01-08 21:48:19.313,TrendMTF,Hold,0.00|No clear trend setup,2026-01-08 21:48:19.690
1019346,OLPX,2026-01-08 21:48:19.393,MeanRevSR,Hold,0.00|Strong trend - avoid mean reversion,2026-01-08 21:48:19.747
1019347,OLPX,2026-01-08 21:48:19.447,BreakoutVol,Hold,0.00|No breakout pattern (ADX=42.6),2026-01-08 21:48:19.803
1019348,OLPX,2026-01-08 21:48:19.503,MomentumDiv,Hold,0.00|Indicators not ready,2026-01-08 21:48:19.860
1019349,OLPX,2026-01-08 21:48:19.557,EMA+RSI,Hold,0.00|No EMA crossover,2026-01-08 21:48:19.917
1019350,OLPX,2026-01-08 21:48:19.613,Bollinger,Hold,0.00|Strong uptrend - avoid shorting momentum,2026-01-08 21:48:19.970
1019351,OLPX,2026-01-08 21:48:19.670,ATR,Hold,0.00|Volatility outside swing range: 6.53%,2026-01-08 21:48:20.030
1019352,OLPX,2026-01-08 21:48:19.730,MACD,Buy,0.65|MACD momentum building (hist=0.0226),2026-01-08 21:48:20.087
1019353,OLPX,2026-01-08 21:48:19.787,ADX,Buy,0.85|ADX strong trend ? (ADX=42.6),2026-01-08 21:48:20.143
1019354,OLPX,2026-01-08 21:48:19.843,Volume,Buy,0.85|Volume spike 3.1x with upward momentum,2026-01-08 21:48:20.200
1019355,OLPX,2026-01-08 21:48:19.897,Donchian,Hold,"0.00|Price within channel ($1.66, U=$1.84, L=$1.10)",2026-01-08 21:48:20.290
1019356,OMC,2026-01-08 21:48:19.993,SwingFilter,Hold,Weekly trend too weak (1.4%),2026-01-08 21:48:20.347
1019357,OLPX,2026-01-08 21:48:19.990,Ichimoku,Buy,1.00|Bullish Ichimoku (price 9.0% above cloud),2026-01-08 21:48:20.347
1019358,OLPX,2026-01-08 21:48:20.047,PriceAction,Hold,0.00|No clear price action trend,2026-01-08 21:48:20.403
1019359,OLPX,2026-01-08 21:48:20.103,Supertrend,Buy,0.56|Supertrend bullish continuation (18.87% above),2026-01-08 21:48:20.460
1019360,OLPX,2026-01-08 21:48:20.157,MeanRevMFI,Hold,0.00|No MFI mean reversion setup,2026-01-08 21:48:20.517
1019361,OLPX,2026-01-08 21:48:20.213,TripleMomentum,Buy,0.95|Triple momentum bullish (2/3 indicators),2026-01-08 21:48:20.570
1019362,OLPX,2026-01-08 21:48:20.270,SRBounce,Hold,0.00|Not near key S/R levels,2026-01-08 21:48:20.627
1019363,OLPX,2026-01-08 21:48:20.327,CMFMomentum,Hold,0.00|No CMF momentum signal,2026-01-08 21:48:20.683
1019364,OMER,2026-01-08 21:48:20.377,SwingFilter,Hold,Volatility too high (11.00%) - excessive risk,2026-01-08 21:48:20.733
1019365,OLPX,2026-01-08 21:48:20.383,ForceIndex,Hold,0.00|No Force Index breakout,2026-01-08 21:48:20.740
1019366,OLPX,2026-01-08 21:48:20.437,WilliamsR,Hold,0.00|No Williams %R reversal signal,2026-01-08 21:48:20.797
1019367,OLPX,2026-01-08 21:48:20.493,PSAR,Hold,0.00|SAR no flip,2026-01-08 21:48:20.850
1019368,OLPX,2026-01-08 21:48:20.550,Keltner,Hold,0.00|No Keltner breakout,2026-01-08 21:48:20.907
1019369,OLPX,2026-01-08 21:48:20.607,OBV,Hold,0.00|No OBV divergence,2026-01-08 21:48:20.963
1019370,OLPX,2026-01-08 21:48:20.663,Aroon,Hold,0.00|No Aroon trend change,2026-01-08 21:48:21.020
1019371,OLPX,2026-01-08 21:48:20.717,ROC,Buy,"0.82|ROC momentum burst ? (ROC=31.8%, vol=2.49x)",2026-01-08 21:48:21.077
1019372,OLPX,2026-01-08 21:48:20.777,TSI,Hold,0.00|No TSI crossover,2026-01-08 21:48:21.130
1019373,ON,2026-01-08 05:00:00.000,RealisticConservative,Buy,"? BUY: 6 votes, Composite=68%, Confirms=3 (BB conflict)",2026-01-08 21:48:21.167
1019374,OLPX,2026-01-08 21:48:20.830,Vortex,Hold,0.00|No Vortex trend change,2026-01-08 21:48:21.187
1019375,ON,2026-01-08 21:48:20.867,TrendMTF,Hold,0.00|No clear trend setup,2026-01-08 21:48:21.223
1019376,OLPX,2026-01-08 21:48:20.887,Confluence,Buy,"0.65|Bullish confluence (4/5): MACD bullish, Volume spike, Price momentum, ADX uptrend",2026-01-08 21:48:21.243
1019377,ON,2026-01-08 21:48:20.923,MeanRevSR,Hold,"0.00|No mean reversion setup (RSI=50.0, regime=Weak Trend)",2026-01-08 21:48:21.280
1019378,OLPX,2026-01-08 21:48:20.943,Enhanced_Consensus,Buy,"? BUY: 10 votes, Composite=84%, Confirms=4 | conf=93% | quality=77%",2026-01-08 21:48:21.293
1019379,ON,2026-01-08 21:48:20.980,BreakoutVol,Hold,0.00|No breakout pattern (ADX=33.0),2026-01-08 21:48:21.333
1019380,OLPX,2026-01-08 21:48:20.997,Enhanced_Entry,Buy,"entry=$1.66, qty=810, stop=$0.13, quality=77%",2026-01-08 21:48:21.350
1019381,ON,2026-01-08 21:48:21.040,MomentumDiv,Hold,0.00|Indicators not ready,2026-01-08 21:48:21.390
1019382,ON,2026-01-08 21:48:21.097,EMA+RSI,Hold,0.00|No EMA crossover,2026-01-08 21:48:21.457
1019383,ON,2026-01-08 21:48:21.160,Bollinger,Sell,0.70|Bollinger mean reversion sell (RSI=68.6),2026-01-08 21:48:21.510
1019384,ON,2026-01-08 21:48:21.213,ATR,Hold,0.00|No ATR breakout,2026-01-08 21:48:21.563
1019385,ON,2026-01-08 21:48:21.270,MACD,Buy,0.65|MACD momentum building (hist=0.5565),2026-01-08 21:48:21.617
1019386,ON,2026-01-08 21:48:21.320,ADX,Buy,0.85|ADX strong trend ? (ADX=33.0),2026-01-08 21:48:21.670
1019387,ON,2026-01-08 21:48:21.373,Volume,Hold,0.00|Volume too low: 1.09x,2026-01-08 21:48:21.723
1019388,ON,2026-01-08 21:48:21.430,Donchian,Hold,"0.00|Price within channel ($60.89, U=$62.77, L=$51.49)",2026-01-08 21:48:21.777
1019389,ON,2026-01-08 21:48:21.480,Ichimoku,Buy,1.00|Bullish Ichimoku (price 6.3% above cloud),2026-01-08 21:48:21.833
1019390,ON,2026-01-08 21:48:21.537,PriceAction,Hold,0.00|No clear price action trend,2026-01-08 21:48:21.890
1019391,ONTO,2026-01-08 05:00:00.000,RealisticConservative,Buy,"? BUY: 5 votes, Composite=55%, Confirms=2 (BB conflict)",2026-01-08 21:48:21.917
1019392,ON,2026-01-08 21:48:21.593,Supertrend,Buy,0.65|Supertrend bullish continuation (7.16% above),2026-01-08 21:48:21.943
1019393,ONTO,2026-01-08 21:48:21.623,TrendMTF,Hold,0.00|No clear trend setup,2026-01-08 21:48:21.973
1019394,ON,2026-01-08 21:48:21.650,MeanRevMFI,Hold,0.00|No MFI mean reversion setup,2026-01-08 21:48:21.997
1019395,ONTO,2026-01-08 21:48:21.677,MeanRevSR,Hold,"0.00|No mean reversion setup (RSI=50.0, regime=Weak Trend)",2026-01-08 21:48:22.030
1019396,ON,2026-01-08 21:48:21.703,TripleMomentum,Hold,0.00|Insufficient momentum consensus,2026-01-08 21:48:22.053
1019397,ONTO,2026-01-08 21:48:21.733,BreakoutVol,Hold,0.00|No breakout pattern (ADX=26.1),2026-01-08 21:48:22.087
1019398,ON,2026-01-08 21:48:21.757,SRBounce,Hold,0.00|Not near key S/R levels,2026-01-08 21:48:22.103
1019399,ONTO,2026-01-08 21:48:21.790,MomentumDiv,Hold,0.00|Indicators not ready,2026-01-08 21:48:22.140
1019400,ON,2026-01-08 21:48:21.810,CMFMomentum,Buy,"0.90|CMF accumulation (CMF=0.219, RSI=69)",2026-01-08 21:48:22.157
1019401,ONTO,2026-01-08 21:48:21.847,EMA+RSI,Hold,0.00|No EMA crossover,2026-01-08 21:48:22.197
1019402,ON,2026-01-08 21:48:21.860,ForceIndex,Hold,0.00|No Force Index breakout,2026-01-08 21:48:22.213
1019403,ONTO,2026-01-08 21:48:21.903,Bollinger,Sell,0.69|Bollinger mean reversion sell (RSI=67.4),2026-01-08 21:48:22.253
1019404,ON,2026-01-08 21:48:21.917,WilliamsR,Sell,0.80|Williams %R overbought reversal (-20.3 from -9.1),2026-01-08 21:48:22.263
1019405,ONTO,2026-01-08 21:48:21.957,ATR,Hold,0.00|No ATR breakout,2026-01-08 21:48:22.317
1019406,ON,2026-01-08 21:48:21.970,PSAR,Hold,0.00|SAR no flip,2026-01-08 21:48:22.323
1019407,ONTO,2026-01-08 21:48:22.013,MACD,Hold,0.00|No MACD signal,2026-01-08 21:48:22.370
1019408,ON,2026-01-08 21:48:22.020,Keltner,Hold,0.00|No Keltner breakout,2026-01-08 21:48:22.373
1019409,ONTO,2026-01-08 21:48:22.070,ADX,Buy,0.72|ADX strong trend ? (ADX=26.1),2026-01-08 21:48:22.427
1019410,ON,2026-01-08 21:48:22.073,OBV,Hold,0.00|No OBV divergence,2026-01-08 21:48:22.430
1019411,OPCH,2026-01-08 21:48:22.100,SwingFilter,Hold,No clear weekly trend direction,2026-01-08 21:48:22.453
1019412,ON,2026-01-08 21:48:22.127,Aroon,Hold,0.00|No Aroon trend change,2026-01-08 21:48:22.483
1019413,ONTO,2026-01-08 21:48:22.127,Volume,Hold,0.00|Volume too low: 0.70x,2026-01-08 21:48:22.483
1019414,ON,2026-01-08 21:48:22.180,ROC,Hold,0.00|No ROC momentum burst,2026-01-08 21:48:22.540
1019415,ONTO,2026-01-08 21:48:22.183,Donchian,Hold,"0.00|Price within channel ($180.38, U=$188.07, L=$146.79)",2026-01-08 21:48:22.540
1019416,ONTO,2026-01-08 21:48:22.250,Ichimoku,Buy,1.00|Bullish Ichimoku (price 6.5% above cloud),2026-01-08 21:48:22.607
1019417,ON,2026-01-08 21:48:22.250,TSI,Hold,0.00|No TSI crossover,2026-01-08 21:48:22.607
1019418,ONTO,2026-01-08 21:48:22.303,PriceAction,Hold,0.00|No clear price action trend,2026-01-08 21:48:22.663
1019419,ON,2026-01-08 21:48:22.307,Vortex,Hold,0.00|No Vortex trend change,2026-01-08 21:48:22.663
1019420,ONTO,2026-01-08 21:48:22.360,Supertrend,Buy,0.65|Supertrend bullish continuation (7.97% above),2026-01-08 21:48:22.720
1019421,ON,2026-01-08 21:48:22.363,Confluence,Hold,0.00|Insufficient confluence (score=3),2026-01-08 21:48:22.720
1019422,ONTO,2026-01-08 21:48:22.417,MeanRevMFI,Sell,"0.66|MFI overbought reversal (MFI=72.7, band=90%)",2026-01-08 21:48:22.773
1019423,ON,2026-01-08 21:48:22.417,Enhanced_Consensus,Buy,"? BUY: 6 votes, Composite=68%, Confirms=3 (BB conflict) | conf=71% | quality=66%",2026-01-08 21:48:22.777
1019424,ONTO,2026-01-08 21:48:22.473,TripleMomentum,Hold,0.00|Insufficient momentum consensus,2026-01-08 21:48:22.827
1019425,ON,2026-01-08 21:48:22.473,Enhanced_Entry,Buy,"entry=$60.95, qty=18, stop=$4.87, quality=66%",2026-01-08 21:48:22.830
1019426,ONTO,2026-01-08 21:48:22.523,SRBounce,Hold,0.00|Not near key S/R levels,2026-01-08 21:48:22.880
1019427,ONTO,2026-01-08 21:48:22.577,CMFMomentum,Hold,0.00|No CMF momentum signal,2026-01-08 21:48:22.933
1019428,ONTO,2026-01-08 21:48:22.633,ForceIndex,Hold,0.00|No Force Index breakout,2026-01-08 21:48:22.990
1019429,ONTO,2026-01-08 21:48:22.690,WilliamsR,Hold,0.00|No Williams %R reversal signal,2026-01-08 21:48:23.047
1019430,ONTO,2026-01-08 21:48:22.743,PSAR,Hold,0.00|SAR no flip,2026-01-08 21:48:23.103
1019431,ONTO,2026-01-08 21:48:22.800,Keltner,Hold,0.00|No Keltner breakout,2026-01-08 21:48:23.153
1019432,ONTO,2026-01-08 21:48:22.853,OBV,Hold,0.00|No OBV divergence,2026-01-08 21:48:23.210
1019433,ONTO,2026-01-08 21:48:22.910,Aroon,Hold,0.00|No Aroon trend change,2026-01-08 21:48:23.267
1019434,ONTO,2026-01-08 21:48:22.967,ROC,Hold,0.00|No ROC momentum burst,2026-01-08 21:48:23.317
1019435,ONTO,2026-01-08 21:48:23.027,TSI,Hold,0.00|No TSI crossover,2026-01-08 21:48:23.370
1019436,ONTO,2026-01-08 21:48:23.083,Vortex,Hold,0.00|No Vortex trend change,2026-01-08 21:48:23.427
1019437,ONTO,2026-01-08 21:48:23.137,Confluence,Hold,0.00|Insufficient confluence (score=2),2026-01-08 21:48:23.483
1019438,ONTO,2026-01-08 21:48:23.193,Enhanced_Consensus,Buy,"? BUY: 5 votes, Composite=55%, Confirms=2 (BB conflict) | conf=59% | quality=64%",2026-01-08 21:48:23.540
1019439,ONTO,2026-01-08 21:48:23.250,Enhanced_Entry,Buy,"entry=$180.56, qty=6, stop=$14.43, quality=64%",2026-01-08 21:48:23.590
1019440,ORGO,2026-01-08 05:00:00.000,RealisticConservative,Sell,Sell: 6@68% Q:73%,2026-01-08 21:48:24.387
1019441,ORGO,2026-01-08 21:48:24.087,TrendMTF,Hold,0.00|No clear trend setup,2026-01-08 21:48:24.443
1019442,ORGO,2026-01-08 21:48:24.140,MeanRevSR,Hold,"0.00|No mean reversion setup (RSI=50.0, regime=High Volatility)",2026-01-08 21:48:24.500
1019443,ORGO,2026-01-08 21:48:24.197,BreakoutVol,Hold,0.00|No breakout pattern (ADX=22.1),2026-01-08 21:48:24.690
1019444,ORGO,2026-01-08 21:48:24.390,MomentumDiv,Hold,0.00|Indicators not ready,2026-01-08 21:48:24.747
1019445,ORGO,2026-01-08 21:48:24.447,EMA+RSI,Sell,"0.60|EMA(20/50) crossover ? ",2026-01-08 21:48:24.803
1019446,ORGO,2026-01-08 21:48:24.500,Bollinger,Hold,0.00|Strong downtrend - avoid catching falling knife,2026-01-08 21:48:24.860
1019447,OS,2026-01-08 05:00:00.000,RelaxedEngine,Hold,Failed validation,2026-01-08 21:48:24.880
1019448,ORGO,2026-01-08 21:48:24.557,ATR,Hold,0.00|Volatility outside swing range: 7.08%,2026-01-08 21:48:24.913
1019449,OS,2026-01-08 21:48:24.580,TrendMTF,Hold,0.00|No clear trend setup,2026-01-08 21:48:24.937
1019450,ORGO,2026-01-08 21:48:24.613,MACD,Hold,0.00|No MACD signal,2026-01-08 21:48:24.967
1019451,OS,2026-01-08 21:48:24.633,MeanRevSR,Hold,"0.00|No mean reversion setup (RSI=50.0, regime=High Volatility)",2026-01-08 21:48:24.990
1019452,ORGO,2026-01-08 21:48:24.667,ADX,Sell,0.60|ADX strong trend ? (ADX=22.1),2026-01-08 21:48:25.023
1019453,OS,2026-01-08 21:48:24.690,BreakoutVol,Hold,0.00|No breakout pattern (ADX=20.6),2026-01-08 21:48:25.047
1019454,ORGO,2026-01-08 21:48:24.720,Volume,Hold,0.00|Volume too low: 0.44x,2026-01-08 21:48:25.080
1019455,OS,2026-01-08 21:48:24.747,MomentumDiv,Hold,0.00|Indicators not ready,2026-01-08 21:48:25.103
1019456,ORGO,2026-01-08 21:48:24.777,Donchian,Hold,"0.00|Price within channel ($4.21, U=$5.91, L=$4.17)",2026-01-08 21:48:25.130
1019457,OS,2026-01-08 21:48:24.803,EMA+RSI,Buy,"0.60|EMA(20/50) crossover ? ",2026-01-08 21:48:25.160
1019458,ORGO,2026-01-08 21:48:24.830,Ichimoku,Sell,1.00|Bearish Ichimoku (price 18.4% below cloud),2026-01-08 21:48:25.187
1019459,OS,2026-01-08 21:48:24.857,Bollinger,Hold,0.00|Strong uptrend - avoid shorting momentum,2026-01-08 21:48:25.217
1019460,ORGO,2026-01-08 21:48:24.883,PriceAction,Hold,0.00|No clear price action trend,2026-01-08 21:48:25.243
1019461,OS,2026-01-08 21:48:24.913,ATR,Hold,0.00|No ATR breakout,2026-01-08 21:48:25.280
1019462,ORGO,2026-01-08 21:48:24.940,Supertrend,Sell,0.57|Supertrend bearish continuation (18.36% below),2026-01-08 21:48:25.300
1019463,OS,2026-01-08 21:48:24.983,MACD,Buy,0.65|MACD momentum building (hist=0.6562),2026-01-08 21:48:25.343
1019464,ORGO,2026-01-08 21:48:24.997,MeanRevMFI,Hold,0.00|No MFI mean reversion setup,2026-01-08 21:48:25.353
1019465,OS,2026-01-08 21:48:25.043,ADX,Hold,0.00|ADX too weak: 20.6 < 22,2026-01-08 21:48:25.383
1019466,ORGO,2026-01-08 21:48:25.053,TripleMomentum,Hold,0.00|Insufficient momentum consensus,2026-01-08 21:48:25.397
1019467,OS,2026-01-08 21:48:25.100,Volume,Buy,0.75|Volume spike 1.6x with upward momentum,2026-01-08 21:48:25.440
1019468,ORGO,2026-01-08 21:48:25.110,SRBounce,Hold,0.00|Not near key S/R levels,2026-01-08 21:48:25.450
1019469,OS,2026-01-08 21:48:25.153,Donchian,Hold,"0.00|Price within channel ($23.60, U=$23.87, L=$16.91)",2026-01-08 21:48:25.497
1019470,ORGO,2026-01-08 21:48:25.167,CMFMomentum,Hold,0.00|No CMF momentum signal,2026-01-08 21:48:25.507
1019471,OS,2026-01-08 21:48:25.213,Ichimoku,Hold,0.00|Cloud too thin: 0.58% (need >1%),2026-01-08 21:48:25.553
1019472,ORGO,2026-01-08 21:48:25.220,ForceIndex,Hold,0.00|No Force Index breakout,2026-01-08 21:48:25.600
1019473,OS,2026-01-08 21:48:25.267,PriceAction,Hold,0.00|No clear price action trend,2026-01-08 21:48:25.610
1019474,ORGO,2026-01-08 21:48:25.313,WilliamsR,Hold,0.00|No Williams %R reversal signal,2026-01-08 21:48:25.657
1019475,OS,2026-01-08 21:48:25.323,Supertrend,Buy,0.63|Supertrend bullish continuation (10.19% above),2026-01-08 21:48:25.663
1019476,ORGO,2026-01-08 21:48:25.367,PSAR,Hold,0.00|SAR no flip,2026-01-08 21:48:25.707
1019477,OS,2026-01-08 21:48:25.380,MeanRevMFI,Hold,0.00|No MFI mean reversion setup,2026-01-08 21:48:25.720
1019478,ORGO,2026-01-08 21:48:25.420,Keltner,Hold,0.00|No Keltner breakout,2026-01-08 21:48:25.763
1019479,OS,2026-01-08 21:48:25.433,TripleMomentum,Hold,0.00|Insufficient momentum consensus,2026-01-08 21:48:25.777
1019480,ORGO,2026-01-08 21:48:25.477,OBV,Hold,0.00|No OBV divergence,2026-01-08 21:48:25.820
1019481,OS,2026-01-08 21:48:25.490,SRBounce,Hold,0.00|Not near key S/R levels,2026-01-08 21:48:25.833
1019482,ORGO,2026-01-08 21:48:25.533,Aroon,Hold,0.00|No Aroon trend change,2026-01-08 21:48:25.870
1019483,OS,2026-01-08 21:48:25.547,CMFMomentum,Hold,0.00|No CMF momentum signal,2026-01-08 21:48:25.890
1019484,ORGO,2026-01-08 21:48:25.587,ROC,Hold,0.00|No ROC momentum burst,2026-01-08 21:48:25.927
1019485,OS,2026-01-08 21:48:25.603,ForceIndex,Hold,0.00|No Force Index breakout,2026-01-08 21:48:25.943
1019486,ORGO,2026-01-08 21:48:25.640,TSI,Hold,0.00|No TSI crossover,2026-01-08 21:48:25.983
1019487,OS,2026-01-08 21:48:25.657,WilliamsR,Hold,0.00|No Williams %R reversal signal,2026-01-08 21:48:26.000
1019488,ORGO,2026-01-08 21:48:25.697,Vortex,Hold,0.00|No Vortex trend change,2026-01-08 21:48:26.040
1019489,OS,2026-01-08 21:48:25.717,PSAR,Hold,0.00|SAR no flip,2026-01-08 21:48:26.057
1019490,ORGO,2026-01-08 21:48:25.753,Confluence,Hold,0.00|Insufficient confluence (score=-1),2026-01-08 21:48:26.090
1019491,OS,2026-01-08 21:48:25.770,Keltner,Hold,0.00|No Keltner breakout,2026-01-08 21:48:26.113
1019492,ORGO,2026-01-08 21:48:25.807,Enhanced_Consensus,Sell,Sell: 6@68% Q:73% | conf=68% | quality=73%,2026-01-08 21:48:26.147
1019493,OS,2026-01-08 21:48:25.827,OBV,Hold,0.00|No OBV divergence,2026-01-08 21:48:26.170
1019494,ORGO,2026-01-08 21:48:25.863,Enhanced_Entry,Sell,"entry=$4.21, qty=810, stop=$0.13, quality=73%",2026-01-08 21:48:26.203
1019495,OS,2026-01-08 21:48:25.887,Aroon,Hold,0.00|No Aroon trend change,2026-01-08 21:48:26.230
1019496,OS,2026-01-08 21:48:25.943,ROC,Hold,0.00|No ROC momentum burst,2026-01-08 21:48:26.283
1019497,OS,2026-01-08 21:48:25.997,TSI,Hold,0.00|No TSI crossover,2026-01-08 21:48:26.340
1019498,OS,2026-01-08 21:48:26.053,Vortex,Hold,0.00|No Vortex trend change,2026-01-08 21:48:26.400
1019499,OS,2026-01-08 21:48:26.110,Confluence,Hold,0.00|Insufficient confluence (score=3),2026-01-08 21:48:26.457
1019500,OS,2026-01-08 21:48:26.167,Enhanced_Consensus,Hold,Failed validation | conf=0% | quality=77%,2026-01-08 21:48:26.513
1019501,OVV,2026-01-08 21:48:26.410,SwingFilter,Hold,Weekly trend too weak (0.9%),2026-01-08 21:48:26.757
1019502,PANW,2026-01-08 21:48:28.540,SwingFilter,Hold,Weekly trend too weak (0.6%),2026-01-08 21:48:28.893
1019503,OWL,2026-01-08 21:48:28.840,SwingFilter,Hold,Weekly trend too weak (1.2%),2026-01-08 21:48:29.200
1019504,PACS,2026-01-08 05:00:00.000,RelaxedEngine,Hold,Insufficient votes,2026-01-08 21:48:30.063
1019505,PAYX,2026-01-08 21:48:29.750,SwingFilter,Hold,Weekly trend too weak (0.1%),2026-01-08 21:48:30.100
1019506,PACS,2026-01-08 21:48:29.770,TrendMTF,Hold,0.00|No clear trend setup,2026-01-08 21:48:30.120
1019507,PACS,2026-01-08 21:48:29.827,MeanRevSR,Hold,0.00|Strong trend - avoid mean reversion,2026-01-08 21:48:30.177
1019508,PACS,2026-01-08 21:48:29.883,BreakoutVol,Hold,0.00|No breakout pattern (ADX=55.3),2026-01-08 21:48:30.233
1019509,PACS,2026-01-08 21:48:29.937,MomentumDiv,Hold,0.00|Indicators not ready,2026-01-08 21:48:30.317
1019510,PACS,2026-01-08 21:48:30.023,EMA+RSI,Hold,0.00|No EMA crossover,2026-01-08 21:48:30.460
1019511,PACS,2026-01-08 21:48:30.167,Bollinger,Sell,0.68|Bollinger mean reversion sell (RSI=83.9),2026-01-08 21:48:30.517
1019512,PACS,2026-01-08 21:48:30.223,ATR,Hold,0.00|No ATR breakout,2026-01-08 21:48:30.570
1019513,PACS,2026-01-08 21:48:30.277,MACD,Hold,0.00|No MACD signal,2026-01-08 21:48:30.627
1019514,PACS,2026-01-08 21:48:30.333,ADX,Buy,0.85|ADX strong trend ? (ADX=55.3),2026-01-08 21:48:30.680
1019515,PACS,2026-01-08 21:48:30.393,Volume,Hold,0.00|Volume too low: 0.60x,2026-01-08 21:48:30.737
1019516,PACS,2026-01-08 21:48:30.447,Donchian,Hold,"0.00|Price within channel ($41.36, U=$42.62, L=$29.26)",2026-01-08 21:48:30.793
1019517,PACS,2026-01-08 21:48:30.503,Ichimoku,Buy,1.00|Bullish Ichimoku (price 8.4% above cloud),2026-01-08 21:48:30.850
1019518,PACS,2026-01-08 21:48:30.560,PriceAction,Hold,0.00|No clear price action trend,2026-01-08 21:48:30.907
1019519,PACS,2026-01-08 21:48:30.613,Supertrend,Buy,0.64|Supertrend bullish continuation (9.35% above),2026-01-08 21:48:30.960
1019520,PACS,2026-01-08 21:48:30.670,MeanRevMFI,Sell,"0.65|MFI overbought reversal (MFI=86.2, band=88%)",2026-01-08 21:48:31.017
1019521,PACS,2026-01-08 21:48:30.727,TripleMomentum,Hold,0.00|Insufficient momentum consensus,2026-01-08 21:48:31.073
1019522,PARR,2026-01-08 21:48:30.760,SwingFilter,Hold,No clear weekly trend direction,2026-01-08 21:48:31.110
1019523,PACS,2026-01-08 21:48:30.783,SRBounce,Hold,0.00|Not near key S/R levels,2026-01-08 21:48:31.130
1019524,PACS,2026-01-08 21:48:30.837,CMFMomentum,Hold,0.00|No CMF momentum signal,2026-01-08 21:48:31.187
1019525,PACS,2026-01-08 21:48:30.893,ForceIndex,Hold,0.00|No Force Index breakout,2026-01-08 21:48:31.240
1019526,PACS,2026-01-08 21:48:30.950,WilliamsR,Hold,0.00|No Williams %R reversal signal,2026-01-08 21:48:31.297
1019527,PACS,2026-01-08 21:48:31.007,PSAR,Hold,0.00|SAR no flip,2026-01-08 21:48:31.353
1019528,PACS,2026-01-08 21:48:31.063,Keltner,Hold,0.00|No Keltner breakout,2026-01-08 21:48:31.410
1019529,PACS,2026-01-08 21:48:31.120,OBV,Hold,0.00|No OBV divergence,2026-01-08 21:48:31.467
1019530,PACS,2026-01-08 21:48:31.173,Aroon,Hold,0.00|No Aroon trend change,2026-01-08 21:48:31.520
1019531,PACS,2026-01-08 21:48:31.230,ROC,Hold,0.00|No ROC momentum burst,2026-01-08 21:48:31.587
1019532,PACS,2026-01-08 21:48:31.287,TSI,Hold,0.00|No TSI crossover,2026-01-08 21:48:31.643
1019533,PACS,2026-01-08 21:48:31.343,Vortex,Hold,0.00|No Vortex trend change,2026-01-08 21:48:31.700
1019534,PACS,2026-01-08 21:48:31.397,Confluence,Hold,0.00|Insufficient confluence (score=1),2026-01-08 21:48:31.757
1019535,PACS,2026-01-08 21:48:31.453,Enhanced_Consensus,Hold,Insufficient votes | conf=0% | quality=0%,2026-01-08 21:48:31.810
1019536,PCG,2026-01-08 21:48:31.610,SwingFilter,Hold,Weekly trend too weak (0.4%),2026-01-08 21:48:31.967
1019537,PCOR,2026-01-08 21:48:32.750,SwingFilter,Hold,Weekly trend too weak (0.3%),2026-01-08 21:48:33.100
1019538,PDI,2026-01-08 21:48:33.230,SwingFilter,Hold,Weekly trend too weak (0.9%),2026-01-08 21:48:33.577
1019539,PEP,2026-01-08 05:00:00.000,RealisticConservative,Sell,Sell: 5@63% Q:54% (BB conflict),2026-01-08 21:48:35.227
1019540,PEP,2026-01-08 21:48:34.930,TrendMTF,Hold,0.00|No clear trend setup,2026-01-08 21:48:35.283
1019541,PEP,2026-01-08 21:48:34.983,MeanRevSR,Hold,"0.00|No mean reversion setup (RSI=50.0, regime=Quiet Market)",2026-01-08 21:48:35.340
1019542,PEP,2026-01-08 21:48:35.037,BreakoutVol,Hold,0.00|No breakout pattern (ADX=22.1),2026-01-08 21:48:35.393
1019543,PEP,2026-01-08 21:48:35.093,MomentumDiv,Hold,0.00|Indicators not ready,2026-01-08 21:48:35.450
1019544,PEP,2026-01-08 21:48:35.150,EMA+RSI,Hold,0.00|No EMA crossover,2026-01-08 21:48:35.507
1019545,PFE,2026-01-08 21:48:35.163,SwingFilter,Hold,Weekly trend too weak (0.3%),2026-01-08 21:48:35.517
1019546,PEP,2026-01-08 21:48:35.207,Bollinger,Buy,0.68|Bollinger mean reversion buy (RSI=34.9),2026-01-08 21:48:35.563
1019547,PEP,2026-01-08 21:48:35.263,ATR,Hold,0.00|No ATR breakout,2026-01-08 21:48:35.620
1019548,PEP,2026-01-08 21:48:35.317,MACD,Hold,0.00|No MACD signal,2026-01-08 21:48:35.673
1019549,PEP,2026-01-08 21:48:35.373,ADX,Sell,0.60|ADX strong trend ? (ADX=22.1),2026-01-08 21:48:35.730
1019550,PEP,2026-01-08 21:48:35.430,Volume,Hold,0.00|Volume too low: 1.13x,2026-01-08 21:48:35.787
1019551,PEP,2026-01-08 21:48:35.487,Donchian,Hold,"0.00|Price within channel ($139.37, U=$152.35, L=$136.01)",2026-01-08 21:48:35.843
1019552,PEGA,2026-01-08 21:48:35.497,SwingFilter,Hold,Weekly trend too weak (0.4%),2026-01-08 21:48:35.853
1019553,PEP,2026-01-08 21:48:35.543,Ichimoku,Sell,0.73|Bearish Ichimoku (price 2.2% below cloud),2026-01-08 21:48:35.900
1019554,PEP,2026-01-08 21:48:35.597,PriceAction,Hold,0.00|No clear price action trend,2026-01-08 21:48:35.953
1019555,PEP,2026-01-08 21:48:35.653,Supertrend,Sell,0.65|Supertrend bearish continuation (2.73% below),2026-01-08 21:48:36.010
1019556,PEP,2026-01-08 21:48:35.710,MeanRevMFI,Buy,"0.68|MFI oversold reversal (MFI=23.7, band=15%)",2026-01-08 21:48:36.067
1019557,PEP,2026-01-08 21:48:35.767,TripleMomentum,Hold,0.00|Insufficient momentum consensus,2026-01-08 21:48:36.127
1019558,PEP,2026-01-08 21:48:35.827,SRBounce,Hold,0.00|Not near key S/R levels,2026-01-08 21:48:36.183
1019559,PEP,2026-01-08 21:48:35.883,CMFMomentum,Hold,0.00|No CMF momentum signal,2026-01-08 21:48:36.240
1019560,PEP,2026-01-08 21:48:35.937,ForceIndex,Hold,0.00|No Force Index breakout,2026-01-08 21:48:36.293
1019561,PEP,2026-01-08 21:48:35.993,WilliamsR,Buy,0.80|Williams %R oversold recovery (-76.6 from -99.6),2026-01-08 21:48:36.340
1019562,PFGC,2026-01-08 05:00:00.000,RealisticConservative,Sell,Sell: 5@75% Q:58% (BB conflict),2026-01-08 21:48:36.387
1019563,PEP,2026-01-08 21:48:36.050,PSAR,Hold,0.00|SAR no flip,2026-01-08 21:48:36.397
1019564,PFGC,2026-01-08 21:48:36.097,TrendMTF,Hold,0.00|No clear trend setup,2026-01-08 21:48:36.443
1019565,PEP,2026-01-08 21:48:36.107,Keltner,Hold,0.00|No Keltner breakout,2026-01-08 21:48:36.450
1019566,PFGC,2026-01-08 21:48:36.153,MeanRevSR,Hold,"0.00|No mean reversion setup (RSI=50.0, regime=Weak Trend)",2026-01-08 21:48:36.500
1019567,PEP,2026-01-08 21:48:36.163,OBV,Hold,0.00|No OBV divergence,2026-01-08 21:48:36.507
1019568,PFGC,2026-01-08 21:48:36.207,BreakoutVol,Hold,0.00|No breakout pattern (ADX=35.7),2026-01-08 21:48:36.553
1019569,PFGC,2026-01-08 21:48:36.267,MomentumDiv,Hold,0.00|Indicators not ready,2026-01-08 21:48:36.610
1019570,PEP,2026-01-08 21:48:36.217,Aroon,Hold,0.00|No Aroon trend change,2026-01-08 21:48:36.610
1019571,PFGC,2026-01-08 21:48:36.320,EMA+RSI,Hold,0.00|No EMA crossover,2026-01-08 21:48:36.667
1019572,PEP,2026-01-08 21:48:36.320,ROC,Hold,0.00|No ROC momentum burst,2026-01-08 21:48:36.680
1019573,PFGC,2026-01-08 21:48:36.377,Bollinger,Buy,0.67|Bollinger mean reversion buy (RSI=39.3),2026-01-08 21:48:36.723
1019574,PEP,2026-01-08 21:48:36.390,TSI,Hold,0.00|No TSI crossover,2026-01-08 21:48:36.737
1019575,PFGC,2026-01-08 21:48:36.433,ATR,Hold,0.00|No ATR breakout,2026-01-08 21:48:36.780
1019576,PEP,2026-01-08 21:48:36.447,Vortex,Hold,0.00|No Vortex trend change,2026-01-08 21:48:36.790
1019577,PFGC,2026-01-08 21:48:36.487,MACD,Hold,0.00|No MACD signal,2026-01-08 21:48:36.830
1019578,PEP,2026-01-08 21:48:36.503,Confluence,Hold,0.00|Insufficient confluence (score=0),2026-01-08 21:48:36.847
1019579,PFGC,2026-01-08 21:48:36.540,ADX,Sell,0.85|ADX strong trend ? (ADX=35.7),2026-01-08 21:48:36.887
1019580,PEP,2026-01-08 21:48:36.560,Enhanced_Consensus,Sell,Sell: 5@63% Q:54% (BB conflict) | conf=58% | quality=54%,2026-01-08 21:48:36.903
1019581,PFGC,2026-01-08 21:48:36.597,Volume,Hold,0.00|Inconsistent price action,2026-01-08 21:48:36.943
1019582,PEP,2026-01-08 21:48:36.613,Enhanced_Entry,Sell,"entry=$139.23, qty=7, stop=$10.45, quality=54%",2026-01-08 21:48:36.960
1019583,PFGC,2026-01-08 21:48:36.653,Donchian,Hold,"0.00|Price within channel ($88.42, U=$95.30, L=$85.02)",2026-01-08 21:48:37.000
1019584,PFGC,2026-01-08 21:48:36.707,Ichimoku,Sell,0.48|Bearish Ichimoku (price 1.2% below cloud),2026-01-08 21:48:37.053
1019585,PFGC,2026-01-08 21:48:36.767,PriceAction,Hold,0.00|No clear price action trend,2026-01-08 21:48:37.113
1019586,PFGC,2026-01-08 21:48:36.827,Supertrend,Sell,0.65|Supertrend bearish continuation (3.54% below),2026-01-08 21:48:37.170
1019587,PFGC,2026-01-08 21:48:36.883,MeanRevMFI,Hold,0.00|No MFI mean reversion setup,2026-01-08 21:48:37.227
1019588,PFGC,2026-01-08 21:48:36.937,TripleMomentum,Hold,0.00|Insufficient momentum consensus,2026-01-08 21:48:37.283
1019589,PFGC,2026-01-08 21:48:36.993,SRBounce,Hold,0.00|Not near key S/R levels,2026-01-08 21:48:37.340
1019590,PFGC,2026-01-08 21:48:37.050,CMFMomentum,Sell,"0.90|CMF distribution (CMF=-0.131, RSI=39)",2026-01-08 21:48:37.407
1019591,PGNY,2026-01-08 05:00:00.000,RelaxedEngine,Hold,REJECT - Insufficient confirmations,2026-01-08 21:48:37.460
1019592,PFGC,2026-01-08 21:48:37.117,ForceIndex,Hold,0.00|No Force Index breakout,2026-01-08 21:48:37.473
1019593,PGNY,2026-01-08 21:48:37.163,TrendMTF,Hold,0.00|No clear trend setup,2026-01-08 21:48:37.520
1019594,PFGC,2026-01-08 21:48:37.173,WilliamsR,Hold,0.00|No Williams %R reversal signal,2026-01-08 21:48:37.527
1019595,PGNY,2026-01-08 21:48:37.217,MeanRevSR,Hold,"0.00|No mean reversion setup (RSI=50.0, regime=Weak Trend)",2026-01-08 21:48:37.573
1019596,PFGC,2026-01-08 21:48:37.223,PSAR,Buy,"0.90|PSAR flip up (gap=3.85%, prev=5 bars)",2026-01-08 21:48:37.577
1019597,PGNY,2026-01-08 21:48:37.273,BreakoutVol,Hold,0.00|No breakout pattern (ADX=25.6),2026-01-08 21:48:37.630
1019598,PFGC,2026-01-08 21:48:37.277,Keltner,Hold,0.00|No Keltner breakout,2026-01-08 21:48:37.633
1019599,PGNY,2026-01-08 21:48:37.330,MomentumDiv,Hold,0.00|Indicators not ready,2026-01-08 21:48:37.687
1019600,PFGC,2026-01-08 21:48:37.333,OBV,Hold,0.00|No OBV divergence,2026-01-08 21:48:37.697
1019601,PGNY,2026-01-08 21:48:37.387,EMA+RSI,Hold,0.00|No EMA crossover,2026-01-08 21:48:37.743
1019602,PFGC,2026-01-08 21:48:37.397,Aroon,Hold,0.00|No Aroon trend change,2026-01-08 21:48:37.753
1019603,PGNY,2026-01-08 21:48:37.443,Bollinger,Sell,0.69|Bollinger mean reversion sell (RSI=66.2),2026-01-08 21:48:37.800
1019604,PFGC,2026-01-08 21:48:37.453,ROC,Hold,0.00|No ROC momentum burst,2026-01-08 21:48:37.807
1019605,PGR,2026-01-08 05:00:00.000,RelaxedEngine,Hold,Insufficient votes,2026-01-08 21:48:37.853
1019606,PGNY,2026-01-08 21:48:37.500,ATR,Hold,0.00|No ATR breakout,2026-01-08 21:48:37.860
1019607,PFGC,2026-01-08 21:48:37.503,TSI,Hold,0.00|No TSI crossover,2026-01-08 21:48:37.860
1019608,PGR,2026-01-08 21:48:37.553,TrendMTF,Hold,0.00|No clear trend setup,2026-01-08 21:48:37.910
1019609,PFGC,2026-01-08 21:48:37.560,Vortex,Hold,0.00|No Vortex trend change,2026-01-08 21:48:37.913
1019610,PGNY,2026-01-08 21:48:37.557,MACD,Hold,0.00|No MACD signal,2026-01-08 21:48:37.913
1019611,PGR,2026-01-08 21:48:37.610,MeanRevSR,Hold,"0.00|No mean reversion setup (RSI=50.0, regime=Quiet Market)",2026-01-08 21:48:37.967
1019612,PFGC,2026-01-08 21:48:37.613,Confluence,Hold,0.00|Insufficient confluence (score=2),2026-01-08 21:48:37.967
1019613,PGNY,2026-01-08 21:48:37.613,ADX,Buy,0.70|ADX strong trend ? (ADX=25.6),2026-01-08 21:48:37.970
1019614,PFGC,2026-01-08 21:48:37.667,Enhanced_Consensus,Sell,Sell: 5@75% Q:58% (BB conflict) | conf=70% | quality=58%,2026-01-08 21:48:38.020
1019615,PGR,2026-01-08 21:48:37.667,BreakoutVol,Hold,0.00|No breakout pattern (ADX=29.4),2026-01-08 21:48:38.020
1019616,PGNY,2026-01-08 21:48:37.670,Volume,Hold,0.00|Volume too low: 1.13x,2026-01-08 21:48:38.030
1019617,PGR,2026-01-08 21:48:37.720,MomentumDiv,Hold,0.00|Indicators not ready,2026-01-08 21:48:38.073
1019618,PFGC,2026-01-08 21:48:37.720,Enhanced_Entry,Sell,"entry=$88.33, qty=11, stop=$6.83, quality=58%",2026-01-08 21:48:38.077
1019619,PGNY,2026-01-08 21:48:37.730,Donchian,Hold,"0.00|Price within channel ($27.43, U=$28.49, L=$23.75)",2026-01-08 21:48:38.087
1019620,PGR,2026-01-08 21:48:37.773,EMA+RSI,Hold,0.00|No EMA crossover,2026-01-08 21:48:38.130
1019621,PGNY,2026-01-08 21:48:37.787,Ichimoku,Buy,0.93|Bullish Ichimoku (price 3.5% above cloud),2026-01-08 21:48:38.143
1019622,PGR,2026-01-08 21:48:37.830,Bollinger,Buy,0.69|Bollinger mean reversion buy (RSI=37.5),2026-01-08 21:48:38.187
1019623,PGNY,2026-01-08 21:48:37.843,PriceAction,Hold,0.00|No clear price action trend,2026-01-08 21:48:38.200
1019624,PGR,2026-01-08 21:48:37.883,ATR,Hold,0.00|No ATR breakout,2026-01-08 21:48:38.240
1019625,PGNY,2026-01-08 21:48:37.897,Supertrend,Buy,0.65|Supertrend bullish continuation (6.86% above),2026-01-08 21:48:38.253
1019626,PGR,2026-01-08 21:48:37.940,MACD,Hold,0.00|No MACD signal,2026-01-08 21:48:38.297
1019627,PGNY,2026-01-08 21:48:37.953,MeanRevMFI,Hold,0.00|No MFI mean reversion setup,2026-01-08 21:48:38.310
1019628,PGR,2026-01-08 21:48:37.997,ADX,Sell,0.81|ADX strong trend ? (ADX=29.4),2026-01-08 21:48:38.353
1019629,PGNY,2026-01-08 21:48:38.010,TripleMomentum,Buy,1.00|Triple momentum bullish (3/3 indicators),2026-01-08 21:48:38.367
1019630,PGEN,2026-01-08 05:00:00.000,RelaxedEngine,Hold,Insufficient votes,2026-01-08 21:48:38.380
1019631,PGR,2026-01-08 21:48:38.053,Volume,Hold,0.00|Inconsistent price action,2026-01-08 21:48:38.410
1019632,PGNY,2026-01-08 21:48:38.067,SRBounce,Hold,0.00|Not near key S/R levels,2026-01-08 21:48:38.423
1019633,PGEN,2026-01-08 21:48:38.083,TrendMTF,Hold,0.00|No clear trend setup,2026-01-08 21:48:38.437
1019634,PGR,2026-01-08 21:48:38.110,Donchian,Hold,"0.00|Price within channel ($213.15, U=$237.44, L=$209.08)",2026-01-08 21:48:38.467
1019635,PGEN,2026-01-08 21:48:38.137,MeanRevSR,Hold,"0.00|No mean reversion setup (RSI=50.0, regime=High Volatility)",2026-01-08 21:48:38.497
1019636,PGNY,2026-01-08 21:48:38.123,CMFMomentum,Hold,0.00|No CMF momentum signal,2026-01-08 21:48:38.500
1019637,PGR,2026-01-08 21:48:38.163,Ichimoku,Hold,0.00|Ichimoku not in strong setup,2026-01-08 21:48:38.520
1019638,PGRE,2026-01-08 21:48:38.190,SwingFilter,Hold,Volatility too low (0.33%) - no swing opportunity,2026-01-08 21:48:38.547
1019639,PGEN,2026-01-08 21:48:38.197,BreakoutVol,Hold,0.00|No breakout pattern (ADX=21.5),2026-01-08 21:48:38.553
1019640,PGNY,2026-01-08 21:48:38.197,ForceIndex,Buy,0.65|Force Index bullish momentum (FI=257805),2026-01-08 21:48:38.553
1019641,PGR,2026-01-08 21:48:38.220,PriceAction,Sell,0.80|Strong downtrend: Lower highs & lower lows confirmed,2026-01-08 21:48:38.577
1019642,PGEN,2026-01-08 21:48:38.253,MomentumDiv,Hold,0.00|Indicators not ready,2026-01-08 21:48:38.610
1019643,PGNY,2026-01-08 21:48:38.253,WilliamsR,Hold,0.00|No Williams %R reversal signal,2026-01-08 21:48:38.610
1019644,PGR,2026-01-08 21:48:38.277,Supertrend,Sell,0.65|Supertrend bearish continuation (5.24% below),2026-01-08 21:48:38.633
1019645,PGEN,2026-01-08 21:48:38.310,EMA+RSI,Hold,0.00|No EMA crossover,2026-01-08 21:48:38.667
1019646,PGNY,2026-01-08 21:48:38.310,PSAR,Hold,0.00|SAR no flip,2026-01-08 21:48:38.667
1019647,PGR,2026-01-08 21:48:38.333,MeanRevMFI,Hold,0.00|No MFI mean reversion setup,2026-01-08 21:48:38.690
1019648,PGEN,2026-01-08 21:48:38.363,Bollinger,Sell,0.68|Bollinger mean reversion sell (RSI=59.9),2026-01-08 21:48:38.720
1019649,PGNY,2026-01-08 21:48:38.367,Keltner,Hold,0.00|No Keltner breakout,2026-01-08 21:48:38.723
1019650,PGR,2026-01-08 21:48:38.390,TripleMomentum,Hold,0.00|Insufficient momentum consensus,2026-01-08 21:48:38.747
1019651,PGEN,2026-01-08 21:48:38.420,ATR,Hold,0.00|Volatility outside swing range: 6.83%,2026-01-08 21:48:38.773
1019652,PGNY,2026-01-08 21:48:38.423,OBV,Hold,0.00|No OBV divergence,2026-01-08 21:48:38.780
1019653,PGR,2026-01-08 21:48:38.443,SRBounce,Hold,0.00|Not near key S/R levels,2026-01-08 21:48:38.800
1019654,PGEN,2026-01-08 21:48:38.473,MACD,Hold,0.00|No MACD signal,2026-01-08 21:48:38.830
1019655,PGNY,2026-01-08 21:48:38.480,Aroon,Hold,0.00|No Aroon trend change,2026-01-08 21:48:38.833
1019656,PGR,2026-01-08 21:48:38.500,CMFMomentum,Hold,0.00|No CMF momentum signal,2026-01-08 21:48:38.857
1019657,PGEN,2026-01-08 21:48:38.530,ADX,Hold,0.00|ADX too weak: 21.5 < 22,2026-01-08 21:48:38.887
1019658,PGNY,2026-01-08 21:48:38.533,ROC,Hold,0.00|No ROC momentum burst,2026-01-08 21:48:38.890
1019659,PGR,2026-01-08 21:48:38.557,ForceIndex,Hold,0.00|No Force Index breakout,2026-01-08 21:48:38.910
1019660,PGEN,2026-01-08 21:48:38.583,Volume,Hold,0.00|Volume too low: 0.84x,2026-01-08 21:48:38.940
1019661,PGNY,2026-01-08 21:48:38.590,TSI,Hold,0.00|No TSI crossover,2026-01-08 21:48:38.947
1019662,PGR,2026-01-08 21:48:38.607,WilliamsR,Hold,0.00|No Williams %R reversal signal,2026-01-08 21:48:38.960
1019663,PGEN,2026-01-08 21:48:38.640,Donchian,Hold,"0.00|Price within channel ($4.61, U=$4.95, L=$3.42)",2026-01-08 21:48:38.997
1019664,PGNY,2026-01-08 21:48:38.647,Vortex,Hold,0.00|No Vortex trend change,2026-01-08 21:48:39.003
1019665,PHAT,2026-01-08 21:48:38.657,SwingFilter,Hold,No clear weekly trend direction,2026-01-08 21:48:39.013
1019666,PGR,2026-01-08 21:48:38.660,PSAR,Hold,0.00|SAR no flip,2026-01-08 21:48:39.017
1019667,PGEN,2026-01-08 21:48:38.697,Ichimoku,Hold,0.00|Cloud too thin: 0.60% (need >1%),2026-01-08 21:48:39.053
1019668,PGNY,2026-01-08 21:48:38.700,Confluence,Hold,0.00|Insufficient confluence (score=3),2026-01-08 21:48:39.060
1019669,PGR,2026-01-08 21:48:38.717,Keltner,Hold,0.00|No Keltner breakout,2026-01-08 21:48:39.073
1019670,PGEN,2026-01-08 21:48:38.753,PriceAction,Hold,0.00|No clear price action trend,2026-01-08 21:48:39.110
1019671,PGNY,2026-01-08 21:48:38.760,Enhanced_Consensus,Hold,REJECT - Insufficient confirmations | conf=0% | quality=62%,2026-01-08 21:48:39.113
1019672,PGR,2026-01-08 21:48:38.773,OBV,Hold,0.00|No OBV divergence,2026-01-08 21:48:39.130
1019673,PGEN,2026-01-08 21:48:38.810,Supertrend,Buy,0.61|Supertrend bullish continuation (13.54% above),2026-01-08 21:48:39.167
1019674,PGR,2026-01-08 21:48:38.830,Aroon,Hold,0.00|No Aroon trend change,2026-01-08 21:48:39.187
1019675,PGEN,2026-01-08 21:48:38.867,MeanRevMFI,Sell,"0.66|MFI overbought reversal (MFI=72.8, band=84%)",2026-01-08 21:48:39.220
1019676,PGR,2026-01-08 21:48:38.887,ROC,Hold,0.00|No ROC momentum burst,2026-01-08 21:48:39.240
1019677,PGEN,2026-01-08 21:48:38.923,TripleMomentum,Hold,0.00|Insufficient momentum consensus,2026-01-08 21:48:39.277
1019678,PGR,2026-01-08 21:48:38.940,TSI,Hold,0.00|No TSI crossover,2026-01-08 21:48:39.297
1019679,PHM,2026-01-08 21:48:38.957,SwingFilter,Hold,Weekly trend too weak (1.2%),2026-01-08 21:48:39.313
1019680,PGEN,2026-01-08 21:48:38.977,SRBounce,Hold,0.00|Not near key S/R levels,2026-01-08 21:48:39.333
1019681,PGR,2026-01-08 21:48:38.997,Vortex,Buy,"0.72|Vortex uptrend (VI+=1.05, VI-=0.97)",2026-01-08 21:48:39.350
1019682,PGEN,2026-01-08 21:48:39.033,CMFMomentum,Buy,"0.90|CMF accumulation (CMF=0.169, RSI=60)",2026-01-08 21:48:39.390
1019683,PGEN,2026-01-08 21:48:39.090,ForceIndex,Hold,0.00|No Force Index breakout,2026-01-08 21:48:39.450
1019684,PGR,2026-01-08 21:48:39.050,Confluence,Hold,0.00|Insufficient confluence (score=2),2026-01-08 21:48:39.450
1019685,PGR,2026-01-08 21:48:39.160,Enhanced_Consensus,Hold,Insufficient votes | conf=0% | quality=0%,2026-01-08 21:48:39.507
1019686,PGEN,2026-01-08 21:48:39.163,WilliamsR,Sell,0.80|Williams %R overbought reversal (-32.4 from -8.6),2026-01-08 21:48:39.507
1019687,PGEN,2026-01-08 21:48:39.217,PSAR,Hold,0.00|SAR no flip,2026-01-08 21:48:39.560
1019688,PGEN,2026-01-08 21:48:39.270,Keltner,Hold,0.00|No Keltner breakout,2026-01-08 21:48:39.613
1019689,PGEN,2026-01-08 21:48:39.323,OBV,Hold,0.00|No OBV divergence,2026-01-08 21:48:39.667
1019690,PGEN,2026-01-08 21:48:39.377,Aroon,Hold,0.00|No Aroon trend change,2026-01-08 21:48:39.720
1019691,PGEN,2026-01-08 21:48:39.430,ROC,Hold,0.00|No ROC momentum burst,2026-01-08 21:48:39.773
1019692,PINS,2026-01-08 21:48:39.463,SwingFilter,Hold,No clear weekly trend direction,2026-01-08 21:48:39.807
1019693,PGEN,2026-01-08 21:48:39.490,TSI,Hold,0.00|No TSI crossover,2026-01-08 21:48:39.833
1019694,PGEN,2026-01-08 21:48:39.547,Vortex,Hold,0.00|No Vortex trend change,2026-01-08 21:48:39.890
1019695,PGEN,2026-01-08 21:48:39.603,Confluence,Hold,0.00|Insufficient confluence (score=2),2026-01-08 21:48:39.947
1019696,PGEN,2026-01-08 21:48:39.657,Enhanced_Consensus,Hold,Insufficient votes | conf=0% | quality=0%,2026-01-08 21:48:40.003
1019697,PL,2026-01-08 05:00:00.000,RelaxedEngine,Hold,REJECT - Insufficient confirmations,2026-01-08 21:48:40.320
1019698,PLAY,2026-01-08 21:48:39.997,SwingFilter,Hold,Weekly trend too weak (0.9%),2026-01-08 21:48:40.343
1019699,PL,2026-01-08 21:48:40.030,TrendMTF,Hold,0.00|No clear trend setup,2026-01-08 21:48:40.373
1019700,PL,2026-01-08 21:48:40.087,MeanRevSR,Hold,0.00|Strong trend - avoid mean reversion,2026-01-08 21:48:40.430
1019701,PL,2026-01-08 21:48:40.140,BreakoutVol,Hold,0.00|No breakout pattern (ADX=40.1),2026-01-08 21:48:40.487
1019702,PL,2026-01-08 21:48:40.197,MomentumDiv,Hold,0.00|Indicators not ready,2026-01-08 21:48:40.543
1019703,PL,2026-01-08 21:48:40.253,EMA+RSI,Hold,0.00|No EMA crossover,2026-01-08 21:48:40.603
1019704,PL,2026-01-08 21:48:40.313,Bollinger,Sell,0.68|Bollinger mean reversion sell (RSI=75.9),2026-01-08 21:48:40.660
1019705,PL,2026-01-08 21:48:40.370,ATR,Hold,0.00|Volatility outside swing range: 5.65%,2026-01-08 21:48:40.713
1019706,PLNT,2026-01-08 21:48:40.403,SwingFilter,Hold,Weekly trend too weak (1.1%),2026-01-08 21:48:40.747
1019707,PL,2026-01-08 21:48:40.423,MACD,Hold,0.00|No MACD signal,2026-01-08 21:48:40.770
1019708,PL,2026-01-08 21:48:40.480,ADX,Buy,0.85|ADX strong trend ? (ADX=40.1),2026-01-08 21:48:40.827
1019709,PL,2026-01-08 21:48:40.537,Volume,Hold,0.00|Volume too low: 1.04x,2026-01-08 21:48:40.883
1019710,PL,2026-01-08 21:48:40.593,Donchian,Hold,"0.00|Price within channel ($22.44, U=$23.60, L=$11.74)",2026-01-08 21:48:40.940
1019711,PL,2026-01-08 21:48:40.650,Ichimoku,Buy,1.00|Bullish Ichimoku (price 13.5% above cloud),2026-01-08 21:48:40.993
1019712,PL,2026-01-08 21:48:40.707,PriceAction,Buy,0.80|Strong uptrend: Higher highs & higher lows confirmed,2026-01-08 21:48:41.050
1019713,PL,2026-01-08 21:48:40.760,Supertrend,Buy,0.61|Supertrend bullish continuation (13.10% above),2026-01-08 21:48:41.103
1019714,PL,2026-01-08 21:48:40.813,MeanRevMFI,Hold,0.00|No MFI mean reversion setup,2026-01-08 21:48:41.160
1019715,PL,2026-01-08 21:48:40.870,TripleMomentum,Hold,0.00|Insufficient momentum consensus,2026-01-08 21:48:41.213
1019716,PL,2026-01-08 21:48:40.923,SRBounce,Hold,0.00|Not near key S/R levels,2026-01-08 21:48:41.267
1019717,PL,2026-01-08 21:48:40.977,CMFMomentum,Hold,0.00|No CMF momentum signal,2026-01-08 21:48:41.320
1019718,PL,2026-01-08 21:48:41.027,ForceIndex,Hold,0.00|No Force Index breakout,2026-01-08 21:48:41.370
1019719,PL,2026-01-08 21:48:41.083,WilliamsR,Hold,0.00|No Williams %R reversal signal,2026-01-08 21:48:41.427
1019720,PL,2026-01-08 21:48:41.137,PSAR,Hold,0.00|SAR no flip,2026-01-08 21:48:41.483
1019721,PL,2026-01-08 21:48:41.193,Keltner,Hold,0.00|No Keltner breakout,2026-01-08 21:48:41.533
1019722,PL,2026-01-08 21:48:41.243,OBV,Hold,0.00|No OBV divergence,2026-01-08 21:48:41.590
1019723,PL,2026-01-08 21:48:41.300,Aroon,Hold,0.00|No Aroon trend change,2026-01-08 21:48:41.647
1019724,PL,2026-01-08 21:48:41.357,ROC,Hold,0.00|No ROC momentum burst,2026-01-08 21:48:41.703
1019725,PL,2026-01-08 21:48:41.413,TSI,Hold,0.00|No TSI crossover,2026-01-08 21:48:41.760
1019726,PL,2026-01-08 21:48:41.470,Vortex,Hold,0.00|No Vortex trend change,2026-01-08 21:48:41.813
1019727,PL,2026-01-08 21:48:41.523,Confluence,Hold,0.00|Insufficient confluence (score=2),2026-01-08 21:48:41.867
1019728,PL,2026-01-08 21:48:41.577,Enhanced_Consensus,Hold,REJECT - Insufficient confirmations | conf=0% | quality=62%,2026-01-08 21:48:41.923
1019729,PLYM,2026-01-08 21:48:41.717,SwingFilter,Hold,Volatility too low (0.35%) - no swing opportunity,2026-01-08 21:48:42.063
1019730,PM,2026-01-08 21:48:41.727,SwingFilter,Hold,Weekly trend too weak (1.2%),2026-01-08 21:48:42.070
1019731,PPC,2026-01-08 21:48:42.963,SwingFilter,Hold,Weekly trend too weak (1.2%),2026-01-08 21:48:43.307
1019732,PPL,2026-01-08 21:48:43.977,SwingFilter,Hold,Weekly trend too weak (1.4%),2026-01-08 21:48:44.327
1019733,PRCH,2026-01-08 21:48:44.447,SwingFilter,Hold,No clear weekly trend direction,2026-01-08 21:48:44.797
1019734,PR,2026-01-08 21:48:44.827,SwingFilter,Hold,Weekly trend too weak (1.2%),2026-01-08 21:48:45.177
1019735,PRME,2026-01-08 21:48:45.690,SwingFilter,Hold,Weekly trend too weak (1.2%),2026-01-08 21:48:46.030
1019736,PRKS,2026-01-08 21:48:45.713,SwingFilter,Hold,No clear weekly trend direction,2026-01-08 21:48:46.050
1019737,PRO,2026-01-08 21:48:46.103,SwingFilter,Hold,Volatility too low (0.27%) - no swing opportunity,2026-01-08 21:48:46.443
1019738,PNW,2026-01-08 21:48:47.627,SwingFilter,Hold,Weekly trend too weak (0.8%),2026-01-08 21:48:47.973
1019739,PSX,2026-01-08 05:00:00.000,RelaxedEngine,Hold,REJECT - Insufficient confirmations,2026-01-08 21:48:48.553
1019740,PSX,2026-01-08 21:48:48.253,TrendMTF,Buy,0.70|EMA20 crossed above EMA50 in uptrend,2026-01-08 21:48:48.610
1019741,PSX,2026-01-08 21:48:48.307,MeanRevSR,Hold,"0.00|No mean reversion setup (RSI=50.0, regime=Quiet Market)",2026-01-08 21:48:48.660
1019742,PSX,2026-01-08 21:48:48.360,BreakoutVol,Hold,0.00|No breakout pattern (ADX=26.4),2026-01-08 21:48:48.717
1019743,PSX,2026-01-08 21:48:48.417,MomentumDiv,Hold,0.00|Indicators not ready,2026-01-08 21:48:48.770
1019744,PSX,2026-01-08 21:48:48.467,EMA+RSI,Hold,0.00|EMA buy rejected: EMAs too close (0.09%),2026-01-08 21:48:48.900
1019745,PSX,2026-01-08 21:48:48.603,Bollinger,Sell,0.68|Bollinger mean reversion sell (RSI=65.6),2026-01-08 21:48:48.957
1019746,PSX,2026-01-08 21:48:48.657,ATR,Hold,0.00|No ATR breakout,2026-01-08 21:48:49.013
1019747,PSX,2026-01-08 21:48:48.713,MACD,Buy,0.65|MACD momentum building (hist=1.4117),2026-01-08 21:48:49.070
1019748,PSX,2026-01-08 21:48:48.770,ADX,Buy,0.73|ADX strong trend ? (ADX=26.4),2026-01-08 21:48:49.127
1019749,PSX,2026-01-08 21:48:48.823,Volume,Hold,0.00|Volume too low: 1.22x,2026-01-08 21:48:49.190
1019750,PSX,2026-01-08 21:48:48.890,Donchian,Hold,"0.00|Price within channel ($144.22, U=$144.96, L=$127.16)",2026-01-08 21:48:49.247
1019751,PSX,2026-01-08 21:48:48.943,Ichimoku,Hold,0.00|Cloud too thin: 0.02% (need >1%),2026-01-08 21:48:49.300
1019752,PSX,2026-01-08 21:48:49.003,PriceAction,Buy,0.80|Strong uptrend: Higher highs & higher lows confirmed,2026-01-08 21:48:49.357
1019753,PSX,2026-01-08 21:48:49.057,Supertrend,Buy,0.64|Supertrend bullish continuation (9.61% above),2026-01-08 21:48:49.413
1019754,PSX,2026-01-08 21:48:49.113,MeanRevMFI,Hold,0.00|No MFI mean reversion setup,2026-01-08 21:48:49.460
1019755,PSX,2026-01-08 21:48:49.170,TripleMomentum,Buy,1.00|Triple momentum bullish (3/3 indicators),2026-01-08 21:48:49.517
1019756,PSX,2026-01-08 21:48:49.227,SRBounce,Hold,0.00|Not near key S/R levels,2026-01-08 21:48:49.573
1019757,PSX,2026-01-08 21:48:49.280,CMFMomentum,Hold,0.00|No CMF momentum signal,2026-01-08 21:48:49.623
1019758,PSX,2026-01-08 21:48:49.333,ForceIndex,Buy,0.65|Force Index bullish momentum (FI=5759968),2026-01-08 21:48:49.680
1019759,PSX,2026-01-08 21:48:49.390,WilliamsR,Hold,0.00|No Williams %R reversal signal,2026-01-08 21:48:49.737
1019760,PSX,2026-01-08 21:48:49.447,PSAR,Hold,0.00|SAR no flip,2026-01-08 21:48:49.793
1019761,PSX,2026-01-08 21:48:49.500,Keltner,Buy,0.65|Keltner breakout ? (vol=1.13x),2026-01-08 21:48:49.850
1019762,PSX,2026-01-08 21:48:49.557,OBV,Hold,0.00|No OBV divergence,2026-01-08 21:48:49.903
1019763,PSX,2026-01-08 21:48:49.613,Aroon,Hold,0.00|No Aroon trend change,2026-01-08 21:48:49.957
1019764,PSX,2026-01-08 21:48:49.663,ROC,Buy,"0.70|ROC momentum burst ? (ROC=11.9%, vol=1.13x)",2026-01-08 21:48:50.013
1019765,PSX,2026-01-08 21:48:49.720,TSI,Hold,0.00|No TSI crossover,2026-01-08 21:48:50.063
1019766,PSX,2026-01-08 21:48:49.773,Vortex,Buy,"0.80|Vortex uptrend (VI+=1.03, VI-=0.87)",2026-01-08 21:48:50.117
1019767,PSX,2026-01-08 21:48:49.823,Confluence,Hold,0.00|Insufficient confluence (score=3),2026-01-08 21:48:50.173
1019768,PSX,2026-01-08 21:48:49.880,Enhanced_Consensus,Hold,REJECT - Insufficient confirmations | conf=0% | quality=59%,2026-01-08 21:48:50.230
1019769,PUMP,2026-01-08 21:48:50.150,SwingFilter,Hold,Weekly trend too weak (1.0%),2026-01-08 21:48:50.493
1019770,QDEL,2026-01-08 05:00:00.000,RelaxedEngine,Hold,Failed validation,2026-01-08 21:48:52.500
1019771,QDEL,2026-01-08 21:48:52.200,TrendMTF,Hold,0.00|No clear trend setup,2026-01-08 21:48:52.557
1019772,QDEL,2026-01-08 21:48:52.257,MeanRevSR,Hold,"0.00|No mean reversion setup (RSI=50.0, regime=Weak Trend)",2026-01-08 21:48:52.613
1019773,QDEL,2026-01-08 21:48:52.317,BreakoutVol,Hold,0.00|No breakout pattern (ADX=25.6),2026-01-08 21:48:52.683
1019774,QDEL,2026-01-08 21:48:52.383,MomentumDiv,Hold,0.00|Indicators not ready,2026-01-08 21:48:52.740
1019775,QDEL,2026-01-08 21:48:52.440,EMA+RSI,Hold,0.00|No EMA crossover,2026-01-08 21:48:52.797
1019776,QDEL,2026-01-08 21:48:52.497,Bollinger,Sell,0.72|Bollinger mean reversion sell (RSI=72.4),2026-01-08 21:48:52.853
1019777,QDEL,2026-01-08 21:48:52.550,ATR,Hold,0.00|No ATR breakout,2026-01-08 21:48:52.903
1019778,QDEL,2026-01-08 21:48:52.603,MACD,Buy,0.65|MACD momentum building (hist=0.3762),2026-01-08 21:48:52.957
1019779,QDEL,2026-01-08 21:48:52.657,ADX,Buy,0.70|ADX strong trend ? (ADX=25.6),2026-01-08 21:48:53.010
1019780,QDEL,2026-01-08 21:48:52.707,Volume,Hold,0.00|Volume too low: 0.97x,2026-01-08 21:48:53.060
1019781,QDEL,2026-01-08 21:48:52.760,Donchian,Hold,"0.00|Price within channel ($33.51, U=$33.80, L=$26.52)",2026-01-08 21:48:53.117
1019782,QDEL,2026-01-08 21:48:52.817,Ichimoku,Buy,1.00|Bullish Ichimoku (price 9.1% above cloud),2026-01-08 21:48:53.170
1019783,QDEL,2026-01-08 21:48:52.870,PriceAction,Hold,0.00|No clear price action trend,2026-01-08 21:48:53.223
1019784,QDEL,2026-01-08 21:48:52.933,Supertrend,Buy,0.62|Supertrend bullish continuation (11.20% above),2026-01-08 21:48:53.290
1019785,QDEL,2026-01-08 21:48:52.987,MeanRevMFI,Hold,0.00|No MFI mean reversion setup,2026-01-08 21:48:53.340
1019786,QDEL,2026-01-08 21:48:53.043,TripleMomentum,Hold,0.00|Insufficient momentum consensus,2026-01-08 21:48:53.397
1019787,QDEL,2026-01-08 21:48:53.100,SRBounce,Hold,0.00|Not near key S/R levels,2026-01-08 21:48:53.453
1019788,QDEL,2026-01-08 21:48:53.150,CMFMomentum,Buy,"0.75|CMF accumulation (CMF=0.315, RSI=72)",2026-01-08 21:48:53.500
1019789,QDEL,2026-01-08 21:48:53.203,ForceIndex,Hold,0.00|No Force Index breakout,2026-01-08 21:48:53.553
1019790,QDEL,2026-01-08 21:48:53.257,WilliamsR,Hold,0.00|No Williams %R reversal signal,2026-01-08 21:48:53.610
1019791,QUBT,2026-01-08 21:48:53.300,SwingFilter,Hold,No clear weekly trend direction,2026-01-08 21:48:53.653
1019792,QDEL,2026-01-08 21:48:53.313,PSAR,Hold,0.00|SAR no flip,2026-01-08 21:48:53.667
1019793,QDEL,2026-01-08 21:48:53.367,Keltner,Hold,0.00|No Keltner breakout,2026-01-08 21:48:53.717
1019794,QDEL,2026-01-08 21:48:53.420,OBV,Hold,0.00|No OBV divergence,2026-01-08 21:48:53.773
1019795,QDEL,2026-01-08 21:48:53.477,Aroon,Hold,0.00|No Aroon trend change,2026-01-08 21:48:53.830
1019796,QDEL,2026-01-08 21:48:53.533,ROC,Hold,0.00|No ROC momentum burst,2026-01-08 21:48:53.880
1019797,QDEL,2026-01-08 21:48:53.597,TSI,Hold,0.00|No TSI crossover,2026-01-08 21:48:53.947
1019798,QDEL,2026-01-08 21:48:53.650,Vortex,Hold,0.00|No Vortex trend change,2026-01-08 21:48:54.000
1019799,QXO,2026-01-08 05:00:00.000,RealisticConservative,Buy,"? BUY: 10 votes, Composite=67%, Confirms=3 (BB conflict)",2026-01-08 21:48:54.017
1019800,QDEL,2026-01-08 21:48:53.703,Confluence,Hold,0.00|Insufficient confluence (score=3),2026-01-08 21:48:54.057
1019801,QXO,2026-01-08 21:48:53.720,TrendMTF,Hold,0.00|No clear trend setup,2026-01-08 21:48:54.073
1019802,QDEL,2026-01-08 21:48:53.760,Enhanced_Consensus,Hold,Failed validation | conf=0% | quality=69%,2026-01-08 21:48:54.110
1019803,QXO,2026-01-08 21:48:53.777,MeanRevSR,Hold,"0.00|No mean reversion setup (RSI=50.0, regime=Weak Trend)",2026-01-08 21:48:54.127
1019804,QXO,2026-01-08 21:48:53.827,BreakoutVol,Hold,0.00|No breakout pattern (ADX=28.7),2026-01-08 21:48:54.177
1019805,QXO,2026-01-08 21:48:53.880,MomentumDiv,Hold,0.00|Indicators not ready,2026-01-08 21:48:54.233
1019806,QXO,2026-01-08 21:48:53.937,EMA+RSI,Hold,0.00|No EMA crossover,2026-01-08 21:48:54.290
1019807,QXO,2026-01-08 21:48:53.993,Bollinger,Sell,0.72|Bollinger mean reversion sell (RSI=68.0),2026-01-08 21:48:54.347
1019808,QXO,2026-01-08 21:48:54.047,ATR,Hold,0.00|No ATR breakout,2026-01-08 21:48:54.400
1019809,QXO,2026-01-08 21:48:54.107,MACD,Buy,0.65|MACD momentum building (hist=0.2314),2026-01-08 21:48:54.457
1019810,QXO,2026-01-08 21:48:54.160,ADX,Buy,0.79|ADX strong trend ? (ADX=28.7),2026-01-08 21:48:54.503
1019811,QXO,2026-01-08 21:48:54.213,Volume,Buy,0.61|Volume spike 1.3x with upward momentum,2026-01-08 21:48:54.560
1019812,QXO,2026-01-08 21:48:54.270,Donchian,Hold,"0.00|Price within channel ($24.65, U=$25.02, L=$19.00)",2026-01-08 21:48:54.617
1019813,QXO,2026-01-08 21:48:54.323,Ichimoku,Hold,0.00|TK lines too close: 1.31%,2026-01-08 21:48:54.670
1019814,QXO,2026-01-08 21:48:54.377,PriceAction,Hold,0.00|No clear price action trend,2026-01-08 21:48:54.723
1019815,QXO,2026-01-08 21:48:54.433,Supertrend,Buy,0.61|Supertrend bullish continuation (13.25% above),2026-01-08 21:48:54.780
1019816,QXO,2026-01-08 21:48:54.490,MeanRevMFI,Hold,0.00|No MFI mean reversion setup,2026-01-08 21:48:54.837
1019817,QXO,2026-01-08 21:48:54.543,TripleMomentum,Buy,1.00|Triple momentum bullish (3/3 indicators),2026-01-08 21:48:54.893
1019818,QXO,2026-01-08 21:48:54.600,SRBounce,Hold,0.00|Not near key S/R levels,2026-01-08 21:48:54.950
1019819,QXO,2026-01-08 21:48:54.657,CMFMomentum,Hold,0.00|No CMF momentum signal,2026-01-08 21:48:55.003
1019820,QXO,2026-01-08 21:48:54.713,ForceIndex,Hold,0.00|No Force Index breakout,2026-01-08 21:48:55.060
1019821,QXO,2026-01-08 21:48:54.773,WilliamsR,Hold,0.00|No Williams %R reversal signal,2026-01-08 21:48:55.120
1019822,QXO,2026-01-08 21:48:54.830,PSAR,Hold,0.00|SAR no flip,2026-01-08 21:48:55.177
1019823,QXO,2026-01-08 21:48:54.883,Keltner,Buy,0.85|Keltner breakout ? (vol=1.27x),2026-01-08 21:48:55.233
1019824,QXO,2026-01-08 21:48:54.940,OBV,Hold,0.00|No OBV divergence,2026-01-08 21:48:55.290
1019825,QXO,2026-01-08 21:48:54.997,Aroon,Hold,0.00|No Aroon trend change,2026-01-08 21:48:55.343
1019826,QXO,2026-01-08 21:48:55.053,ROC,Buy,"0.70|ROC momentum burst ? (ROC=13.1%, vol=1.27x)",2026-01-08 21:48:55.400
1019827,QXO,2026-01-08 21:48:55.110,TSI,Hold,0.00|No TSI crossover,2026-01-08 21:48:55.457
1019828,QXO,2026-01-08 21:48:55.167,Vortex,Hold,0.00|No Vortex trend change,2026-01-08 21:48:55.507
1019829,QXO,2026-01-08 21:48:55.220,Confluence,Buy,"0.65|Bullish confluence (4/5): MACD bullish, Volume spike, Price momentum, ADX uptrend",2026-01-08 21:48:55.560
1019830,QXO,2026-01-08 21:48:55.273,Enhanced_Consensus,Buy,"? BUY: 10 votes, Composite=67%, Confirms=3 (BB conflict) | conf=71% | quality=66%",2026-01-08 21:48:55.613
1019831,QXO,2026-01-08 21:48:55.330,Enhanced_Entry,Buy,"entry=$24.67, qty=47, stop=$1.97, quality=66%",2026-01-08 21:48:55.670
1019832,RDDT,2026-01-08 05:00:00.000,RealisticConservative,Buy,"? BUY: 5 votes, Composite=63%, Confirms=3 (BB conflict)",2026-01-08 21:48:58.403
1019833,RDDT,2026-01-08 21:48:58.117,TrendMTF,Hold,0.00|No clear trend setup,2026-01-08 21:48:58.460
1019834,RDDT,2026-01-08 21:48:58.173,MeanRevSR,Hold,"0.00|No mean reversion setup (RSI=50.0, regime=Weak Trend)",2026-01-08 21:48:58.517
1019835,RDDT,2026-01-08 21:48:58.230,BreakoutVol,Hold,0.00|No breakout pattern (ADX=24.8),2026-01-08 21:48:58.570
1019836,RDDT,2026-01-08 21:48:58.287,MomentumDiv,Hold,0.00|Indicators not ready,2026-01-08 21:48:58.627
1019837,RDDT,2026-01-08 21:48:58.340,EMA+RSI,Hold,0.00|No EMA crossover,2026-01-08 21:48:58.680
1019838,RDDT,2026-01-08 21:48:58.393,Bollinger,Sell,0.70|Bollinger mean reversion sell (RSI=67.2),2026-01-08 21:48:58.737
1019839,RDDT,2026-01-08 21:48:58.450,ATR,Hold,0.00|No ATR breakout,2026-01-08 21:48:58.790
1019840,RDDT,2026-01-08 21:48:58.503,MACD,Buy,0.65|MACD momentum building (hist=1.8667),2026-01-08 21:48:58.847
1019841,RDDT,2026-01-08 21:48:58.560,ADX,Buy,0.68|ADX strong trend ? (ADX=24.8),2026-01-08 21:48:58.903
1019842,RDDT,2026-01-08 21:48:58.617,Volume,Hold,0.00|Volume too low: 0.73x,2026-01-08 21:48:58.960
1019843,RDDT,2026-01-08 21:48:58.673,Donchian,Hold,"0.00|Price within channel ($253.95, U=$260.50, L=$213.35)",2026-01-08 21:48:59.017
1019844,RDDT,2026-01-08 21:48:58.727,Ichimoku,Buy,1.00|Bullish Ichimoku (price 6.2% above cloud),2026-01-08 21:48:59.070
1019845,RBLX,2026-01-08 05:00:00.000,RelaxedEngine,Hold,Failed validation,2026-01-08 21:48:59.120
1019846,RDDT,2026-01-08 21:48:58.783,PriceAction,Hold,0.00|No clear price action trend,2026-01-08 21:48:59.127
1019847,RBLX,2026-01-08 21:48:58.833,TrendMTF,Hold,0.00|No clear trend setup,2026-01-08 21:48:59.177
1019848,RDDT,2026-01-08 21:48:58.840,Supertrend,Buy,0.63|Supertrend bullish continuation (10.24% above),2026-01-08 21:48:59.183
1019849,RBLX,2026-01-08 21:48:58.890,MeanRevSR,Hold,0.00|Strong trend - avoid mean reversion,2026-01-08 21:48:59.230
1019850,RDDT,2026-01-08 21:48:58.897,MeanRevMFI,Hold,0.00|No MFI mean reversion setup,2026-01-08 21:48:59.237
1019851,RBLX,2026-01-08 21:48:58.943,BreakoutVol,Hold,0.00|No breakout pattern (ADX=45.7),2026-01-08 21:48:59.283
1019852,RDDT,2026-01-08 21:48:58.947,TripleMomentum,Hold,0.00|Insufficient momentum consensus,2026-01-08 21:48:59.330
1019853,RBLX,2026-01-08 21:48:58.997,MomentumDiv,Hold,0.00|Indicators not ready,2026-01-08 21:48:59.337
1019854,RDDT,2026-01-08 21:48:59.053,SRBounce,Hold,0.00|Not near key S/R levels,2026-01-08 21:48:59.397
1019855,RBLX,2026-01-08 21:48:59.053,EMA+RSI,Hold,0.00|No EMA crossover,2026-01-08 21:48:59.397
1019856,RBLX,2026-01-08 21:48:59.110,Bollinger,Buy,0.69|Bollinger mean reversion buy (RSI=21.1),2026-01-08 21:48:59.453
1019857,RDDT,2026-01-08 21:48:59.107,CMFMomentum,Sell,"0.63|CMF distribution (CMF=-0.053, RSI=67)",2026-01-08 21:48:59.453
1019858,RBLX,2026-01-08 21:48:59.163,ATR,Hold,0.00|No ATR breakout,2026-01-08 21:48:59.510
1019859,RDDT,2026-01-08 21:48:59.163,ForceIndex,Hold,0.00|No Force Index breakout,2026-01-08 21:48:59.510
1019860,RBLX,2026-01-08 21:48:59.220,MACD,Sell,0.88|MACD crossover + momentum (hist=-0.1047),2026-01-08 21:48:59.567
1019861,RDDT,2026-01-08 21:48:59.220,WilliamsR,Hold,0.00|No Williams %R reversal signal,2026-01-08 21:48:59.567
1019862,RBLX,2026-01-08 21:48:59.280,ADX,Sell,0.85|ADX strong trend ? (ADX=45.7),2026-01-08 21:48:59.620
1019863,RDDT,2026-01-08 21:48:59.280,PSAR,Hold,0.00|SAR no flip,2026-01-08 21:48:59.620
1019864,REAX,2026-01-08 21:48:59.280,SwingFilter,Hold,Weekly trend too weak (0.6%),2026-01-08 21:48:59.627
1019865,RDDT,2026-01-08 21:48:59.333,Keltner,Hold,0.00|No Keltner breakout,2026-01-08 21:48:59.677
1019866,RBLX,2026-01-08 21:48:59.333,Volume,Sell,0.84|Volume spike 1.8x with downward momentum,2026-01-08 21:48:59.677
1019867,RBLX,2026-01-08 21:48:59.390,Donchian,Hold,"0.00|Price within channel ($73.89, U=$99.98, L=$71.78)",2026-01-08 21:48:59.733
1019868,RDDT,2026-01-08 21:48:59.390,OBV,Hold,0.00|No OBV divergence,2026-01-08 21:48:59.733
1019869,RBLX,2026-01-08 21:48:59.443,Ichimoku,Sell,1.00|Bearish Ichimoku (price 10.3% below cloud),2026-01-08 21:48:59.790
1019870,RDDT,2026-01-08 21:48:59.450,Aroon,Hold,0.00|No Aroon trend change,2026-01-08 21:48:59.793
1019871,RBLX,2026-01-08 21:48:59.500,PriceAction,Hold,0.00|No clear price action trend,2026-01-08 21:48:59.847
1019872,RDDT,2026-01-08 21:48:59.503,ROC,Hold,0.00|No ROC momentum burst,2026-01-08 21:48:59.850
1019873,RBLX,2026-01-08 21:48:59.557,Supertrend,Sell,0.63|Supertrend bearish continuation (10.13% below),2026-01-08 21:48:59.900
1019874,RDDT,2026-01-08 21:48:59.560,TSI,Hold,0.00|No TSI crossover,2026-01-08 21:48:59.907
1019875,REXR,2026-01-08 21:48:59.577,SwingFilter,Hold,Weekly trend too weak (0.0%),2026-01-08 21:48:59.920
1019876,RBLX,2026-01-08 21:48:59.610,MeanRevMFI,Hold,0.00|No MFI mean reversion setup,2026-01-08 21:48:59.953
1019877,RDDT,2026-01-08 21:48:59.617,Vortex,Hold,0.00|No Vortex trend change,2026-01-08 21:48:59.960
1019878,RBLX,2026-01-08 21:48:59.663,TripleMomentum,Sell,1.00|Triple momentum bearish (3/3 indicators),2026-01-08 21:49:00.007
1019879,RDDT,2026-01-08 21:48:59.673,Confluence,Hold,0.00|Insufficient confluence (score=3),2026-01-08 21:49:00.017
1019880,RBLX,2026-01-08 21:48:59.717,SRBounce,Hold,0.00|Not near key S/R levels,2026-01-08 21:49:00.067
1019881,RDDT,2026-01-08 21:48:59.733,Enhanced_Consensus,Buy,"? BUY: 5 votes, Composite=63%, Confirms=3 (BB conflict) | conf=65% | quality=57%",2026-01-08 21:49:00.073
1019882,RBLX,2026-01-08 21:48:59.777,CMFMomentum,Hold,0.00|No CMF momentum signal,2026-01-08 21:49:00.120
1019883,RDDT,2026-01-08 21:48:59.787,Enhanced_Entry,Buy,"entry=$254.20, qty=3, stop=$20.32, quality=57%",2026-01-08 21:49:00.130
1019884,RBLX,2026-01-08 21:48:59.833,ForceIndex,Hold,0.00|No Force Index breakout,2026-01-08 21:49:00.177
1019885,RBLX,2026-01-08 21:48:59.890,WilliamsR,Hold,0.00|No Williams %R reversal signal,2026-01-08 21:49:00.237
1019886,RBLX,2026-01-08 21:48:59.947,PSAR,Hold,0.00|SAR no flip,2026-01-08 21:49:00.290
1019887,RBLX,2026-01-08 21:49:00.000,Keltner,Hold,0.00|No Keltner breakout,2026-01-08 21:49:00.347
1019888,RBLX,2026-01-08 21:49:00.057,OBV,Hold,0.00|No OBV divergence,2026-01-08 21:49:00.397
1019889,RBLX,2026-01-08 21:49:00.110,Aroon,Hold,0.00|No Aroon trend change,2026-01-08 21:49:00.457
1019890,RBLX,2026-01-08 21:49:00.167,ROC,Hold,0.00|No ROC momentum burst,2026-01-08 21:49:00.510
1019891,RBLX,2026-01-08 21:49:00.220,TSI,Hold,0.00|No TSI crossover,2026-01-08 21:49:00.563
1019892,RBLX,2026-01-08 21:49:00.273,Vortex,Hold,0.00|No Vortex trend change,2026-01-08 21:49:00.620
1019893,RBLX,2026-01-08 21:49:00.330,Confluence,Hold,0.00|Insufficient confluence (score=0),2026-01-08 21:49:00.677
1019894,RBLX,2026-01-08 21:49:00.383,Enhanced_Consensus,Hold,Failed validation | conf=0% | quality=61%,2026-01-08 21:49:00.727
1019895,RH,2026-01-08 05:00:00.000,RelaxedEngine,Hold,Failed validation,2026-01-08 21:49:01.230
1019896,RH,2026-01-08 21:49:00.940,TrendMTF,Hold,0.00|No clear trend setup,2026-01-08 21:49:01.283
1019897,RH,2026-01-08 21:49:00.993,MeanRevSR,Hold,"0.00|No mean reversion setup (RSI=50.0, regime=Weak Trend)",2026-01-08 21:49:01.340
1019898,RH,2026-01-08 21:49:01.047,BreakoutVol,Hold,0.00|No breakout pattern (ADX=43.0),2026-01-08 21:49:01.390
1019899,RH,2026-01-08 21:49:01.100,MomentumDiv,Hold,0.00|Indicators not ready,2026-01-08 21:49:01.443
1019900,RH,2026-01-08 21:49:01.153,EMA+RSI,Hold,0.00|No EMA crossover,2026-01-08 21:49:01.503
1019901,RH,2026-01-08 21:49:01.210,Bollinger,Sell,0.71|Bollinger mean reversion sell (RSI=75.7),2026-01-08 21:49:01.560
1019902,RH,2026-01-08 21:49:01.267,ATR,Hold,0.00|No ATR breakout,2026-01-08 21:49:01.630
1019903,RH,2026-01-08 21:49:01.333,MACD,Buy,0.65|MACD momentum building (hist=3.7873),2026-01-08 21:49:01.683
1019904,RIOT,2026-01-08 21:49:01.347,SwingFilter,Hold,Weekly trend too weak (0.9%),2026-01-08 21:49:01.697
1019905,RH,2026-01-08 21:49:01.387,ADX,Buy,0.85|ADX strong trend ? (ADX=43.0),2026-01-08 21:49:01.737
1019906,RH,2026-01-08 21:49:01.440,Volume,Buy,0.69|Volume spike 1.5x with upward momentum,2026-01-08 21:49:01.790
1019907,RH,2026-01-08 21:49:01.493,Donchian,Hold,"0.00|Price within channel ($214.94, U=$222.00, L=$151.71)",2026-01-08 21:49:01.843
1019908,RH,2026-01-08 21:49:01.547,Ichimoku,Buy,1.00|Bullish Ichimoku (price 9.9% above cloud),2026-01-08 21:49:01.897
1019909,RH,2026-01-08 21:49:01.600,PriceAction,Hold,0.00|No clear price action trend,2026-01-08 21:49:01.953
1019910,RH,2026-01-08 21:49:01.657,Supertrend,Buy,0.60|Supertrend bullish continuation (13.99% above),2026-01-08 21:49:02.003
1019911,RH,2026-01-08 21:49:01.710,MeanRevMFI,Hold,0.00|No MFI mean reversion setup,2026-01-08 21:49:02.060
1019912,RH,2026-01-08 21:49:01.763,TripleMomentum,Buy,1.00|Triple momentum bullish (3/3 indicators),2026-01-08 21:49:02.113
1019913,RH,2026-01-08 21:49:01.817,SRBounce,Hold,0.00|Not near key S/R levels,2026-01-08 21:49:02.170
1019914,RH,2026-01-08 21:49:01.873,CMFMomentum,Hold,0.00|No CMF momentum signal,2026-01-08 21:49:02.220
1019915,RH,2026-01-08 21:49:01.923,ForceIndex,Hold,0.00|No Force Index breakout,2026-01-08 21:49:02.273
1019916,RH,2026-01-08 21:49:01.977,WilliamsR,Hold,0.00|No Williams %R reversal signal,2026-01-08 21:49:02.330
1019917,RH,2026-01-08 21:49:02.033,PSAR,Hold,0.00|SAR no flip,2026-01-08 21:49:02.380
1019918,RH,2026-01-08 21:49:02.083,Keltner,Hold,0.00|No Keltner breakout,2026-01-08 21:49:02.433
1019919,RIVN,2026-01-08 05:00:00.000,RelaxedEngine,Hold,REJECT - Insufficient confirmations,2026-01-08 21:49:02.477
1019920,RH,2026-01-08 21:49:02.137,OBV,Hold,0.00|No OBV divergence,2026-01-08 21:49:02.490
1019921,RGTI,2026-01-08 21:49:02.173,SwingFilter,Hold,No clear weekly trend direction,2026-01-08 21:49:02.527
1019922,RIVN,2026-01-08 21:49:02.180,TrendMTF,Hold,0.00|No clear trend setup,2026-01-08 21:49:02.547
1019923,RH,2026-01-08 21:49:02.193,Aroon,Hold,0.00|No Aroon trend change,2026-01-08 21:49:02.547
1019924,RIVN,2026-01-08 21:49:02.250,MeanRevSR,Hold,"0.00|No mean reversion setup (RSI=50.0, regime=Weak Trend)",2026-01-08 21:49:02.603
1019925,RH,2026-01-08 21:49:02.250,ROC,Buy,"0.65|ROC momentum burst ? (ROC=25.7%, vol=1.28x)",2026-01-08 21:49:02.603
1019926,RH,2026-01-08 21:49:02.307,TSI,Hold,0.00|No TSI crossover,2026-01-08 21:49:02.660
1019927,RIVN,2026-01-08 21:49:02.307,BreakoutVol,Hold,0.00|No breakout pattern (ADX=26.3),2026-01-08 21:49:02.660
1019928,RH,2026-01-08 21:49:02.360,Vortex,Hold,0.00|No Vortex trend change,2026-01-08 21:49:02.713
1019929,RIVN,2026-01-08 21:49:02.360,MomentumDiv,Hold,0.00|Indicators not ready,2026-01-08 21:49:02.713
1019930,RH,2026-01-08 21:49:02.417,Confluence,Buy,"0.65|Bullish confluence (4/5): MACD bullish, Volume spike, Price momentum, ADX uptrend",2026-01-08 21:49:02.770
1019931,RIVN,2026-01-08 21:49:02.417,EMA+RSI,Hold,0.00|No EMA crossover,2026-01-08 21:49:02.770
1019932,RIVN,2026-01-08 21:49:02.473,Bollinger,Hold,0.00|Not at band extremes,2026-01-08 21:49:02.827
1019933,RH,2026-01-08 21:49:02.473,Enhanced_Consensus,Hold,Failed validation | conf=0% | quality=66%,2026-01-08 21:49:02.827
1019934,RIVN,2026-01-08 21:49:02.527,ATR,Hold,0.00|Volatility outside swing range: 5.90%,2026-01-08 21:49:02.883
1019935,RIVN,2026-01-08 21:49:02.583,MACD,Hold,0.00|No MACD signal,2026-01-08 21:49:02.940
1019936,RIVN,2026-01-08 21:49:02.640,ADX,Buy,0.72|ADX strong trend ? (ADX=26.3),2026-01-08 21:49:02.993
1019937,RIVN,2026-01-08 21:49:02.697,Volume,Hold,0.00|Volume too low: 0.85x,2026-01-08 21:49:03.047
1019938,RIVN,2026-01-08 21:49:02.750,Donchian,Hold,"0.00|Price within channel ($19.89, U=$22.69, L=$15.73)",2026-01-08 21:49:03.103
1019939,RIVN,2026-01-08 21:49:02.803,Ichimoku,Buy,0.57|Bullish Ichimoku (price 1.1% above cloud),2026-01-08 21:49:03.160
1019940,RIVN,2026-01-08 21:49:02.863,PriceAction,Hold,0.00|No clear price action trend,2026-01-08 21:49:03.213
1019941,RIVN,2026-01-08 21:49:02.917,Supertrend,Buy,0.65|Supertrend bullish continuation (4.87% above),2026-01-08 21:49:03.270
1019942,RIVN,2026-01-08 21:49:02.973,MeanRevMFI,Hold,0.00|No MFI mean reversion setup,2026-01-08 21:49:03.327
1019943,RKLB,2026-01-08 05:00:00.000,RealisticConservative,Buy,"? BUY: 5 votes, Composite=55%, Confirms=2 (BB conflict)",2026-01-08 21:49:03.350
1019944,RIVN,2026-01-08 21:49:03.030,TripleMomentum,Hold,0.00|Insufficient momentum consensus,2026-01-08 21:49:03.383
1019945,RKLB,2026-01-08 21:49:03.053,TrendMTF,Hold,0.00|No clear trend setup,2026-01-08 21:49:03.407
1019946,RIVN,2026-01-08 21:49:03.083,SRBounce,Hold,0.00|Not near key S/R levels,2026-01-08 21:49:03.440
1019947,RKLB,2026-01-08 21:49:03.107,MeanRevSR,Hold,0.00|Strong trend - avoid mean reversion,2026-01-08 21:49:03.463
1019948,RIVN,2026-01-08 21:49:03.140,CMFMomentum,Sell,"0.80|CMF distribution (CMF=-0.062, RSI=57)",2026-01-08 21:49:03.493
1019949,RKLB,2026-01-08 21:49:03.163,BreakoutVol,Hold,0.00|No breakout pattern (ADX=38.8),2026-01-08 21:49:03.520
1019950,RIVN,2026-01-08 21:49:03.200,ForceIndex,Hold,0.00|No Force Index breakout,2026-01-08 21:49:03.550
1019951,RKLB,2026-01-08 21:49:03.220,MomentumDiv,Hold,0.00|Indicators not ready,2026-01-08 21:49:03.573
1019952,RIVN,2026-01-08 21:49:03.257,WilliamsR,Hold,0.00|No Williams %R reversal signal,2026-01-08 21:49:03.603
1019953,RKLB,2026-01-08 21:49:03.280,EMA+RSI,Hold,0.00|No EMA crossover,2026-01-08 21:49:03.627
1019954,RIVN,2026-01-08 21:49:03.310,PSAR,Hold,0.00|SAR no flip,2026-01-08 21:49:03.660
1019955,RKLB,2026-01-08 21:49:03.333,Bollinger,Sell,0.68|Bollinger mean reversion sell (RSI=69.6),2026-01-08 21:49:03.683
1019956,RIVN,2026-01-08 21:49:03.363,Keltner,Hold,0.00|No Keltner breakout,2026-01-08 21:49:03.713
1019957,RKLB,2026-01-08 21:49:03.390,ATR,Hold,0.00|Volatility outside swing range: 6.73%,2026-01-08 21:49:03.740
1019958,RLAY,2026-01-08 21:49:03.393,SwingFilter,Hold,No clear weekly trend direction,2026-01-08 21:49:03.743
1019959,RIVN,2026-01-08 21:49:03.420,OBV,Hold,0.00|No OBV divergence,2026-01-08 21:49:03.767
1019960,RKLB,2026-01-08 21:49:03.443,MACD,Hold,0.00|No MACD signal,2026-01-08 21:49:03.790
1019961,RIVN,2026-01-08 21:49:03.473,Aroon,Hold,0.00|No Aroon trend change,2026-01-08 21:49:03.820
1019962,RKLB,2026-01-08 21:49:03.497,ADX,Buy,0.85|ADX strong trend ? (ADX=38.8),2026-01-08 21:49:03.847
1019963,RIVN,2026-01-08 21:49:03.523,ROC,Sell,"0.70|ROC momentum burst ? (ROC=-11.4%, vol=0.79x)",2026-01-08 21:49:03.873
1019964,RKLB,2026-01-08 21:49:03.553,Volume,Hold,0.00|Volume too low: 1.17x,2026-01-08 21:49:03.903
1019965,RIVN,2026-01-08 21:49:03.580,TSI,Hold,0.00|No TSI crossover,2026-01-08 21:49:03.927
1019966,RKLB,2026-01-08 21:49:03.607,Donchian,Hold,"0.00|Price within channel ($83.08, U=$89.87, L=$41.50)",2026-01-08 21:49:03.960
1019967,RIVN,2026-01-08 21:49:03.633,Vortex,Hold,0.00|No Vortex trend change,2026-01-08 21:49:03.983
1019968,RKLB,2026-01-08 21:49:03.663,Ichimoku,Buy,1.00|Bullish Ichimoku (price 13.6% above cloud),2026-01-08 21:49:04.010
1019969,RIVN,2026-01-08 21:49:03.687,Confluence,Hold,0.00|Insufficient confluence (score=2),2026-01-08 21:49:04.040
1019970,REYN,2026-01-08 21:49:03.717,SwingFilter,Hold,Weekly trend too weak (0.8%),2026-01-08 21:49:04.063
1019971,RKLB,2026-01-08 21:49:03.717,PriceAction,Hold,0.00|No clear price action trend,2026-01-08 21:49:04.067
1019972,RIVN,2026-01-08 21:49:03.743,Enhanced_Consensus,Hold,REJECT - Insufficient confirmations | conf=0% | quality=47%,2026-01-08 21:49:04.093
1019973,RKLB,2026-01-08 21:49:03.773,Supertrend,Buy,0.60|Supertrend bullish continuation (14.38% above),2026-01-08 21:49:04.120
1019974,RKLB,2026-01-08 21:49:03.823,MeanRevMFI,Hold,0.00|No MFI mean reversion setup,2026-01-08 21:49:04.170
1019975,RKLB,2026-01-08 21:49:03.877,TripleMomentum,Hold,0.00|Insufficient momentum consensus,2026-01-08 21:49:04.227
1019976,RKLB,2026-01-08 21:49:03.933,SRBounce,Hold,0.00|Not near key S/R levels,2026-01-08 21:49:04.283
1019977,RKLB,2026-01-08 21:49:03.990,CMFMomentum,Hold,0.00|No CMF momentum signal,2026-01-08 21:49:04.340
1019978,RKLB,2026-01-08 21:49:04.043,ForceIndex,Hold,0.00|No Force Index breakout,2026-01-08 21:49:04.393
1019979,RKLB,2026-01-08 21:49:04.103,WilliamsR,Sell,0.80|Williams %R overbought reversal (-20.1 from -6.5),2026-01-08 21:49:04.450
1019980,RKLB,2026-01-08 21:49:04.157,PSAR,Hold,0.00|SAR no flip,2026-01-08 21:49:04.503
1019981,RKLB,2026-01-08 21:49:04.207,Keltner,Hold,0.00|No Keltner breakout,2026-01-08 21:49:04.553
1019982,RKLB,2026-01-08 21:49:04.260,OBV,Hold,0.00|No OBV divergence,2026-01-08 21:49:04.610
1019983,RKLB,2026-01-08 21:49:04.317,Aroon,Hold,0.00|No Aroon trend change,2026-01-08 21:49:04.667
1019984,RKLB,2026-01-08 21:49:04.373,ROC,Hold,0.00|No ROC momentum burst,2026-01-08 21:49:04.720
1019985,RKLB,2026-01-08 21:49:04.423,TSI,Hold,0.00|No TSI crossover,2026-01-08 21:49:04.773
1019986,RKLB,2026-01-08 21:49:04.480,Vortex,Hold,0.00|No Vortex trend change,2026-01-08 21:49:04.827
1019987,RKLB,2026-01-08 21:49:04.533,Confluence,Hold,0.00|Insufficient confluence (score=2),2026-01-08 21:49:04.883
1019988,RMD,2026-01-08 21:49:04.583,SwingFilter,Hold,Weekly trend too weak (0.5%),2026-01-08 21:49:04.930
1019989,RKLB,2026-01-08 21:49:04.590,Enhanced_Consensus,Buy,"? BUY: 5 votes, Composite=55%, Confirms=2 (BB conflict) | conf=59% | quality=60%",2026-01-08 21:49:04.940
1019990,RKLB,2026-01-08 21:49:04.643,Enhanced_Entry,Buy,"entry=$83.16, qty=12, stop=$6.65, quality=60%",2026-01-08 21:49:04.990
1019991,RNG,2026-01-08 21:49:05.090,SwingFilter,Hold,Weekly trend too weak (0.1%),2026-01-08 21:49:05.440
1019992,RNA,2026-01-08 21:49:05.113,SwingFilter,Hold,Volatility too low (0.47%) - no swing opportunity,2026-01-08 21:49:05.463
1019993,RSG,2026-01-08 21:49:07.087,SwingFilter,Hold,Weekly trend too weak (0.8%),2026-01-08 21:49:07.430
1019994,RSI,2026-01-08 21:49:07.590,SwingFilter,Hold,Weekly trend too weak (1.0%),2026-01-08 21:49:07.937
1019995,ROL,2026-01-08 21:49:07.937,SwingFilter,Hold,Weekly trend too weak (1.0%),2026-01-08 21:49:08.280
1019996,RVLV,2026-01-08 05:00:00.000,RelaxedEngine,Hold,Insufficient votes,2026-01-08 21:49:09.163
1019997,RVLV,2026-01-08 21:49:08.877,TrendMTF,Hold,0.00|No clear trend setup,2026-01-08 21:49:09.217
1019998,RVLV,2026-01-08 21:49:08.927,MeanRevSR,Hold,0.00|Strong trend - avoid mean reversion,2026-01-08 21:49:09.267
1019999,RVLV,2026-01-08 21:49:08.980,BreakoutVol,Hold,0.00|No breakout pattern (ADX=42.4),2026-01-08 21:49:09.330
1020000,RVLV,2026-01-08 21:49:09.040,MomentumDiv,Hold,0.00|Indicators not ready,2026-01-08 21:49:09.387
1020001,RVLV,2026-01-08 21:49:09.090,EMA+RSI,Hold,0.00|No EMA crossover,2026-01-08 21:49:09.437
1020002,RVLV,2026-01-08 21:49:09.143,Bollinger,Sell,0.68|Bollinger mean reversion sell (RSI=67.9),2026-01-08 21:49:09.490
1020003,RVLV,2026-01-08 21:49:09.197,ATR,Hold,0.00|No ATR breakout,2026-01-08 21:49:09.547
1020004,RVLV,2026-01-08 21:49:09.250,MACD,Hold,0.00|No MACD signal,2026-01-08 21:49:09.597
1020005,RUM,2026-01-08 21:49:09.267,SwingFilter,Hold,Weekly trend too weak (1.4%),2026-01-08 21:49:09.613
1020006,RVLV,2026-01-08 21:49:09.303,ADX,Buy,0.85|ADX strong trend ? (ADX=42.4),2026-01-08 21:49:09.653
1020007,RVLV,2026-01-08 21:49:09.360,Volume,Hold,0.00|Volume too low: 0.73x,2026-01-08 21:49:09.707
1020008,RVLV,2026-01-08 21:49:09.410,Donchian,Hold,"0.00|Price within channel ($31.28, U=$31.68, L=$25.48)",2026-01-08 21:49:09.760
1020009,RVLV,2026-01-08 21:49:09.470,Ichimoku,Buy,1.00|Bullish Ichimoku (price 6.1% above cloud),2026-01-08 21:49:09.817
1020010,RVLV,2026-01-08 21:49:09.523,PriceAction,Hold,0.00|No clear price action trend,2026-01-08 21:49:09.873
1020011,RVLV,2026-01-08 21:49:09.580,Supertrend,Buy,0.64|Supertrend bullish continuation (8.63% above),2026-01-08 21:49:09.930
1020012,RVLV,2026-01-08 21:49:09.637,MeanRevMFI,Hold,0.00|No MFI mean reversion setup,2026-01-08 21:49:09.987
1020013,RVLV,2026-01-08 21:49:09.693,TripleMomentum,Hold,0.00|Insufficient momentum consensus,2026-01-08 21:49:10.037
1020014,RVLV,2026-01-08 21:49:09.743,SRBounce,Hold,0.00|Not near key S/R levels,2026-01-08 21:49:10.090
1020015,RVLV,2026-01-08 21:49:09.797,CMFMomentum,Hold,0.00|No CMF momentum signal,2026-01-08 21:49:10.147
1020016,RVLV,2026-01-08 21:49:09.853,ForceIndex,Hold,0.00|No Force Index breakout,2026-01-08 21:49:10.200
1020017,RVLV,2026-01-08 21:49:09.907,WilliamsR,Hold,0.00|No Williams %R reversal signal,2026-01-08 21:49:10.253
1020018,RVLV,2026-01-08 21:49:09.967,PSAR,Hold,0.00|SAR no flip,2026-01-08 21:49:10.313
1020019,RVLV,2026-01-08 21:49:10.027,Keltner,Hold,0.00|No Keltner breakout,2026-01-08 21:49:10.380
1020020,RVLV,2026-01-08 21:49:10.083,OBV,Sell,0.60|OBV bearish divergence detected,2026-01-08 21:49:10.437
1020021,RVLV,2026-01-08 21:49:10.140,Aroon,Hold,0.00|No Aroon trend change,2026-01-08 21:49:10.487
1020022,RVLV,2026-01-08 21:49:10.190,ROC,Hold,0.00|No ROC momentum burst,2026-01-08 21:49:10.540
1020023,RVLV,2026-01-08 21:49:10.243,TSI,Hold,0.00|No TSI crossover,2026-01-08 21:49:10.603
1020024,RVLV,2026-01-08 21:49:10.307,Vortex,Hold,0.00|No Vortex trend change,2026-01-08 21:49:10.660
1020025,RVLV,2026-01-08 21:49:10.363,Confluence,Hold,0.00|Insufficient confluence (score=1),2026-01-08 21:49:10.717
1020026,RVLV,2026-01-08 21:49:10.420,Enhanced_Consensus,Hold,Insufficient votes | conf=0% | quality=0%,2026-01-08 21:49:10.770
1020027,RYN,2026-01-08 21:49:10.853,SwingFilter,Hold,Weekly trend too weak (1.3%),2026-01-08 21:49:11.203
1020028,RZLT,2026-01-08 21:49:10.910,SwingFilter,Hold,Volatility too high (25.20%) - excessive risk,2026-01-08 21:49:11.263
1020029,RWT,2026-01-08 21:49:11.303,SwingFilter,Hold,Weekly trend too weak (0.2%),2026-01-08 21:49:11.647
1020030,SATS,2026-01-08 05:00:00.000,RelaxedEngine,Hold,Failed validation,2026-01-08 21:49:13.030
1020031,SATS,2026-01-08 21:49:12.730,TrendMTF,Hold,0.00|No clear trend setup,2026-01-08 21:49:13.087
1020032,SATS,2026-01-08 21:49:12.787,MeanRevSR,Hold,0.00|Strong trend - avoid mean reversion,2026-01-08 21:49:13.143
1020033,SATS,2026-01-08 21:49:12.843,BreakoutVol,Hold,0.00|No breakout pattern (ADX=56.6),2026-01-08 21:49:13.197
1020034,SATS,2026-01-08 21:49:12.897,MomentumDiv,Hold,0.00|Indicators not ready,2026-01-08 21:49:13.250
1020035,SATS,2026-01-08 21:49:12.953,EMA+RSI,Hold,0.00|No EMA crossover,2026-01-08 21:49:13.307
1020036,SATS,2026-01-08 21:49:13.007,Bollinger,Sell,0.67|Bollinger mean reversion sell (RSI=72.5),2026-01-08 21:49:13.360
1020037,SATS,2026-01-08 21:49:13.060,ATR,Hold,0.00|No ATR breakout,2026-01-08 21:49:13.410
1020038,SATS,2026-01-08 21:49:13.113,MACD,Hold,0.00|No MACD signal,2026-01-08 21:49:13.467
1020039,SATS,2026-01-08 21:49:13.167,ADX,Buy,0.85|ADX strong trend ? (ADX=56.6),2026-01-08 21:49:13.520
1020040,SATS,2026-01-08 21:49:13.220,Volume,Buy,0.76|Volume spike 1.6x with upward momentum,2026-01-08 21:49:13.577
1020041,SATS,2026-01-08 21:49:13.277,Donchian,Hold,"0.00|Price within channel ($116.95, U=$119.80, L=$72.54)",2026-01-08 21:49:13.627
1020042,SATS,2026-01-08 21:49:13.327,Ichimoku,Buy,1.00|Bullish Ichimoku (price 11.2% above cloud),2026-01-08 21:49:13.683
1020043,SATS,2026-01-08 21:49:13.383,PriceAction,Hold,0.00|No clear price action trend,2026-01-08 21:49:13.740
1020044,SATS,2026-01-08 21:49:13.440,Supertrend,Buy,0.63|Supertrend bullish continuation (10.99% above),2026-01-08 21:49:13.790
1020045,SATS,2026-01-08 21:49:13.497,MeanRevMFI,Hold,0.00|No MFI mean reversion setup,2026-01-08 21:49:13.847
1020046,SATS,2026-01-08 21:49:13.553,TripleMomentum,Buy,0.90|Triple momentum bullish (2/3 indicators),2026-01-08 21:49:13.903
1020047,SATS,2026-01-08 21:49:13.607,SRBounce,Hold,0.00|Not near key S/R levels,2026-01-08 21:49:13.957
1020048,SATS,2026-01-08 21:49:13.660,CMFMomentum,Hold,0.00|No CMF momentum signal,2026-01-08 21:49:14.010
1020049,S,2026-01-08 21:49:13.703,SwingFilter,Hold,No clear weekly trend direction,2026-01-08 21:49:14.057
1020050,SATS,2026-01-08 21:49:13.717,ForceIndex,Hold,0.00|No Force Index breakout,2026-01-08 21:49:14.067
1020051,SATS,2026-01-08 21:49:13.770,WilliamsR,Hold,0.00|No Williams %R reversal signal,2026-01-08 21:49:14.137
1020052,SATS,2026-01-08 21:49:13.840,PSAR,Hold,0.00|SAR no flip,2026-01-08 21:49:14.187
1020053,SATS,2026-01-08 21:49:13.893,Keltner,Buy,0.85|Keltner breakout ? (vol=1.76x),2026-01-08 21:49:14.240
1020054,SATS,2026-01-08 21:49:13.947,OBV,Hold,0.00|No OBV divergence,2026-01-08 21:49:14.297
1020055,SATS,2026-01-08 21:49:14.003,Aroon,Hold,0.00|No Aroon trend change,2026-01-08 21:49:14.353
1020056,SATS,2026-01-08 21:49:14.057,ROC,Buy,"0.90|ROC momentum burst ? (ROC=12.6%, vol=1.76x)",2026-01-08 21:49:14.407
1020057,SATS,2026-01-08 21:49:14.113,TSI,Hold,0.00|No TSI crossover,2026-01-08 21:49:14.460
1020058,SATS,2026-01-08 21:49:14.163,Vortex,Hold,0.00|No Vortex trend change,2026-01-08 21:49:14.510
1020059,SATS,2026-01-08 21:49:14.217,Confluence,Hold,0.00|Insufficient confluence (score=3),2026-01-08 21:49:14.563
1020060,SATS,2026-01-08 21:49:14.267,Enhanced_Consensus,Hold,Failed validation | conf=0% | quality=64%,2026-01-08 21:49:14.617
1020061,SEI,2026-01-08 05:00:00.000,RelaxedEngine,Hold,Insufficient votes,2026-01-08 21:49:16.030
1020062,SEI,2026-01-08 21:49:15.743,TrendMTF,Hold,0.00|No clear trend setup,2026-01-08 21:49:16.083
1020063,SEI,2026-01-08 21:49:15.797,MeanRevSR,Hold,"0.00|No mean reversion setup (RSI=50.0, regime=High Volatility)",2026-01-08 21:49:16.133
1020064,SEI,2026-01-08 21:49:15.847,BreakoutVol,Hold,0.00|No breakout pattern (ADX=19.6),2026-01-08 21:49:16.190
1020065,SEI,2026-01-08 21:49:15.903,MomentumDiv,Hold,0.00|Indicators not ready,2026-01-08 21:49:16.247
1020066,SEI,2026-01-08 21:49:15.960,EMA+RSI,Hold,0.00|No EMA crossover,2026-01-08 21:49:16.303
1020067,SEI,2026-01-08 21:49:16.017,Bollinger,Hold,0.00|Not at band extremes,2026-01-08 21:49:16.353
1020068,SEI,2026-01-08 21:49:16.067,ATR,Hold,0.00|Volatility outside swing range: 6.71%,2026-01-08 21:49:16.447
1020069,SEI,2026-01-08 21:49:16.160,MACD,Hold,0.00|No MACD signal,2026-01-08 21:49:16.500
1020070,SEI,2026-01-08 21:49:16.213,ADX,Hold,0.00|ADX too weak: 19.6 < 22,2026-01-08 21:49:16.553
1020071,SEI,2026-01-08 21:49:16.267,Volume,Hold,0.00|Volume too low: 0.76x,2026-01-08 21:49:16.607
1020072,SEI,2026-01-08 21:49:16.320,Donchian,Hold,"0.00|Price within channel ($50.55, U=$56.51, L=$40.38)",2026-01-08 21:49:16.660
1020073,SEI,2026-01-08 21:49:16.370,Ichimoku,Buy,0.81|Bullish Ichimoku (price 3.4% above cloud),2026-01-08 21:49:16.713
1020074,SEI,2026-01-08 21:49:16.427,PriceAction,Hold,0.00|No clear price action trend,2026-01-08 21:49:16.767
1020075,SEI,2026-01-08 21:49:16.480,Supertrend,Buy,0.62|Supertrend bullish continuation (12.32% above),2026-01-08 21:49:16.823
1020076,SEMR,2026-01-08 21:49:16.503,SwingFilter,Hold,Volatility too low (0.73%) - no swing opportunity,2026-01-08 21:49:16.847
1020077,SEI,2026-01-08 21:49:16.537,MeanRevMFI,Hold,0.00|No MFI mean reversion setup,2026-01-08 21:49:16.880
1020078,SEI,2026-01-08 21:49:16.590,TripleMomentum,Hold,0.00|Insufficient momentum consensus,2026-01-08 21:49:16.930
1020079,SEI,2026-01-08 21:49:16.643,SRBounce,Hold,0.00|Not near key S/R levels,2026-01-08 21:49:16.987
1020080,SEI,2026-01-08 21:49:16.700,CMFMomentum,Sell,"0.90|CMF distribution (CMF=-0.167, RSI=56)",2026-01-08 21:49:17.050
1020081,SEI,2026-01-08 21:49:16.757,ForceIndex,Hold,0.00|No Force Index breakout,2026-01-08 21:49:17.100
1020082,SEI,2026-01-08 21:49:16.810,WilliamsR,Hold,0.00|No Williams %R reversal signal,2026-01-08 21:49:17.157
1020083,SEI,2026-01-08 21:49:16.863,PSAR,Hold,0.00|SAR no flip,2026-01-08 21:49:17.210
1020084,SEI,2026-01-08 21:49:16.917,Keltner,Hold,0.00|No Keltner breakout,2026-01-08 21:49:17.260
1020085,SERV,2026-01-08 05:00:00.000,RelaxedEngine,Hold,REJECT - Primary filters not met,2026-01-08 21:49:17.277
1020086,SEI,2026-01-08 21:49:16.967,OBV,Hold,0.00|No OBV divergence,2026-01-08 21:49:17.317
1020087,SERV,2026-01-08 21:49:16.983,TrendMTF,Hold,0.00|No clear trend setup,2026-01-08 21:49:17.330
1020088,SEI,2026-01-08 21:49:17.023,Aroon,Hold,0.00|No Aroon trend change,2026-01-08 21:49:17.373
1020089,SERV,2026-01-08 21:49:17.037,MeanRevSR,Hold,"0.00|No mean reversion setup (RSI=50.0, regime=High Volatility)",2026-01-08 21:49:17.387
1020090,SEI,2026-01-08 21:49:17.080,ROC,Hold,0.00|No ROC momentum burst,2026-01-08 21:49:17.430
1020091,SERV,2026-01-08 21:49:17.093,BreakoutVol,Hold,0.00|No breakout pattern (ADX=19.0),2026-01-08 21:49:17.440
1020092,SEI,2026-01-08 21:49:17.137,TSI,Hold,0.00|No TSI crossover,2026-01-08 21:49:17.487
1020093,SERV,2026-01-08 21:49:17.147,MomentumDiv,Hold,0.00|Indicators not ready,2026-01-08 21:49:17.497
1020094,SEI,2026-01-08 21:49:17.193,Vortex,Hold,0.00|No Vortex trend change,2026-01-08 21:49:17.573
1020095,SERV,2026-01-08 21:49:17.220,EMA+RSI,Buy,"0.60|EMA(20/50) crossover ? ",2026-01-08 21:49:17.573
1020096,SERV,2026-01-08 21:49:17.280,Bollinger,Hold,0.00|Strong uptrend - avoid shorting momentum,2026-01-08 21:49:17.630
1020097,SEI,2026-01-08 21:49:17.280,Confluence,Hold,0.00|Insufficient confluence (score=1),2026-01-08 21:49:17.630
1020098,SERV,2026-01-08 21:49:17.340,ATR,Hold,0.00|Volatility outside swing range: 6.61%,2026-01-08 21:49:17.690
1020099,SEI,2026-01-08 21:49:17.337,Enhanced_Consensus,Hold,Insufficient votes | conf=0% | quality=0%,2026-01-08 21:49:17.690
1020100,SERV,2026-01-08 21:49:17.397,MACD,Hold,0.00|No MACD signal,2026-01-08 21:49:17.747
1020101,SFD,2026-01-08 21:49:17.430,SwingFilter,Hold,Weekly trend too weak (1.1%),2026-01-08 21:49:17.777
1020102,SERV,2026-01-08 21:49:17.450,ADX,Hold,0.00|ADX too weak: 19.0 < 22,2026-01-08 21:49:17.797
1020103,SERV,2026-01-08 21:49:17.537,Volume,Buy,0.85|Volume spike 3.3x with upward momentum,2026-01-08 21:49:17.887
1020104,SERV,2026-01-08 21:49:17.593,Donchian,Hold,"0.00|Price within channel ($15.41, U=$16.08, L=$9.53)",2026-01-08 21:49:17.940
1020105,SERV,2026-01-08 21:49:17.647,Ichimoku,Hold,0.00|TK lines too close: 0.94%,2026-01-08 21:49:17.997
1020106,SERV,2026-01-08 21:49:17.703,PriceAction,Hold,0.00|No clear price action trend,2026-01-08 21:49:18.050
1020107,SFIX,2026-01-08 21:49:17.740,SwingFilter,Hold,No clear weekly trend direction,2026-01-08 21:49:18.090
1020108,SERV,2026-01-08 21:49:17.757,Supertrend,Buy,0.56|Supertrend bullish continuation (19.38% above),2026-01-08 21:49:18.103
1020109,SERV,2026-01-08 21:49:17.807,MeanRevMFI,Hold,0.00|No MFI mean reversion setup,2026-01-08 21:49:18.170
1020110,SERV,2026-01-08 21:49:17.877,TripleMomentum,Buy,1.00|Triple momentum bullish (3/3 indicators),2026-01-08 21:49:18.223
1020111,SERV,2026-01-08 21:49:17.927,SRBounce,Hold,0.00|Not near key S/R levels,2026-01-08 21:49:18.273
1020112,SERV,2026-01-08 21:49:17.980,CMFMomentum,Hold,0.00|No CMF momentum signal,2026-01-08 21:49:18.330
1020113,SERV,2026-01-08 21:49:18.037,ForceIndex,Hold,0.00|No Force Index breakout,2026-01-08 21:49:18.387
1020114,SERV,2026-01-08 21:49:18.093,WilliamsR,Hold,0.00|No Williams %R reversal signal,2026-01-08 21:49:18.443
1020115,SERV,2026-01-08 21:49:18.147,PSAR,Hold,0.00|SAR no flip,2026-01-08 21:49:18.500
1020116,SERV,2026-01-08 21:49:18.203,Keltner,Hold,0.00|No Keltner breakout,2026-01-08 21:49:18.553
1020117,SERV,2026-01-08 21:49:18.263,OBV,Hold,0.00|No OBV divergence,2026-01-08 21:49:18.610
1020118,SERV,2026-01-08 21:49:18.317,Aroon,Buy,"0.70|Aroon uptrend emerging (Up=100, Down=44)",2026-01-08 21:49:18.667
1020119,SERV,2026-01-08 21:49:18.373,ROC,Buy,"0.72|ROC momentum burst ? (ROC=50.2%, vol=3.53x)",2026-01-08 21:49:18.723
1020120,SERV,2026-01-08 21:49:18.430,TSI,Hold,0.00|No TSI crossover,2026-01-08 21:49:18.807
1020121,SCS,2026-01-08 21:49:18.473,SwingFilter,Hold,Weekly trend too weak (0.1%),2026-01-08 21:49:18.823
1020122,SERV,2026-01-08 21:49:18.513,Vortex,Hold,0.00|No Vortex trend change,2026-01-08 21:49:18.863
1020123,SERV,2026-01-08 21:49:18.567,Confluence,Hold,0.00|Insufficient confluence (score=3),2026-01-08 21:49:18.913
1020124,SERV,2026-01-08 21:49:18.620,Enhanced_Consensus,Hold,REJECT - Primary filters not met | conf=0% | quality=77%,2026-01-08 21:49:18.970
1020125,SHC,2026-01-08 05:00:00.000,RelaxedEngine,Hold,Failed validation,2026-01-08 21:49:19.650
1020126,SHC,2026-01-08 21:49:19.353,TrendMTF,Hold,0.00|No clear trend setup,2026-01-08 21:49:19.707
1020127,SHC,2026-01-08 21:49:19.407,MeanRevSR,Hold,"0.00|No mean reversion setup (RSI=50.0, regime=Weak Trend)",2026-01-08 21:49:19.760
1020128,SHC,2026-01-08 21:49:19.460,BreakoutVol,Hold,0.00|No breakout pattern (ADX=27.7),2026-01-08 21:49:19.813
1020129,SHC,2026-01-08 21:49:19.517,MomentumDiv,Hold,0.00|Indicators not ready,2026-01-08 21:49:19.870
1020130,SHC,2026-01-08 21:49:19.573,EMA+RSI,Hold,0.00|No EMA crossover,2026-01-08 21:49:19.927
1020131,SHC,2026-01-08 21:49:19.627,Bollinger,Sell,0.70|Bollinger mean reversion sell (RSI=79.6),2026-01-08 21:49:19.983
1020132,SHLS,2026-01-08 21:49:19.667,SwingFilter,Hold,Weekly trend too weak (1.3%),2026-01-08 21:49:20.020
1020133,SHC,2026-01-08 21:49:19.683,ATR,Hold,0.00|No ATR breakout,2026-01-08 21:49:20.033
1020134,SHC,2026-01-08 21:49:19.737,MACD,Buy,0.65|MACD momentum building (hist=0.1315),2026-01-08 21:49:20.087
1020135,SHC,2026-01-08 21:49:19.787,ADX,Buy,0.76|ADX strong trend ? (ADX=27.7),2026-01-08 21:49:20.140
1020136,SHC,2026-01-08 21:49:19.840,Volume,Hold,0.00|Volume too low: 0.63x,2026-01-08 21:49:20.193
1020137,SHC,2026-01-08 21:49:19.897,Donchian,Hold,"0.00|Price within channel ($18.81, U=$18.98, L=$16.25)",2026-01-08 21:49:20.250
1020138,SHC,2026-01-08 21:49:19.950,Ichimoku,Buy,1.00|Bullish Ichimoku (price 4.7% above cloud),2026-01-08 21:49:20.303
1020139,SHC,2026-01-08 21:49:20.003,PriceAction,Hold,0.00|No clear price action trend,2026-01-08 21:49:20.360
1020140,SHC,2026-01-08 21:49:20.060,Supertrend,Buy,0.65|Supertrend bullish continuation (5.50% above),2026-01-08 21:49:20.413
1020141,SHC,2026-01-08 21:49:20.117,MeanRevMFI,Sell,"0.68|MFI overbought reversal (MFI=88.5, band=98%)",2026-01-08 21:49:20.470
1020142,SHC,2026-01-08 21:49:20.173,TripleMomentum,Hold,0.00|Insufficient momentum consensus,2026-01-08 21:49:20.527
1020143,SHC,2026-01-08 21:49:20.227,SRBounce,Hold,0.00|Not near key S/R levels,2026-01-08 21:49:20.580
1020144,SHC,2026-01-08 21:49:20.280,CMFMomentum,Hold,0.00|No CMF momentum signal,2026-01-08 21:49:20.630
1020145,SHC,2026-01-08 21:49:20.330,ForceIndex,Hold,0.00|No Force Index breakout,2026-01-08 21:49:20.683
1020146,SHC,2026-01-08 21:49:20.383,WilliamsR,Hold,0.00|No Williams %R reversal signal,2026-01-08 21:49:20.740
1020147,SHC,2026-01-08 21:49:20.440,PSAR,Hold,0.00|SAR no flip,2026-01-08 21:49:20.797
1020148,SHC,2026-01-08 21:49:20.497,Keltner,Hold,0.00|No Keltner breakout,2026-01-08 21:49:20.850
1020149,SHO,2026-01-08 21:49:20.503,SwingFilter,Hold,Weekly trend too weak (1.2%),2026-01-08 21:49:20.857
1020150,SHC,2026-01-08 21:49:20.553,OBV,Hold,0.00|No OBV divergence,2026-01-08 21:49:20.907
1020151,SHC,2026-01-08 21:49:20.610,Aroon,Hold,0.00|No Aroon trend change,2026-01-08 21:49:20.963
1020152,SHC,2026-01-08 21:49:20.663,ROC,Hold,0.00|No ROC momentum burst,2026-01-08 21:49:21.020
1020153,SHC,2026-01-08 21:49:20.720,TSI,Hold,0.00|No TSI crossover,2026-01-08 21:49:21.077
1020154,SHC,2026-01-08 21:49:20.777,Vortex,Hold,0.00|No Vortex trend change,2026-01-08 21:49:21.130
1020155,SHC,2026-01-08 21:49:20.833,Confluence,Hold,0.00|Insufficient confluence (score=3),2026-01-08 21:49:21.187
1020156,SHC,2026-01-08 21:49:20.890,Enhanced_Consensus,Hold,Failed validation | conf=0% | quality=64%,2026-01-08 21:49:21.243
1020157,SIRI,2026-01-08 21:49:21.933,SwingFilter,Hold,Weekly trend too weak (1.0%),2026-01-08 21:49:22.283
1020158,SLB,2026-01-08 05:00:00.000,RelaxedEngine,Hold,Failed validation,2026-01-08 21:49:22.617
1020159,SLB,2026-01-08 21:49:22.320,TrendMTF,Hold,0.00|No clear trend setup,2026-01-08 21:49:22.670
1020160,SLB,2026-01-08 21:49:22.377,MeanRevSR,Hold,"0.00|No mean reversion setup (RSI=50.0, regime=Weak Trend)",2026-01-08 21:49:22.723
1020161,SLB,2026-01-08 21:49:22.427,BreakoutVol,Hold,0.00|No breakout pattern (ADX=27.2),2026-01-08 21:49:22.780
1020162,SLB,2026-01-08 21:49:22.483,MomentumDiv,Hold,0.00|Indicators not ready,2026-01-08 21:49:22.833
1020163,SLB,2026-01-08 21:49:22.537,EMA+RSI,Hold,0.00|No EMA crossover,2026-01-08 21:49:22.887
1020164,SLB,2026-01-08 21:49:22.590,Bollinger,Sell,0.72|Bollinger mean reversion sell (RSI=72.5),2026-01-08 21:49:22.943
1020165,SLB,2026-01-08 21:49:22.650,ATR,Hold,0.00|No ATR breakout,2026-01-08 21:49:23.000
1020166,SLB,2026-01-08 21:49:22.703,MACD,Hold,0.00|No MACD signal,2026-01-08 21:49:23.053
1020167,SLB,2026-01-08 21:49:22.760,ADX,Buy,0.75|ADX strong trend ? (ADX=27.2),2026-01-08 21:49:23.110
1020168,SLB,2026-01-08 21:49:22.817,Volume,Hold,0.00|Volume too low: 1.27x,2026-01-08 21:49:23.167
1020169,SLB,2026-01-08 21:49:22.870,Donchian,Hold,"0.00|Price within channel ($44.43, U=$45.16, L=$36.23)",2026-01-08 21:49:23.223
1020170,SLB,2026-01-08 21:49:22.927,Ichimoku,Buy,1.00|Bullish Ichimoku (price 8.1% above cloud),2026-01-08 21:49:23.280
1020171,SLB,2026-01-08 21:49:22.983,PriceAction,Hold,0.00|No clear price action trend,2026-01-08 21:49:23.333
1020172,SLB,2026-01-08 21:49:23.040,Supertrend,Buy,0.65|Supertrend bullish continuation (8.09% above),2026-01-08 21:49:23.390
1020173,SLB,2026-01-08 21:49:23.093,MeanRevMFI,Hold,0.00|No MFI mean reversion setup,2026-01-08 21:49:23.447
1020174,SLB,2026-01-08 21:49:23.150,TripleMomentum,Buy,1.00|Triple momentum bullish (3/3 indicators),2026-01-08 21:49:23.507
1020175,SLB,2026-01-08 21:49:23.210,SRBounce,Hold,0.00|Not near key S/R levels,2026-01-08 21:49:23.563
1020176,SLB,2026-01-08 21:49:23.267,CMFMomentum,Hold,0.00|No CMF momentum signal,2026-01-08 21:49:23.620
1020177,SLB,2026-01-08 21:49:23.323,ForceIndex,Hold,0.00|No Force Index breakout,2026-01-08 21:49:23.673
1020178,SLB,2026-01-08 21:49:23.380,WilliamsR,Hold,0.00|No Williams %R reversal signal,2026-01-08 21:49:23.730
1020179,SLB,2026-01-08 21:49:23.433,PSAR,Hold,0.00|SAR no flip,2026-01-08 21:49:23.787
1020180,SLB,2026-01-08 21:49:23.490,Keltner,Hold,0.00|No Keltner breakout,2026-01-08 21:49:23.840
1020181,SLB,2026-01-08 21:49:23.540,OBV,Hold,0.00|No OBV divergence,2026-01-08 21:49:23.890
1020182,SLB,2026-01-08 21:49:23.593,Aroon,Hold,0.00|No Aroon trend change,2026-01-08 21:49:23.947
1020183,SLB,2026-01-08 21:49:23.650,ROC,Buy,"0.69|ROC momentum burst ? (ROC=16.7%, vol=1.28x)",2026-01-08 21:49:24.000
1020184,SLB,2026-01-08 21:49:23.703,TSI,Hold,0.00|No TSI crossover,2026-01-08 21:49:24.053
1020185,SLB,2026-01-08 21:49:23.757,Vortex,Hold,0.00|No Vortex trend change,2026-01-08 21:49:24.123
1020186,SLB,2026-01-08 21:49:23.827,Confluence,Buy,"0.65|Bullish confluence (4/5): MACD bullish, Volume spike, Price momentum, ADX uptrend",2026-01-08 21:49:24.180
1020187,SLB,2026-01-08 21:49:23.883,Enhanced_Consensus,Hold,Failed validation | conf=0% | quality=69%,2026-01-08 21:49:24.233
1020188,SKYT,2026-01-08 05:00:00.000,RelaxedEngine,Hold,Failed validation,2026-01-08 21:49:25.340
1020189,SKYT,2026-01-08 21:49:25.040,TrendMTF,Hold,0.00|No clear trend setup,2026-01-08 21:49:25.397
1020190,SKYT,2026-01-08 21:49:25.093,MeanRevSR,Hold,"0.00|No mean reversion setup (RSI=50.0, regime=Weak Trend)",2026-01-08 21:49:25.450
1020191,SKYT,2026-01-08 21:49:25.150,BreakoutVol,Hold,0.00|No breakout pattern (ADX=29.3),2026-01-08 21:49:25.507
1020192,SKYT,2026-01-08 21:49:25.207,MomentumDiv,Hold,0.00|Indicators not ready,2026-01-08 21:49:25.560
1020193,SKYT,2026-01-08 21:49:25.273,EMA+RSI,Hold,0.00|No EMA crossover,2026-01-08 21:49:25.627
1020194,SKYT,2026-01-08 21:49:25.350,Bollinger,Hold,0.00|Strong uptrend - avoid shorting momentum,2026-01-08 21:49:25.703
1020195,SKYT,2026-01-08 21:49:25.423,ATR,Hold,0.00|Volatility outside swing range: 7.30%,2026-01-08 21:49:25.773
1020196,SKYT,2026-01-08 21:49:25.480,MACD,Hold,0.00|No MACD signal,2026-01-08 21:49:25.830
1020197,SKYT,2026-01-08 21:49:25.533,ADX,Buy,0.81|ADX strong trend ? (ADX=29.3),2026-01-08 21:49:25.887
1020198,SKYT,2026-01-08 21:49:25.590,Volume,Hold,0.00|Inconsistent price action,2026-01-08 21:49:25.943
1020199,SKYT,2026-01-08 21:49:25.647,Donchian,Hold,"0.00|Price within channel ($27.31, U=$29.88, L=$14.81)",2026-01-08 21:49:25.993
1020200,SKYT,2026-01-08 21:49:25.697,Ichimoku,Buy,1.00|Bullish Ichimoku (price 15.9% above cloud),2026-01-08 21:49:26.047
1020201,SKYT,2026-01-08 21:49:25.750,PriceAction,Buy,0.80|Strong uptrend: Higher highs & higher lows confirmed,2026-01-08 21:49:26.100
1020202,SKYT,2026-01-08 21:49:25.803,Supertrend,Buy,0.58|Supertrend bullish continuation (16.40% above),2026-01-08 21:49:26.153
1020203,SKYT,2026-01-08 21:49:25.860,MeanRevMFI,Hold,0.00|No MFI mean reversion setup,2026-01-08 21:49:26.210
1020204,SKYT,2026-01-08 21:49:25.913,TripleMomentum,Hold,0.00|Insufficient momentum consensus,2026-01-08 21:49:26.267
1020205,SKYT,2026-01-08 21:49:25.970,SRBounce,Hold,0.00|Not near key S/R levels,2026-01-08 21:49:26.320
1020206,SMTC,2026-01-08 21:49:25.967,SwingFilter,Hold,Weekly trend too weak (0.9%),2026-01-08 21:49:26.320
1020207,SKYT,2026-01-08 21:49:26.023,CMFMomentum,Hold,0.00|No CMF momentum signal,2026-01-08 21:49:26.373
1020208,SKYT,2026-01-08 21:49:26.080,ForceIndex,Hold,0.00|No Force Index breakout,2026-01-08 21:49:26.430
1020209,SKYT,2026-01-08 21:49:26.137,WilliamsR,Hold,0.00|No Williams %R reversal signal,2026-01-08 21:49:26.487
1020210,SKYT,2026-01-08 21:49:26.190,PSAR,Hold,0.00|SAR no flip,2026-01-08 21:49:26.670
1020211,SKYT,2026-01-08 21:49:26.370,Keltner,Hold,0.00|No Keltner breakout,2026-01-08 21:49:26.723
1020212,SKYT,2026-01-08 21:49:26.427,OBV,Hold,0.00|No OBV divergence,2026-01-08 21:49:26.777
1020213,SLM,2026-01-08 21:49:26.453,SwingFilter,Hold,Weekly trend too weak (0.7%),2026-01-08 21:49:26.803
1020214,SKYT,2026-01-08 21:49:26.480,Aroon,Hold,0.00|No Aroon trend change,2026-01-08 21:49:26.833
1020215,SNAP,2026-01-08 05:00:00.000,RelaxedEngine,Hold,Insufficient votes,2026-01-08 21:49:26.833
1020216,SKYT,2026-01-08 21:49:26.533,ROC,Hold,0.00|No ROC momentum burst,2026-01-08 21:49:26.890
1020217,SNAP,2026-01-08 21:49:26.537,TrendMTF,Hold,0.00|No clear trend setup,2026-01-08 21:49:26.890
1020218,SKYT,2026-01-08 21:49:26.590,TSI,Hold,0.00|No TSI crossover,2026-01-08 21:49:26.943
1020219,SNAP,2026-01-08 21:49:26.590,MeanRevSR,Hold,"0.00|No mean reversion setup (RSI=50.0, regime=High Volatility)",2026-01-08 21:49:26.947
1020220,SKYT,2026-01-08 21:49:26.647,Vortex,Hold,0.00|No Vortex trend change,2026-01-08 21:49:26.997
1020221,SNAP,2026-01-08 21:49:26.647,BreakoutVol,Hold,0.00|No breakout pattern (ADX=18.9),2026-01-08 21:49:27.000
1020222,SKYT,2026-01-08 21:49:26.697,Confluence,Hold,0.00|Insufficient confluence (score=3),2026-01-08 21:49:27.050
1020223,SNAP,2026-01-08 21:49:26.703,MomentumDiv,Hold,0.00|Indicators not ready,2026-01-08 21:49:27.057
1020224,SKYT,2026-01-08 21:49:26.750,Enhanced_Consensus,Hold,Failed validation | conf=0% | quality=74%,2026-01-08 21:49:27.103
1020225,SNAP,2026-01-08 21:49:26.760,EMA+RSI,Buy,"0.60|EMA(20/50) crossover ? ",2026-01-08 21:49:27.113
1020226,SNAP,2026-01-08 21:49:26.817,Bollinger,Sell,0.68|Bollinger mean reversion sell (RSI=59.8),2026-01-08 21:49:27.170
1020227,SNAP,2026-01-08 21:49:26.870,ATR,Hold,0.00|No ATR breakout,2026-01-08 21:49:27.227
1020228,SNAP,2026-01-08 21:49:26.927,MACD,Hold,0.00|No MACD signal,2026-01-08 21:49:27.280
1020229,SNAP,2026-01-08 21:49:26.983,ADX,Hold,0.00|ADX too weak: 18.9 < 22,2026-01-08 21:49:27.337
1020230,SNAP,2026-01-08 21:49:27.040,Volume,Hold,0.00|Inconsistent price action,2026-01-08 21:49:27.393
1020231,SNAP,2026-01-08 21:49:27.097,Donchian,Hold,"0.00|Price within channel ($8.40, U=$9.07, L=$7.12)",2026-01-08 21:49:27.450
1020232,SNAP,2026-01-08 21:49:27.153,Ichimoku,Buy,0.67|Bullish Ichimoku (price 1.8% above cloud),2026-01-08 21:49:27.507
1020233,SNAP,2026-01-08 21:49:27.207,PriceAction,Hold,0.00|No clear price action trend,2026-01-08 21:49:27.560
1020234,SNAP,2026-01-08 21:49:27.263,Supertrend,Buy,0.65|Supertrend bullish continuation (4.07% above),2026-01-08 21:49:27.617
1020235,SMR,2026-01-08 21:49:27.280,SwingFilter,Hold,No clear weekly trend direction,2026-01-08 21:49:27.633
1020236,SNAP,2026-01-08 21:49:27.320,MeanRevMFI,Sell,"0.64|MFI overbought reversal (MFI=70.7, band=81%)",2026-01-08 21:49:27.673
1020237,SNAP,2026-01-08 21:49:27.377,TripleMomentum,Hold,0.00|Insufficient momentum consensus,2026-01-08 21:49:27.730
1020238,SNAP,2026-01-08 21:49:27.430,SRBounce,Hold,0.00|Not near key S/R levels,2026-01-08 21:49:27.783
1020239,SNAP,2026-01-08 21:49:27.487,CMFMomentum,Hold,0.00|No CMF momentum signal,2026-01-08 21:49:27.840
1020240,SNAP,2026-01-08 21:49:27.543,ForceIndex,Hold,0.00|No Force Index breakout,2026-01-08 21:49:27.933
1020241,SNAP,2026-01-08 21:49:27.640,WilliamsR,Hold,0.00|No Williams %R reversal signal,2026-01-08 21:49:27.993
1020242,SNAP,2026-01-08 21:49:27.697,PSAR,Hold,0.00|SAR no flip,2026-01-08 21:49:28.050
1020243,SNAP,2026-01-08 21:49:27.750,Keltner,Hold,0.00|No Keltner breakout,2026-01-08 21:49:28.103
1020244,SNAP,2026-01-08 21:49:27.807,OBV,Hold,0.00|No OBV divergence,2026-01-08 21:49:28.160
1020245,SNAP,2026-01-08 21:49:27.863,Aroon,Hold,0.00|No Aroon trend change,2026-01-08 21:49:28.217
1020246,SNAP,2026-01-08 21:49:27.920,ROC,Hold,0.00|No ROC momentum burst,2026-01-08 21:49:28.273
1020247,SNAP,2026-01-08 21:49:27.977,TSI,Hold,0.00|No TSI crossover,2026-01-08 21:49:28.330
1020248,SNAP,2026-01-08 21:49:28.030,Vortex,Hold,0.00|No Vortex trend change,2026-01-08 21:49:28.383
1020249,SNV,2026-01-08 21:49:28.050,SwingFilter,Hold,Weekly trend too weak (0.2%),2026-01-08 21:49:28.403
1020250,SNAP,2026-01-08 21:49:28.090,Confluence,Hold,0.00|Insufficient confluence (score=2),2026-01-08 21:49:28.440
1020251,SNAP,2026-01-08 21:49:28.143,Enhanced_Consensus,Hold,Insufficient votes | conf=0% | quality=0%,2026-01-08 21:49:28.497
1020252,SO,2026-01-08 21:49:28.553,SwingFilter,Hold,Weekly trend too weak (1.0%),2026-01-08 21:49:28.907
1020253,SOC,2026-01-08 21:49:28.603,SwingFilter,Hold,Volatility too high (14.77%) - excessive risk,2026-01-08 21:49:28.953
1020254,SNPS,2026-01-08 05:00:00.000,RealisticConservative,Buy,"? BUY: 7 votes, Composite=66%, Confirms=3 (BB conflict)",2026-01-08 21:49:29.370
1020255,SNPS,2026-01-08 21:49:29.073,TrendMTF,Hold,0.00|No clear trend setup,2026-01-08 21:49:29.427
1020256,SNPS,2026-01-08 21:49:29.130,MeanRevSR,Hold,"0.00|No mean reversion setup (RSI=50.0, regime=Weak Trend)",2026-01-08 21:49:29.483
1020257,SNPS,2026-01-08 21:49:29.187,BreakoutVol,Hold,0.00|No breakout pattern (ADX=45.2),2026-01-08 21:49:29.540
1020258,SNPS,2026-01-08 21:49:29.243,MomentumDiv,Hold,0.00|Indicators not ready,2026-01-08 21:49:29.610
1020259,SNPS,2026-01-08 21:49:29.313,EMA+RSI,Hold,0.00|No EMA crossover,2026-01-08 21:49:29.700
1020260,SNPS,2026-01-08 21:49:29.407,Bollinger,Sell,0.71|Bollinger mean reversion sell (RSI=70.6),2026-01-08 21:49:29.760
1020261,SOFI,2026-01-08 21:49:29.413,SwingFilter,Hold,Weekly trend too weak (1.0%),2026-01-08 21:49:29.763
1020262,SNPS,2026-01-08 21:49:29.463,ATR,Hold,0.00|No ATR breakout,2026-01-08 21:49:29.813
1020263,SNPS,2026-01-08 21:49:29.517,MACD,Buy,0.65|MACD momentum building (hist=3.6177),2026-01-08 21:49:29.870
1020264,SNPS,2026-01-08 21:49:29.573,ADX,Buy,0.85|ADX strong trend ? (ADX=45.2),2026-01-08 21:49:29.930
1020265,SNPS,2026-01-08 21:49:29.630,Volume,Hold,0.00|Volume too low: 0.61x,2026-01-08 21:49:29.983
1020266,SNPS,2026-01-08 21:49:29.687,Donchian,Hold,"0.00|Price within channel ($514.49, U=$524.98, L=$443.36)",2026-01-08 21:49:30.040
1020267,SNPS,2026-01-08 21:49:29.740,Ichimoku,Buy,1.00|Bullish Ichimoku (price 4.8% above cloud),2026-01-08 21:49:30.093
1020268,SNPS,2026-01-08 21:49:29.793,PriceAction,Hold,0.00|No clear price action trend,2026-01-08 21:49:30.173
1020269,SNPS,2026-01-08 21:49:29.877,Supertrend,Buy,0.65|Supertrend bullish continuation (7.16% above),2026-01-08 21:49:30.230
1020270,SNPS,2026-01-08 21:49:29.933,MeanRevMFI,Hold,0.00|No MFI mean reversion setup,2026-01-08 21:49:30.283
1020271,SNPS,2026-01-08 21:49:29.987,TripleMomentum,Hold,0.00|Insufficient momentum consensus,2026-01-08 21:49:30.340
1020272,SNPS,2026-01-08 21:49:30.043,SRBounce,Hold,0.00|Not near key S/R levels,2026-01-08 21:49:30.397
1020273,SNPS,2026-01-08 21:49:30.097,CMFMomentum,Buy,"0.68|CMF accumulation (CMF=0.072, RSI=71)",2026-01-08 21:49:30.453
1020274,SNPS,2026-01-08 21:49:30.153,ForceIndex,Hold,0.00|No Force Index breakout,2026-01-08 21:49:30.503
1020275,SNPS,2026-01-08 21:49:30.207,WilliamsR,Hold,0.00|No Williams %R reversal signal,2026-01-08 21:49:30.557
1020276,SON,2026-01-08 05:00:00.000,RelaxedEngine,Hold,REJECT - Insufficient confirmations,2026-01-08 21:49:30.560
1020277,SNPS,2026-01-08 21:49:30.260,PSAR,Hold,0.00|SAR no flip,2026-01-08 21:49:30.613
1020278,SON,2026-01-08 21:49:30.263,TrendMTF,Hold,0.00|No clear trend setup,2026-01-08 21:49:30.617
1020279,SNPS,2026-01-08 21:49:30.313,Keltner,Hold,0.00|No Keltner breakout,2026-01-08 21:49:30.663
1020280,SON,2026-01-08 21:49:30.320,MeanRevSR,Hold,"0.00|No mean reversion setup (RSI=50.0, regime=Weak Trend)",2026-01-08 21:49:30.673
1020281,SNPS,2026-01-08 21:49:30.367,OBV,Hold,0.00|No OBV divergence,2026-01-08 21:49:30.717
1020282,SON,2026-01-08 21:49:30.377,BreakoutVol,Hold,0.00|No breakout pattern (ADX=35.8),2026-01-08 21:49:30.730
1020283,SNPS,2026-01-08 21:49:30.420,Aroon,Hold,0.00|No Aroon trend change,2026-01-08 21:49:30.797
1020284,SON,2026-01-08 21:49:30.430,MomentumDiv,Hold,0.00|Indicators not ready,2026-01-08 21:49:30.797
1020285,SNPS,2026-01-08 21:49:30.500,ROC,Hold,0.00|No ROC momentum burst,2026-01-08 21:49:30.853
1020286,SON,2026-01-08 21:49:30.500,EMA+RSI,Hold,0.00|No EMA crossover,2026-01-08 21:49:30.853
1020287,SNPS,2026-01-08 21:49:30.557,TSI,Hold,0.00|No TSI crossover,2026-01-08 21:49:30.910
1020288,SON,2026-01-08 21:49:30.560,Bollinger,Sell,0.71|Bollinger mean reversion sell (RSI=75.4),2026-01-08 21:49:30.910
1020289,SNPS,2026-01-08 21:49:30.610,Vortex,Hold,0.00|No Vortex trend change,2026-01-08 21:49:30.963
1020290,SON,2026-01-08 21:49:30.617,ATR,Hold,0.00|No ATR breakout,2026-01-08 21:49:30.970
1020291,SNPS,2026-01-08 21:49:30.667,Confluence,Hold,0.00|Insufficient confluence (score=3),2026-01-08 21:49:31.020
1020292,SON,2026-01-08 21:49:30.670,MACD,Hold,0.00|No MACD signal,2026-01-08 21:49:31.023
1020293,SNPS,2026-01-08 21:49:30.720,Enhanced_Consensus,Buy,"? BUY: 7 votes, Composite=66%, Confirms=3 (BB conflict) | conf=69% | quality=60%",2026-01-08 21:49:31.070
1020294,SON,2026-01-08 21:49:30.727,ADX,Buy,0.85|ADX strong trend ? (ADX=35.8),2026-01-08 21:49:31.080
1020295,SNPS,2026-01-08 21:49:30.773,Enhanced_Entry,Buy,"entry=$515.00, qty=2, stop=$41.16, quality=60%",2026-01-08 21:49:31.127
1020296,SON,2026-01-08 21:49:30.783,Volume,Hold,0.00|Volume too low: 1.06x,2026-01-08 21:49:31.137
1020297,SON,2026-01-08 21:49:30.840,Donchian,Hold,"0.00|Price within channel ($46.83, U=$47.20, L=$40.39)",2026-01-08 21:49:31.193
1020298,SON,2026-01-08 21:49:30.897,Ichimoku,Buy,1.00|Bullish Ichimoku (price 5.0% above cloud),2026-01-08 21:49:31.250
1020299,SON,2026-01-08 21:49:30.950,PriceAction,Hold,0.00|No clear price action trend,2026-01-08 21:49:31.303
1020300,SPG,2026-01-08 21:49:31.003,SwingFilter,Hold,Weekly trend too weak (0.7%),2026-01-08 21:49:31.357
1020301,SON,2026-01-08 21:49:31.007,Supertrend,Buy,0.65|Supertrend bullish continuation (6.60% above),2026-01-08 21:49:31.360
1020302,SON,2026-01-08 21:49:31.063,MeanRevMFI,Hold,0.00|No MFI mean reversion setup,2026-01-08 21:49:31.417
1020303,SON,2026-01-08 21:49:31.120,TripleMomentum,Buy,1.00|Triple momentum bullish (3/3 indicators),2026-01-08 21:49:31.473
1020304,SON,2026-01-08 21:49:31.177,SRBounce,Hold,0.00|Not near key S/R levels,2026-01-08 21:49:31.530
1020305,SON,2026-01-08 21:49:31.230,CMFMomentum,Buy,"0.75|CMF accumulation (CMF=0.167, RSI=75)",2026-01-08 21:49:31.583
1020306,SON,2026-01-08 21:49:31.287,ForceIndex,Hold,0.00|No Force Index breakout,2026-01-08 21:49:31.640
1020307,SON,2026-01-08 21:49:31.343,WilliamsR,Hold,0.00|No Williams %R reversal signal,2026-01-08 21:49:31.697
1020308,SON,2026-01-08 21:49:31.400,PSAR,Hold,0.00|SAR no flip,2026-01-08 21:49:31.753
1020309,SON,2026-01-08 21:49:31.457,Keltner,Hold,0.00|No Keltner breakout,2026-01-08 21:49:31.807
1020310,SON,2026-01-08 21:49:31.510,OBV,Hold,0.00|No OBV divergence,2026-01-08 21:49:31.863
1020311,SON,2026-01-08 21:49:31.567,Aroon,Hold,0.00|No Aroon trend change,2026-01-08 21:49:31.913
1020312,SON,2026-01-08 21:49:31.623,ROC,Buy,"0.70|ROC momentum burst ? (ROC=8.1%, vol=1.03x)",2026-01-08 21:49:31.973
1020313,SON,2026-01-08 21:49:31.683,TSI,Hold,0.00|No TSI crossover,2026-01-08 21:49:32.030
1020314,SON,2026-01-08 21:49:31.740,Vortex,Hold,0.00|No Vortex trend change,2026-01-08 21:49:32.087
1020315,SON,2026-01-08 21:49:31.797,Confluence,Hold,0.00|Insufficient confluence (score=3),2026-01-08 21:49:32.143
1020316,SON,2026-01-08 21:49:31.853,Enhanced_Consensus,Hold,REJECT - Insufficient confirmations | conf=0% | quality=61%,2026-01-08 21:49:32.200
1020317,SOLV,2026-01-08 05:00:00.000,RelaxedEngine,Hold,REJECT - Primary filters not met,2026-01-08 21:49:32.250
1020318,SOLV,2026-01-08 21:49:31.960,TrendMTF,Hold,0.00|No clear trend setup,2026-01-08 21:49:32.303
1020319,SOLV,2026-01-08 21:49:32.013,MeanRevSR,Hold,"0.00|No mean reversion setup (RSI=50.0, regime=Quiet Market)",2026-01-08 21:49:32.357
1020320,SOLV,2026-01-08 21:49:32.067,BreakoutVol,Hold,0.00|No breakout pattern (ADX=18.5),2026-01-08 21:49:32.413
1020321,SOLV,2026-01-08 21:49:32.123,MomentumDiv,Hold,0.00|Indicators not ready,2026-01-08 21:49:32.470
1020322,SOLV,2026-01-08 21:49:32.180,EMA+RSI,Hold,0.00|No EMA crossover,2026-01-08 21:49:32.527
1020323,SOLV,2026-01-08 21:49:32.237,Bollinger,Sell,0.70|Bollinger mean reversion sell (RSI=68.5),2026-01-08 21:49:32.580
1020324,SOLV,2026-01-08 21:49:32.290,ATR,Hold,0.00|No ATR breakout,2026-01-08 21:49:32.633
1020325,SOLV,2026-01-08 21:49:32.343,MACD,Buy,0.65|MACD momentum building (hist=0.3066),2026-01-08 21:49:32.690
1020326,SOLV,2026-01-08 21:49:32.400,ADX,Hold,0.00|ADX too weak: 18.5 < 22,2026-01-08 21:49:32.747
1020327,SOLV,2026-01-08 21:49:32.453,Volume,Hold,0.00|Volume too low: 0.97x,2026-01-08 21:49:32.800
1020328,SOLV,2026-01-08 21:49:32.510,Donchian,Hold,"0.00|Price within channel ($85.77, U=$86.34, L=$78.18)",2026-01-08 21:49:32.857
1020329,SOLV,2026-01-08 21:49:32.567,Ichimoku,Hold,0.00|TK lines too close: 1.12%,2026-01-08 21:49:32.913
1020330,SOLV,2026-01-08 21:49:32.620,PriceAction,Hold,0.00|No clear price action trend,2026-01-08 21:49:32.970
1020331,SOLV,2026-01-08 21:49:32.673,Supertrend,Buy,0.65|Supertrend bullish continuation (5.58% above),2026-01-08 21:49:33.023
1020332,SOLV,2026-01-08 21:49:32.727,MeanRevMFI,Hold,0.00|No MFI mean reversion setup,2026-01-08 21:49:33.077
1020333,SOLV,2026-01-08 21:49:32.777,TripleMomentum,Buy,1.00|Triple momentum bullish (3/3 indicators),2026-01-08 21:49:33.127
1020334,SOLV,2026-01-08 21:49:32.830,SRBounce,Hold,0.00|Not near key S/R levels,2026-01-08 21:49:33.183
1020335,SOLV,2026-01-08 21:49:32.887,CMFMomentum,Buy,"0.90|CMF accumulation (CMF=0.126, RSI=68)",2026-01-08 21:49:33.243
1020336,SOLV,2026-01-08 21:49:32.947,ForceIndex,Hold,0.00|No Force Index breakout,2026-01-08 21:49:33.300
1020337,SRRK,2026-01-08 21:49:32.993,SwingFilter,Hold,Weekly trend too weak (0.1%),2026-01-08 21:49:33.350
1020338,SOLV,2026-01-08 21:49:33.003,WilliamsR,Hold,0.00|No Williams %R reversal signal,2026-01-08 21:49:33.357
1020339,SOLV,2026-01-08 21:49:33.060,PSAR,Hold,0.00|SAR no flip,2026-01-08 21:49:33.410
1020340,SOLV,2026-01-08 21:49:33.113,Keltner,Buy,0.65|Keltner breakout ? (vol=1.02x),2026-01-08 21:49:33.463
1020341,SOLV,2026-01-08 21:49:33.167,OBV,Hold,0.00|No OBV divergence,2026-01-08 21:49:33.520
1020342,SOLV,2026-01-08 21:49:33.223,Aroon,Buy,"0.70|Aroon uptrend emerging (Up=100, Down=88)",2026-01-08 21:49:33.577
1020343,SOLV,2026-01-08 21:49:33.277,ROC,Hold,0.00|No ROC momentum burst,2026-01-08 21:49:33.627
1020344,SOLV,2026-01-08 21:49:33.330,TSI,Hold,0.00|No TSI crossover,2026-01-08 21:49:33.680
1020345,SOLV,2026-01-08 21:49:33.383,Vortex,Hold,0.00|No Vortex trend change,2026-01-08 21:49:33.733
1020346,SSRM,2026-01-08 21:49:33.403,SwingFilter,Hold,Weekly trend too weak (0.1%),2026-01-08 21:49:33.757
1020347,SOLV,2026-01-08 21:49:33.437,Confluence,Hold,0.00|Insufficient confluence (score=2),2026-01-08 21:49:33.787
1020348,SOLV,2026-01-08 21:49:33.490,Enhanced_Consensus,Hold,REJECT - Primary filters not met | conf=0% | quality=46%,2026-01-08 21:49:33.860
1020349,STX,2026-01-08 21:49:35.880,SwingFilter,Hold,No clear weekly trend direction,2026-01-08 21:49:36.237
1020350,STWD,2026-01-08 21:49:36.630,SwingFilter,Hold,Weekly trend too weak (0.8%),2026-01-08 21:49:36.987
1020351,SVRA,2026-01-08 21:49:36.927,SwingFilter,Hold,No clear weekly trend direction,2026-01-08 21:49:37.280
1020352,SWK,2026-01-08 05:00:00.000,RealisticConservative,Buy,"? BUY: 9 votes, Composite=68%, Confirms=3 (BB conflict)",2026-01-08 21:49:38.470
1020353,SWK,2026-01-08 21:49:38.180,TrendMTF,Hold,0.00|No clear trend setup,2026-01-08 21:49:38.527
1020354,SWK,2026-01-08 21:49:38.233,MeanRevSR,Hold,"0.00|No mean reversion setup (RSI=50.0, regime=Weak Trend)",2026-01-08 21:49:38.580
1020355,SWK,2026-01-08 21:49:38.287,BreakoutVol,Hold,0.00|No breakout pattern (ADX=27.5),2026-01-08 21:49:38.630
1020356,SWK,2026-01-08 21:49:38.337,MomentumDiv,Hold,0.00|Indicators not ready,2026-01-08 21:49:38.683
1020357,SWK,2026-01-08 21:49:38.390,EMA+RSI,Hold,0.00|No EMA crossover,2026-01-08 21:49:38.733
1020358,SWK,2026-01-08 21:49:38.440,Bollinger,Sell,0.72|Bollinger mean reversion sell (RSI=69.0),2026-01-08 21:49:38.787
1020359,SWK,2026-01-08 21:49:38.497,ATR,Hold,0.00|No ATR breakout,2026-01-08 21:49:38.847
1020360,SWK,2026-01-08 21:49:38.553,MACD,Hold,0.00|No MACD signal,2026-01-08 21:49:38.900
1020361,SWK,2026-01-08 21:49:38.607,ADX,Buy,0.76|ADX strong trend ? (ADX=27.5),2026-01-08 21:49:38.953
1020362,SWK,2026-01-08 21:49:38.663,Volume,Buy,0.80|Volume spike 1.7x with upward momentum,2026-01-08 21:49:39.010
1020363,SWK,2026-01-08 21:49:38.717,Donchian,Hold,"0.00|Price within channel ($81.49, U=$82.61, L=$71.06)",2026-01-08 21:49:39.067
1020364,SWK,2026-01-08 21:49:38.773,Ichimoku,Buy,1.00|Bullish Ichimoku (price 5.2% above cloud),2026-01-08 21:49:39.120
1020365,SWK,2026-01-08 21:49:38.827,PriceAction,Hold,0.00|No clear price action trend,2026-01-08 21:49:39.173
1020366,SWK,2026-01-08 21:49:38.883,Supertrend,Buy,0.64|Supertrend bullish continuation (9.49% above),2026-01-08 21:49:39.230
1020367,SWK,2026-01-08 21:49:38.937,MeanRevMFI,Hold,0.00|No MFI mean reversion setup,2026-01-08 21:49:39.287
1020368,SWK,2026-01-08 21:49:38.993,TripleMomentum,Buy,1.00|Triple momentum bullish (3/3 indicators),2026-01-08 21:49:39.343
1020369,SWK,2026-01-08 21:49:39.050,SRBounce,Hold,0.00|Not near key S/R levels,2026-01-08 21:49:39.393
1020370,SYY,2026-01-08 21:49:39.050,SwingFilter,Hold,Weekly trend too weak (0.4%),2026-01-08 21:49:39.400
1020371,SWK,2026-01-08 21:49:39.100,CMFMomentum,Hold,0.00|No CMF momentum signal,2026-01-08 21:49:39.447
1020372,SWK,2026-01-08 21:49:39.153,ForceIndex,Hold,0.00|No Force Index breakout,2026-01-08 21:49:39.507
1020373,SWK,2026-01-08 21:49:39.210,WilliamsR,Hold,0.00|No Williams %R reversal signal,2026-01-08 21:49:39.563
1020374,SWK,2026-01-08 21:49:39.267,PSAR,Hold,0.00|SAR no flip,2026-01-08 21:49:39.620
1020375,SWK,2026-01-08 21:49:39.320,Keltner,Buy,0.85|Keltner breakout ? (vol=1.69x),2026-01-08 21:49:39.677
1020376,SWK,2026-01-08 21:49:39.377,OBV,Hold,0.00|No OBV divergence,2026-01-08 21:49:39.730
1020377,SWK,2026-01-08 21:49:39.433,Aroon,Hold,0.00|No Aroon trend change,2026-01-08 21:49:39.783
1020378,SWK,2026-01-08 21:49:39.487,ROC,Buy,"0.90|ROC momentum burst ? (ROC=12.0%, vol=1.69x)",2026-01-08 21:49:39.840
1020379,SWK,2026-01-08 21:49:39.540,TSI,Hold,0.00|No TSI crossover,2026-01-08 21:49:39.897
1020380,SWK,2026-01-08 21:49:39.597,Vortex,Hold,0.00|No Vortex trend change,2026-01-08 21:49:39.950
1020381,SWK,2026-01-08 21:49:39.657,Confluence,Buy,"0.65|Bullish confluence (4/5): MACD bullish, Volume spike, Price momentum, ADX uptrend",2026-01-08 21:49:40.007
1020382,SWK,2026-01-08 21:49:39.710,Enhanced_Consensus,Buy,"? BUY: 9 votes, Composite=68%, Confirms=3 (BB conflict) | conf=71% | quality=64%",2026-01-08 21:49:40.067
1020383,SWK,2026-01-08 21:49:39.770,Enhanced_Entry,Buy,"entry=$81.57, qty=13, stop=$6.52, quality=64%",2026-01-08 21:49:40.123
1020384,TAP,2026-01-08 21:49:39.913,SwingFilter,Hold,Weekly trend too weak (1.5%),2026-01-08 21:49:40.263
1020385,TALK,2026-01-08 05:00:00.000,RealisticConservative,Buy,"? BUY: 10 votes, Composite=79%, Confirms=4 (BB conflict)",2026-01-08 21:49:40.330
1020386,TALK,2026-01-08 21:49:40.033,TrendMTF,Hold,0.00|No clear trend setup,2026-01-08 21:49:40.387
1020387,TALK,2026-01-08 21:49:40.090,MeanRevSR,Hold,"0.00|No mean reversion setup (RSI=50.0, regime=Weak Trend)",2026-01-08 21:49:40.440
1020388,TALK,2026-01-08 21:49:40.143,BreakoutVol,Hold,0.00|No breakout pattern (ADX=24.6),2026-01-08 21:49:40.497
1020389,TALK,2026-01-08 21:49:40.197,MomentumDiv,Hold,0.00|Indicators not ready,2026-01-08 21:49:40.547
1020390,TALK,2026-01-08 21:49:40.250,EMA+RSI,Hold,0.00|No EMA crossover,2026-01-08 21:49:40.600
1020391,TALK,2026-01-08 21:49:40.300,Bollinger,Sell,0.70|Bollinger mean reversion sell (RSI=71.7),2026-01-08 21:49:40.650
1020392,TALK,2026-01-08 21:49:40.353,ATR,Hold,0.00|No ATR breakout,2026-01-08 21:49:40.707
1020393,TALK,2026-01-08 21:49:40.410,MACD,Buy,0.65|MACD momentum building (hist=0.0372),2026-01-08 21:49:40.767
1020394,TALK,2026-01-08 21:49:40.470,ADX,Buy,0.67|ADX strong trend ? (ADX=24.6),2026-01-08 21:49:40.820
1020395,TALK,2026-01-08 21:49:40.523,Volume,Buy,0.81|Volume spike 1.7x with upward momentum,2026-01-08 21:49:40.873
1020396,TALK,2026-01-08 21:49:40.577,Donchian,Hold,"0.00|Price within channel ($4.04, U=$4.13, L=$3.06)",2026-01-08 21:49:40.930
1020397,TALK,2026-01-08 21:49:40.633,Ichimoku,Buy,1.00|Bullish Ichimoku (price 8.6% above cloud),2026-01-08 21:49:40.987
1020398,TALK,2026-01-08 21:49:40.690,PriceAction,Hold,0.00|No clear price action trend,2026-01-08 21:49:41.043
1020399,TALK,2026-01-08 21:49:40.747,Supertrend,Buy,0.64|Supertrend bullish continuation (9.16% above),2026-01-08 21:49:41.103
1020400,TALK,2026-01-08 21:49:40.807,MeanRevMFI,Hold,0.00|No MFI mean reversion setup,2026-01-08 21:49:41.153
1020401,TALK,2026-01-08 21:49:40.857,TripleMomentum,Buy,1.00|Triple momentum bullish (3/3 indicators),2026-01-08 21:49:41.210
1020402,TALK,2026-01-08 21:49:40.917,SRBounce,Hold,0.00|Not near key S/R levels,2026-01-08 21:49:41.267
1020403,TALK,2026-01-08 21:49:40.970,CMFMomentum,Hold,0.00|No CMF momentum signal,2026-01-08 21:49:41.320
1020404,TALK,2026-01-08 21:49:41.020,ForceIndex,Hold,0.00|No Force Index breakout,2026-01-08 21:49:41.373
1020405,TALK,2026-01-08 21:49:41.077,WilliamsR,Hold,0.00|No Williams %R reversal signal,2026-01-08 21:49:41.427
1020406,TALK,2026-01-08 21:49:41.130,PSAR,Hold,0.00|SAR no flip,2026-01-08 21:49:41.483
1020407,TDAY,2026-01-08 05:00:00.000,RealisticConservative,Buy,"? BUY: 14 votes, Composite=87%, Confirms=4 (BB conflict)",2026-01-08 21:49:41.510
1020408,TALK,2026-01-08 21:49:41.187,Keltner,Hold,0.00|No Keltner breakout,2026-01-08 21:49:41.533
1020409,TDAY,2026-01-08 21:49:41.217,TrendMTF,Hold,0.00|No clear trend setup,2026-01-08 21:49:41.560
1020410,TALK,2026-01-08 21:49:41.247,OBV,Hold,0.00|No OBV divergence,2026-01-08 21:49:41.590
1020411,TDAY,2026-01-08 21:49:41.273,MeanRevSR,Hold,"0.00|No mean reversion setup (RSI=50.0, regime=Weak Trend)",2026-01-08 21:49:41.617
1020412,TALK,2026-01-08 21:49:41.310,Aroon,Hold,0.00|No Aroon trend change,2026-01-08 21:49:41.650
1020413,TDAY,2026-01-08 21:49:41.327,BreakoutVol,Hold,0.00|No breakout pattern (ADX=31.4),2026-01-08 21:49:41.670
1020414,TALK,2026-01-08 21:49:41.363,ROC,Buy,"0.90|ROC momentum burst ? (ROC=13.8%, vol=1.52x)",2026-01-08 21:49:41.707
1020415,TDAY,2026-01-08 21:49:41.383,MomentumDiv,Hold,0.00|Indicators not ready,2026-01-08 21:49:41.727
1020416,TALK,2026-01-08 21:49:41.417,TSI,Hold,0.00|No TSI crossover,2026-01-08 21:49:41.763
1020417,TDAY,2026-01-08 21:49:41.447,EMA+RSI,Hold,0.00|No EMA crossover,2026-01-08 21:49:41.787
1020418,TALK,2026-01-08 21:49:41.473,Vortex,Hold,0.00|No Vortex trend change,2026-01-08 21:49:41.813
1020419,TDAY,2026-01-08 21:49:41.500,Bollinger,Sell,0.72|Bollinger mean reversion sell (RSI=69.6),2026-01-08 21:49:41.843
1020420,TALK,2026-01-08 21:49:41.527,Confluence,Buy,"0.65|Bullish confluence (4/5): MACD bullish, Volume spike, Price momentum, ADX uptrend",2026-01-08 21:49:41.870
1020421,TDAY,2026-01-08 21:49:41.557,ATR,Buy,0.80|ATR breakout ? (vol=4.1%),2026-01-08 21:49:41.900
1020422,TALK,2026-01-08 21:49:41.583,Enhanced_Consensus,Buy,"? BUY: 10 votes, Composite=79%, Confirms=4 (BB conflict) | conf=82% | quality=68%",2026-01-08 21:49:41.927
1020423,TDAY,2026-01-08 21:49:41.613,MACD,Buy,0.88|MACD crossover + momentum (hist=0.0128),2026-01-08 21:49:41.960
1020424,TALK,2026-01-08 21:49:41.640,Enhanced_Entry,Buy,"entry=$4.04, qty=293, stop=$0.32, quality=68%",2026-01-08 21:49:41.983
1020425,TDAY,2026-01-08 21:49:41.670,ADX,Buy,0.85|ADX strong trend ? (ADX=31.4),2026-01-08 21:49:42.017
1020426,TDAY,2026-01-08 21:49:41.727,Volume,Buy,0.85|Volume spike 2.0x with upward momentum,2026-01-08 21:49:42.070
1020427,TDAY,2026-01-08 21:49:41.783,Donchian,Hold,"0.00|Price within channel ($5.95, U=$6.16, L=$4.90)",2026-01-08 21:49:42.127
1020428,TDAY,2026-01-08 21:49:41.840,Ichimoku,Buy,1.00|Bullish Ichimoku (price 6.3% above cloud),2026-01-08 21:49:42.183
1020429,TDAY,2026-01-08 21:49:41.897,PriceAction,Buy,0.80|Strong uptrend: Higher highs & higher lows confirmed,2026-01-08 21:49:42.240
1020430,TDAY,2026-01-08 21:49:41.950,Supertrend,Buy,0.62|Supertrend bullish continuation (12.15% above),2026-01-08 21:49:42.297
1020431,TDAY,2026-01-08 21:49:42.007,MeanRevMFI,Hold,0.00|No MFI mean reversion setup,2026-01-08 21:49:42.350
1020432,TDAY,2026-01-08 21:49:42.063,TripleMomentum,Buy,1.00|Triple momentum bullish (3/3 indicators),2026-01-08 21:49:42.407
1020433,TDAY,2026-01-08 21:49:42.120,SRBounce,Hold,0.00|Not near key S/R levels,2026-01-08 21:49:42.463
1020434,TDAY,2026-01-08 21:49:42.177,CMFMomentum,Hold,0.00|No CMF momentum signal,2026-01-08 21:49:42.520
1020435,TDAY,2026-01-08 21:49:42.233,ForceIndex,Buy,0.65|Force Index bullish momentum (FI=177472),2026-01-08 21:49:42.577
1020436,TDAY,2026-01-08 21:49:42.287,WilliamsR,Hold,0.00|No Williams %R reversal signal,2026-01-08 21:49:42.633
1020437,TDAY,2026-01-08 21:49:42.343,PSAR,Hold,0.00|SAR no flip,2026-01-08 21:49:42.690
1020438,TECH,2026-01-08 05:00:00.000,RelaxedEngine,Hold,REJECT - Insufficient confirmations,2026-01-08 21:49:42.720
1020439,TDAY,2026-01-08 21:49:42.400,Keltner,Buy,0.85|Keltner breakout ? (vol=2.14x),2026-01-08 21:49:42.747
1020440,TECH,2026-01-08 21:49:42.430,TrendMTF,Hold,0.00|No clear trend setup,2026-01-08 21:49:42.777
1020441,TDAY,2026-01-08 21:49:42.457,OBV,Hold,0.00|No OBV divergence,2026-01-08 21:49:42.800
1020442,TECH,2026-01-08 21:49:42.487,MeanRevSR,Hold,"0.00|No mean reversion setup (RSI=50.0, regime=Quiet Market)",2026-01-08 21:49:42.830
1020443,TDAY,2026-01-08 21:49:42.510,Aroon,Hold,0.00|No Aroon trend change,2026-01-08 21:49:42.857
1020444,TECH,2026-01-08 21:49:42.537,BreakoutVol,Hold,0.00|No breakout pattern (ADX=20.4),2026-01-08 21:49:42.883
1020445,TDAY,2026-01-08 21:49:42.567,ROC,Buy,"0.90|ROC momentum burst ? (ROC=5.9%, vol=2.14x)",2026-01-08 21:49:42.913
1020446,TECH,2026-01-08 21:49:42.593,MomentumDiv,Hold,0.00|Indicators not ready,2026-01-08 21:49:42.940
1020447,TDAY,2026-01-08 21:49:42.623,TSI,Buy,"0.85|TSI bullish crossover (TSI=17.5, Signal=15.0)",2026-01-08 21:49:42.970
1020448,TECH,2026-01-08 21:49:42.650,EMA+RSI,Buy,"0.60|EMA(20/50) crossover ? ",2026-01-08 21:49:42.993
1020449,TDAY,2026-01-08 21:49:42.680,Vortex,Hold,0.00|No Vortex trend change,2026-01-08 21:49:43.023
1020450,TECH,2026-01-08 21:49:42.700,Bollinger,Sell,0.69|Bollinger mean reversion sell (RSI=65.6),2026-01-08 21:49:43.043
1020451,TDAY,2026-01-08 21:49:42.737,Confluence,Buy,"0.65|Bullish confluence (4/5): MACD bullish, Volume spike, Price momentum, ADX uptrend",2026-01-08 21:49:43.080
1020452,TECH,2026-01-08 21:49:42.753,ATR,Hold,0.00|No ATR breakout,2026-01-08 21:49:43.100
1020453,TDAY,2026-01-08 21:49:42.790,Enhanced_Consensus,Buy,"? BUY: 14 votes, Composite=87%, Confirms=4 (BB conflict) | conf=90% | quality=65%",2026-01-08 21:49:43.137
1020454,TECH,2026-01-08 21:49:42.810,MACD,Hold,0.00|No MACD signal,2026-01-08 21:49:43.157
1020455,TDAY,2026-01-08 21:49:42.847,Enhanced_Entry,Buy,"entry=$5.96, qty=191, stop=$0.48, quality=65%",2026-01-08 21:49:43.193
1020456,TECH,2026-01-08 21:49:42.867,ADX,Hold,0.00|ADX too weak: 20.4 < 22,2026-01-08 21:49:43.210
1020457,TEM,2026-01-08 21:49:42.900,SwingFilter,Hold,No clear weekly trend direction,2026-01-08 21:49:43.243
1020458,TECH,2026-01-08 21:49:42.920,Volume,Hold,0.00|Volume too low: 1.16x,2026-01-08 21:49:43.263
1020459,TALO,2026-01-08 21:49:42.950,SwingFilter,Hold,Weekly trend too weak (0.3%),2026-01-08 21:49:43.297
1020460,TECH,2026-01-08 21:49:42.973,Donchian,Hold,"0.00|Price within channel ($64.58, U=$66.48, L=$56.59)",2026-01-08 21:49:43.320
1020461,TECH,2026-01-08 21:49:43.030,Ichimoku,Hold,0.00|TK lines too close: 1.47%,2026-01-08 21:49:43.377
1020462,TECH,2026-01-08 21:49:43.087,PriceAction,Hold,0.00|No clear price action trend,2026-01-08 21:49:43.430
1020463,TECH,2026-01-08 21:49:43.137,Supertrend,Buy,0.65|Supertrend bullish continuation (6.60% above),2026-01-08 21:49:43.483
1020464,TECH,2026-01-08 21:49:43.193,MeanRevMFI,Sell,"0.72|MFI overbought reversal (MFI=79.6, band=97%)",2026-01-08 21:49:43.537
1020465,TECH,2026-01-08 21:49:43.247,TripleMomentum,Hold,0.00|Insufficient momentum consensus,2026-01-08 21:49:43.597
1020466,TECH,2026-01-08 21:49:43.300,SRBounce,Hold,0.00|Not near key S/R levels,2026-01-08 21:49:43.650
1020467,TECH,2026-01-08 21:49:43.353,CMFMomentum,Buy,"0.89|CMF accumulation (CMF=0.096, RSI=66)",2026-01-08 21:49:43.703
1020468,TECH,2026-01-08 21:49:43.420,ForceIndex,Hold,0.00|No Force Index breakout,2026-01-08 21:49:43.770
1020469,TECH,2026-01-08 21:49:43.473,WilliamsR,Hold,0.00|No Williams %R reversal signal,2026-01-08 21:49:43.823
1020470,TECH,2026-01-08 21:49:43.530,PSAR,Hold,0.00|SAR no flip,2026-01-08 21:49:43.880
1020471,TECH,2026-01-08 21:49:43.587,Keltner,Hold,0.00|No Keltner breakout,2026-01-08 21:49:43.937
1020472,TECH,2026-01-08 21:49:43.640,OBV,Hold,0.00|No OBV divergence,2026-01-08 21:49:43.993
1020473,TECH,2026-01-08 21:49:43.697,Aroon,Hold,0.00|No Aroon trend change,2026-01-08 21:49:44.043
1020474,TECH,2026-01-08 21:49:43.753,ROC,Hold,0.00|No ROC momentum burst,2026-01-08 21:49:44.100
1020475,TECH,2026-01-08 21:49:43.807,TSI,Hold,0.00|No TSI crossover,2026-01-08 21:49:44.157
1020476,TECH,2026-01-08 21:49:43.863,Vortex,Hold,0.00|No Vortex trend change,2026-01-08 21:49:44.213
1020477,TECH,2026-01-08 21:49:43.923,Confluence,Hold,0.00|Insufficient confluence (score=3),2026-01-08 21:49:44.273
1020478,TECH,2026-01-08 21:49:43.977,Enhanced_Consensus,Hold,REJECT - Insufficient confirmations | conf=0% | quality=55%,2026-01-08 21:49:44.353
1020479,TGT,2026-01-08 05:00:00.000,RelaxedEngine,Hold,REJECT - Insufficient confirmations,2026-01-08 21:49:44.790
1020480,TGT,2026-01-08 21:49:44.490,TrendMTF,Hold,0.00|No clear trend setup,2026-01-08 21:49:44.843
1020481,TGT,2026-01-08 21:49:44.540,MeanRevSR,Hold,"0.00|No mean reversion setup (RSI=50.0, regime=Weak Trend)",2026-01-08 21:49:44.893
1020482,TGT,2026-01-08 21:49:44.593,BreakoutVol,Hold,0.00|No breakout pattern (ADX=35.7),2026-01-08 21:49:44.947
1020483,TGT,2026-01-08 21:49:44.647,MomentumDiv,Hold,0.00|Indicators not ready,2026-01-08 21:49:45.003
1020484,TGT,2026-01-08 21:49:44.700,EMA+RSI,Hold,0.00|No EMA crossover,2026-01-08 21:49:45.060
1020485,TGT,2026-01-08 21:49:44.757,Bollinger,Sell,0.71|Bollinger mean reversion sell (RSI=72.5),2026-01-08 21:49:45.113
1020486,TGT,2026-01-08 21:49:44.813,ATR,Hold,0.00|No ATR breakout,2026-01-08 21:49:45.170
1020487,TGT,2026-01-08 21:49:44.870,MACD,Hold,0.00|No MACD signal,2026-01-08 21:49:45.227
1020488,TGT,2026-01-08 21:49:44.927,ADX,Buy,0.85|ADX strong trend ? (ADX=35.7),2026-01-08 21:49:45.280
1020489,TGT,2026-01-08 21:49:44.977,Volume,Hold,0.00|Volume too low: 1.22x,2026-01-08 21:49:45.330
1020490,TGT,2026-01-08 21:49:45.030,Donchian,Hold,"0.00|Price within channel ($106.33, U=$108.64, L=$90.17)",2026-01-08 21:49:45.383
1020491,TGT,2026-01-08 21:49:45.080,Ichimoku,Buy,1.00|Bullish Ichimoku (price 5.2% above cloud),2026-01-08 21:49:45.433
1020492,TGT,2026-01-08 21:49:45.133,PriceAction,Hold,0.00|No clear price action trend,2026-01-08 21:49:45.487
1020493,TGT,2026-01-08 21:49:45.187,Supertrend,Buy,0.65|Supertrend bullish continuation (7.56% above),2026-01-08 21:49:45.540
1020494,TGT,2026-01-08 21:49:45.237,MeanRevMFI,Hold,0.00|No MFI mean reversion setup,2026-01-08 21:49:45.593
1020495,TGT,2026-01-08 21:49:45.293,TripleMomentum,Buy,1.00|Triple momentum bullish (3/3 indicators),2026-01-08 21:49:45.633
1020496,TGT,2026-01-08 21:49:45.347,SRBounce,Hold,0.00|Not near key S/R levels,2026-01-08 21:49:45.687
1020497,TGT,2026-01-08 21:49:45.397,CMFMomentum,Hold,0.00|No CMF momentum signal,2026-01-08 21:49:45.740
1020498,TGT,2026-01-08 21:49:45.453,ForceIndex,Hold,0.00|No Force Index breakout,2026-01-08 21:49:45.797
1020499,TGT,2026-01-08 21:49:45.510,WilliamsR,Hold,0.00|No Williams %R reversal signal,2026-01-08 21:49:45.853
1020500,TGT,2026-01-08 21:49:45.567,PSAR,Hold,0.00|SAR no flip,2026-01-08 21:49:45.907
1020501,TGT,2026-01-08 21:49:45.620,Keltner,Hold,0.00|No Keltner breakout,2026-01-08 21:49:45.960
1020502,TGT,2026-01-08 21:49:45.673,OBV,Hold,0.00|No OBV divergence,2026-01-08 21:49:46.017
1020503,TGT,2026-01-08 21:49:45.730,Aroon,Hold,0.00|No Aroon trend change,2026-01-08 21:49:46.073
1020504,THC,2026-01-08 21:49:45.747,SwingFilter,Hold,Weekly trend too weak (1.0%),2026-01-08 21:49:46.090
1020505,TGT,2026-01-08 21:49:45.787,ROC,Buy,"0.70|ROC momentum burst ? (ROC=8.5%, vol=1.20x)",2026-01-08 21:49:46.130
1020506,TGT,2026-01-08 21:49:45.840,TSI,Hold,0.00|No TSI crossover,2026-01-08 21:49:46.190
1020507,TGT,2026-01-08 21:49:45.903,Vortex,Hold,0.00|No Vortex trend change,2026-01-08 21:49:46.357
1020508,TGT,2026-01-08 21:49:46.073,Confluence,Hold,0.00|Insufficient confluence (score=3),2026-01-08 21:49:46.413
1020509,TGT,2026-01-08 21:49:46.123,Enhanced_Consensus,Hold,REJECT - Insufficient confirmations | conf=0% | quality=66%,2026-01-08 21:49:46.463
1020510,TKO,2026-01-08 21:49:46.600,SwingFilter,Hold,Weekly trend too weak (0.0%),2026-01-08 21:49:46.950
1020511,TMO,2026-01-08 05:00:00.000,RelaxedEngine,Hold,REJECT - Insufficient confirmations,2026-01-08 21:49:47.307
1020512,TMO,2026-01-08 21:49:47.010,TrendMTF,Hold,0.00|No clear trend setup,2026-01-08 21:49:47.360
1020513,TMO,2026-01-08 21:49:47.067,MeanRevSR,Hold,"0.00|No mean reversion setup (RSI=50.0, regime=Quiet Market)",2026-01-08 21:49:47.413
1020514,TMO,2026-01-08 21:49:47.117,BreakoutVol,Hold,0.00|No breakout pattern (ADX=23.8),2026-01-08 21:49:47.470
1020515,TMO,2026-01-08 21:49:47.173,MomentumDiv,Hold,0.00|Indicators not ready,2026-01-08 21:49:47.520
1020516,TMO,2026-01-08 21:49:47.227,EMA+RSI,Hold,0.00|No EMA crossover,2026-01-08 21:49:47.577
1020517,TMO,2026-01-08 21:49:47.283,Bollinger,Sell,0.68|Bollinger mean reversion sell (RSI=62.4),2026-01-08 21:49:47.633
1020518,TMO,2026-01-08 21:49:47.337,ATR,Hold,0.00|No ATR breakout,2026-01-08 21:49:47.683
1020519,TMO,2026-01-08 21:49:47.390,MACD,Hold,0.00|No MACD signal,2026-01-08 21:49:47.740
1020520,TMO,2026-01-08 21:49:47.447,ADX,Buy,0.65|ADX strong trend ? (ADX=23.8),2026-01-08 21:49:47.797
1020521,TMO,2026-01-08 21:49:47.500,Volume,Sell,0.85|Volume spike 1.9x with downward momentum,2026-01-08 21:49:47.850
1020522,TMO,2026-01-08 21:49:47.553,Donchian,Hold,"0.00|Price within channel ($606.50, U=$628.08, L=$554.53)",2026-01-08 21:49:47.900
1020523,TMO,2026-01-08 21:49:47.607,Ichimoku,Buy,0.54|Bullish Ichimoku (price 1.6% above cloud),2026-01-08 21:49:47.953
1020524,TMHC,2026-01-08 21:49:47.613,SwingFilter,Hold,Weekly trend too weak (0.4%),2026-01-08 21:49:47.960
1020525,TMO,2026-01-08 21:49:47.657,PriceAction,Hold,0.00|No clear price action trend,2026-01-08 21:49:48.003
1020526,TMO,2026-01-08 21:49:47.710,Supertrend,Buy,0.65|Supertrend bullish continuation (2.45% above),2026-01-08 21:49:48.070
1020527,TMO,2026-01-08 21:49:47.773,MeanRevMFI,Sell,"0.65|MFI overbought reversal (MFI=71.6, band=84%)",2026-01-08 21:49:48.120
1020528,TMO,2026-01-08 21:49:47.827,TripleMomentum,Hold,0.00|Insufficient momentum consensus,2026-01-08 21:49:48.173
1020529,TMO,2026-01-08 21:49:47.877,SRBounce,Hold,0.00|Not near key S/R levels,2026-01-08 21:49:48.230
1020530,TMO,2026-01-08 21:49:47.933,CMFMomentum,Hold,0.00|No CMF momentum signal,2026-01-08 21:49:48.280
1020531,TMO,2026-01-08 21:49:47.987,ForceIndex,Hold,0.00|No Force Index breakout,2026-01-08 21:49:48.337
1020532,TMO,2026-01-08 21:49:48.040,WilliamsR,Sell,0.80|Williams %R overbought reversal (-29.3 from -14.9),2026-01-08 21:49:48.390
1020533,TMO,2026-01-08 21:49:48.093,PSAR,Hold,0.00|SAR no flip,2026-01-08 21:49:48.440
1020534,TMO,2026-01-08 21:49:48.147,Keltner,Hold,0.00|No Keltner breakout,2026-01-08 21:49:48.497
1020535,TMO,2026-01-08 21:49:48.203,OBV,Hold,0.00|No OBV divergence,2026-01-08 21:49:48.553
1020536,TMO,2026-01-08 21:49:48.257,Aroon,Hold,0.00|No Aroon trend change,2026-01-08 21:49:48.607
1020537,TMO,2026-01-08 21:49:48.310,ROC,Hold,0.00|No ROC momentum burst,2026-01-08 21:49:48.660
1020538,TMO,2026-01-08 21:49:48.367,TSI,Hold,0.00|No TSI crossover,2026-01-08 21:49:48.717
1020539,TOL,2026-01-08 21:49:48.367,SwingFilter,Hold,Weekly trend too weak (0.8%),2026-01-08 21:49:48.717
1020540,TMO,2026-01-08 21:49:48.423,Vortex,Hold,0.00|No Vortex trend change,2026-01-08 21:49:48.773
1020541,TMO,2026-01-08 21:49:48.477,Confluence,Hold,0.00|Insufficient confluence (score=3),2026-01-08 21:49:48.827
1020542,TMO,2026-01-08 21:49:48.530,Enhanced_Consensus,Hold,REJECT - Insufficient confirmations | conf=0% | quality=58%,2026-01-08 21:49:48.880
1020543,TRIP,2026-01-08 21:49:49.650,SwingFilter,Hold,Weekly trend too weak (0.1%),2026-01-08 21:49:50.000
1020544,TRGP,2026-01-08 21:49:50.027,SwingFilter,Hold,Weekly trend too weak (0.2%),2026-01-08 21:49:50.377
1020545,TRU,2026-01-08 21:49:51.233,SwingFilter,Hold,Weekly trend too weak (0.1%),2026-01-08 21:49:51.577
1020546,TRV,2026-01-08 21:49:51.640,SwingFilter,Hold,Weekly trend too weak (0.6%),2026-01-08 21:49:51.993
1020547,TROX,2026-01-08 05:00:00.000,RelaxedEngine,Hold,Failed validation,2026-01-08 21:49:52.477
1020548,TROX,2026-01-08 21:49:52.177,TrendMTF,Hold,0.00|No clear trend setup,2026-01-08 21:49:52.533
1020549,TROX,2026-01-08 21:49:52.233,MeanRevSR,Hold,"0.00|No mean reversion setup (RSI=50.0, regime=Weak Trend)",2026-01-08 21:49:52.583
1020550,TROX,2026-01-08 21:49:52.290,BreakoutVol,Hold,0.00|No breakout pattern (ADX=28.3),2026-01-08 21:49:52.643
1020551,TROX,2026-01-08 21:49:52.347,MomentumDiv,Hold,0.00|Indicators not ready,2026-01-08 21:49:52.700
1020552,TROX,2026-01-08 21:49:52.403,EMA+RSI,Hold,0.00|No EMA crossover,2026-01-08 21:49:52.770
1020553,TROX,2026-01-08 21:49:52.470,Bollinger,Sell,0.72|Bollinger mean reversion sell (RSI=74.4),2026-01-08 21:49:52.823
1020554,TROX,2026-01-08 21:49:52.527,ATR,Hold,0.00|Volatility outside swing range: 5.84%,2026-01-08 21:49:52.880
1020555,TROX,2026-01-08 21:49:52.583,MACD,Buy,0.65|MACD momentum building (hist=0.0755),2026-01-08 21:49:52.937
1020556,TROX,2026-01-08 21:49:52.637,ADX,Buy,0.78|ADX strong trend ? (ADX=28.3),2026-01-08 21:49:52.990
1020557,TROX,2026-01-08 21:49:52.690,Volume,Hold,0.00|Volume too low: 1.08x,2026-01-08 21:49:53.043
1020558,TROX,2026-01-08 21:49:52.747,Donchian,Hold,"0.00|Price within channel ($5.31, U=$5.53, L=$3.73)",2026-01-08 21:49:53.097
1020559,TSHA,2026-01-08 21:49:52.777,SwingFilter,Hold,No clear weekly trend direction,2026-01-08 21:49:53.130
1020560,TROX,2026-01-08 21:49:52.797,Ichimoku,Buy,1.00|Bullish Ichimoku (price 11.2% above cloud),2026-01-08 21:49:53.147
1020561,TROX,2026-01-08 21:49:52.850,PriceAction,Hold,0.00|No clear price action trend,2026-01-08 21:49:53.203
1020562,TROX,2026-01-08 21:49:52.907,Supertrend,Buy,0.58|Supertrend bullish continuation (17.36% above),2026-01-08 21:49:53.260
1020563,TROX,2026-01-08 21:49:52.960,MeanRevMFI,Hold,0.00|No MFI mean reversion setup,2026-01-08 21:49:53.317
1020564,TROX,2026-01-08 21:49:53.017,TripleMomentum,Buy,1.00|Triple momentum bullish (3/3 indicators),2026-01-08 21:49:53.370
1020565,TROX,2026-01-08 21:49:53.073,SRBounce,Hold,0.00|Not near key S/R levels,2026-01-08 21:49:53.427
1020566,TROX,2026-01-08 21:49:53.130,CMFMomentum,Hold,0.00|No CMF momentum signal,2026-01-08 21:49:53.483
1020567,TSN,2026-01-08 21:49:53.160,SwingFilter,Hold,Weekly trend too weak (0.9%),2026-01-08 21:49:53.510
1020568,TROX,2026-01-08 21:49:53.183,ForceIndex,Hold,0.00|No Force Index breakout,2026-01-08 21:49:53.537
1020569,TROX,2026-01-08 21:49:53.237,WilliamsR,Hold,0.00|No Williams %R reversal signal,2026-01-08 21:49:53.590
1020570,TROX,2026-01-08 21:49:53.293,PSAR,Hold,0.00|SAR no flip,2026-01-08 21:49:53.647
1020571,TROX,2026-01-08 21:49:53.350,Keltner,Hold,0.00|No Keltner breakout,2026-01-08 21:49:53.703
1020572,TROX,2026-01-08 21:49:53.407,OBV,Hold,0.00|No OBV divergence,2026-01-08 21:49:53.760
1020573,TROX,2026-01-08 21:49:53.460,Aroon,Hold,0.00|No Aroon trend change,2026-01-08 21:49:53.817
1020574,TROX,2026-01-08 21:49:53.517,ROC,Buy,"0.67|ROC momentum burst ? (ROC=21.8%, vol=0.93x)",2026-01-08 21:49:53.867
1020575,TROX,2026-01-08 21:49:53.570,TSI,Hold,0.00|No TSI crossover,2026-01-08 21:49:53.923
1020576,TROX,2026-01-08 21:49:53.627,Vortex,Hold,0.00|No Vortex trend change,2026-01-08 21:49:53.980
1020577,TROX,2026-01-08 21:49:53.680,Confluence,Buy,"0.65|Bullish confluence (4/5): MACD bullish, Volume spike, Price momentum, ADX uptrend",2026-01-08 21:49:54.030
1020578,TROX,2026-01-08 21:49:53.733,Enhanced_Consensus,Hold,Failed validation | conf=0% | quality=72%,2026-01-08 21:49:54.077
1020579,TTWO,2026-01-08 21:49:54.657,SwingFilter,Hold,Weekly trend too weak (1.2%),2026-01-08 21:49:55.000
1020580,TWLO,2026-01-08 21:49:55.387,SwingFilter,Hold,No clear weekly trend direction,2026-01-08 21:49:55.727
1020581,TWST,2026-01-08 05:00:00.000,RelaxedEngine,Hold,Insufficient votes,2026-01-08 21:49:56.203
1020582,TWST,2026-01-08 21:49:55.917,TrendMTF,Hold,0.00|No clear trend setup,2026-01-08 21:49:56.267
1020583,TXG,2026-01-08 05:00:00.000,RealisticConservative,Buy,"? BUY: 7 votes, Composite=66%, Confirms=3 (BB conflict)",2026-01-08 21:49:56.267
1020584,TWST,2026-01-08 21:49:55.973,MeanRevSR,Hold,"0.00|No mean reversion setup (RSI=50.0, regime=High Volatility)",2026-01-08 21:49:56.323
1020585,TXG,2026-01-08 21:49:55.973,TrendMTF,Hold,0.00|No clear trend setup,2026-01-08 21:49:56.323
1020586,TXG,2026-01-08 21:49:56.030,MeanRevSR,Hold,"0.00|No mean reversion setup (RSI=50.0, regime=Weak Trend)",2026-01-08 21:49:56.380
1020587,TWST,2026-01-08 21:49:56.030,BreakoutVol,Hold,0.00|No breakout pattern (ADX=19.7),2026-01-08 21:49:56.380
1020588,TWST,2026-01-08 21:49:56.087,MomentumDiv,Hold,0.00|Indicators not ready,2026-01-08 21:49:56.437
1020589,TXG,2026-01-08 21:49:56.087,BreakoutVol,Hold,0.00|No breakout pattern (ADX=25.3),2026-01-08 21:49:56.437
1020590,TWST,2026-01-08 21:49:56.143,EMA+RSI,Hold,0.00|No EMA crossover,2026-01-08 21:49:56.490
1020591,TXG,2026-01-08 21:49:56.143,MomentumDiv,Hold,0.00|Indicators not ready,2026-01-08 21:49:56.490
1020592,TXG,2026-01-08 21:49:56.197,EMA+RSI,Hold,0.00|No EMA crossover,2026-01-08 21:49:56.547
1020593,TWST,2026-01-08 21:49:56.197,Bollinger,Sell,0.67|Bollinger mean reversion sell (RSI=57.1),2026-01-08 21:49:56.560
1020594,TXG,2026-01-08 21:49:56.253,Bollinger,Sell,0.69|Bollinger mean reversion sell (RSI=65.4),2026-01-08 21:49:56.600
1020595,TWST,2026-01-08 21:49:56.267,ATR,Hold,0.00|Volatility outside swing range: 5.37%,2026-01-08 21:49:56.617
1020596,TXG,2026-01-08 21:49:56.307,ATR,Hold,0.00|No ATR breakout,2026-01-08 21:49:56.650
1020597,TWST,2026-01-08 21:49:56.323,MACD,Hold,0.00|No MACD signal,2026-01-08 21:49:56.670
1020598,TXG,2026-01-08 21:49:56.357,MACD,Buy,0.65|MACD momentum building (hist=0.3373),2026-01-08 21:49:56.707
1020599,TWST,2026-01-08 21:49:56.377,ADX,Hold,0.00|ADX too weak: 19.7 < 22,2026-01-08 21:49:56.727
1020600,TXG,2026-01-08 21:49:56.413,ADX,Buy,0.70|ADX strong trend ? (ADX=25.3),2026-01-08 21:49:56.763
1020601,TWST,2026-01-08 21:49:56.433,Volume,Hold,0.00|Inconsistent price action,2026-01-08 21:49:56.780
1020602,TXG,2026-01-08 21:49:56.470,Volume,Hold,0.00|Volume too low: 1.24x,2026-01-08 21:49:56.820
1020603,TWST,2026-01-08 21:49:56.487,Donchian,Hold,"0.00|Price within channel ($34.74, U=$37.73, L=$29.60)",2026-01-08 21:49:56.837
1020604,TXG,2026-01-08 21:49:56.527,Donchian,Hold,"0.00|Price within channel ($19.29, U=$20.30, L=$15.18)",2026-01-08 21:49:56.877
1020605,TWST,2026-01-08 21:49:56.540,Ichimoku,Buy,0.79|Bullish Ichimoku (price 2.6% above cloud),2026-01-08 21:49:56.890
1020606,TXG,2026-01-08 21:49:56.580,Ichimoku,Buy,1.00|Bullish Ichimoku (price 7.1% above cloud),2026-01-08 21:49:56.927
1020607,TWST,2026-01-08 21:49:56.597,PriceAction,Sell,0.80|Strong downtrend: Lower highs & lower lows confirmed,2026-01-08 21:49:56.947
1020608,TXG,2026-01-08 21:49:56.633,PriceAction,Hold,0.00|No clear price action trend,2026-01-08 21:49:56.983
1020609,TWST,2026-01-08 21:49:56.653,Supertrend,Buy,0.65|Supertrend bullish continuation (6.23% above),2026-01-08 21:49:57.003
1020610,TXG,2026-01-08 21:49:56.690,Supertrend,Buy,0.64|Supertrend bullish continuation (9.83% above),2026-01-08 21:49:57.037
1020611,TXN,2026-01-08 05:00:00.000,RelaxedEngine,Hold,Insufficient votes,2026-01-08 21:49:57.050
1020612,TWST,2026-01-08 21:49:56.710,MeanRevMFI,Hold,0.00|No MFI mean reversion setup,2026-01-08 21:49:57.057
1020613,TVTX,2026-01-08 21:49:56.737,SwingFilter,Hold,No clear weekly trend direction,2026-01-08 21:49:57.083
1020614,TXG,2026-01-08 21:49:56.740,MeanRevMFI,Hold,0.00|No MFI mean reversion setup,2026-01-08 21:49:57.090
1020615,TXN,2026-01-08 21:49:56.757,TrendMTF,Hold,0.00|No clear trend setup,2026-01-08 21:49:57.103
1020616,TWST,2026-01-08 21:49:56.760,TripleMomentum,Hold,0.00|Insufficient momentum consensus,2026-01-08 21:49:57.110
1020617,TXG,2026-01-08 21:49:56.797,TripleMomentum,Hold,0.00|Insufficient momentum consensus,2026-01-08 21:49:57.147
1020618,TXN,2026-01-08 21:49:56.810,MeanRevSR,Hold,"0.00|No mean reversion setup (RSI=50.0, regime=Quiet Market)",2026-01-08 21:49:57.160
1020619,TWST,2026-01-08 21:49:56.817,SRBounce,Sell,0.78|Rejection at resistance @ $35.26,2026-01-08 21:49:57.167
1020620,TXG,2026-01-08 21:49:56.853,SRBounce,Hold,0.00|Not near key S/R levels,2026-01-08 21:49:57.200
1020621,TXN,2026-01-08 21:49:56.867,BreakoutVol,Hold,0.00|No breakout pattern (ADX=19.9),2026-01-08 21:49:57.217
1020622,TWST,2026-01-08 21:49:56.873,CMFMomentum,Hold,0.00|No CMF momentum signal,2026-01-08 21:49:57.223
1020623,TXG,2026-01-08 21:49:56.907,CMFMomentum,Hold,0.00|No CMF momentum signal,2026-01-08 21:49:57.257
1020624,TXN,2026-01-08 21:49:56.923,MomentumDiv,Hold,0.00|Indicators not ready,2026-01-08 21:49:57.270
1020625,TWST,2026-01-08 21:49:56.930,ForceIndex,Hold,0.00|No Force Index breakout,2026-01-08 21:49:57.273
1020626,TXG,2026-01-08 21:49:56.963,ForceIndex,Hold,0.00|No Force Index breakout,2026-01-08 21:49:57.310
1020627,TWST,2026-01-08 21:49:56.980,WilliamsR,Sell,0.80|Williams %R overbought reversal (-44.4 from -16.6),2026-01-08 21:49:57.327
1020628,TXN,2026-01-08 21:49:56.980,EMA+RSI,Hold,0.00|No EMA crossover,2026-01-08 21:49:57.327
1020629,TXG,2026-01-08 21:49:57.017,WilliamsR,Sell,0.80|Williams %R overbought reversal (-22.5 from -6.6),2026-01-08 21:49:57.367
1020630,TWST,2026-01-08 21:49:57.033,PSAR,Hold,0.00|SAR no flip,2026-01-08 21:49:57.377
1020631,TXN,2026-01-08 21:49:57.033,Bollinger,Sell,0.70|Bollinger mean reversion sell (RSI=64.0),2026-01-08 21:49:57.383
1020632,TXG,2026-01-08 21:49:57.073,PSAR,Hold,0.00|SAR no flip,2026-01-08 21:49:57.420
1020633,TWST,2026-01-08 21:49:57.087,Keltner,Hold,0.00|No Keltner breakout,2026-01-08 21:49:57.433
1020634,TXN,2026-01-08 21:49:57.090,ATR,Hold,0.00|No ATR breakout,2026-01-08 21:49:57.440
1020635,TXG,2026-01-08 21:49:57.130,Keltner,Hold,0.00|No Keltner breakout,2026-01-08 21:49:57.480
1020636,TWST,2026-01-08 21:49:57.140,OBV,Hold,0.00|No OBV divergence,2026-01-08 21:49:57.490
1020637,TXN,2026-01-08 21:49:57.147,MACD,Buy,0.65|MACD momentum building (hist=0.9128),2026-01-08 21:49:57.493
1020638,TXG,2026-01-08 21:49:57.190,OBV,Hold,0.00|No OBV divergence,2026-01-08 21:49:57.537
1020639,TWST,2026-01-08 21:49:57.197,Aroon,Hold,0.00|No Aroon trend change,2026-01-08 21:49:57.540
1020640,TXN,2026-01-08 21:49:57.203,ADX,Hold,0.00|ADX too weak: 19.9 < 22,2026-01-08 21:49:57.550
1020641,TWST,2026-01-08 21:49:57.250,ROC,Hold,0.00|No ROC momentum burst,2026-01-08 21:49:57.593
1020642,TXG,2026-01-08 21:49:57.247,Aroon,Hold,0.00|No Aroon trend change,2026-01-08 21:49:57.593
1020643,TXN,2026-01-08 21:49:57.260,Volume,Hold,0.00|Volume too low: 1.01x,2026-01-08 21:49:57.607
1020644,TXG,2026-01-08 21:49:57.300,ROC,Hold,0.00|No ROC momentum burst,2026-01-08 21:49:57.650
1020645,TWST,2026-01-08 21:49:57.300,TSI,Hold,0.00|No TSI crossover,2026-01-08 21:49:57.650
1020646,TXN,2026-01-08 21:49:57.313,Donchian,Hold,"0.00|Price within channel ($188.45, U=$192.92, L=$173.44)",2026-01-08 21:49:57.663
1020647,TXG,2026-01-08 21:49:57.357,TSI,Hold,0.00|No TSI crossover,2026-01-08 21:49:57.707
1020648,TWST,2026-01-08 21:49:57.357,Vortex,Hold,0.00|No Vortex trend change,2026-01-08 21:49:57.707
1020649,TXN,2026-01-08 21:49:57.370,Ichimoku,Buy,0.93|Bullish Ichimoku (price 3.5% above cloud),2026-01-08 21:49:57.720
1020650,TXG,2026-01-08 21:49:57.413,Vortex,Hold,0.00|No Vortex trend change,2026-01-08 21:49:57.757
1020651,TWST,2026-01-08 21:49:57.413,Confluence,Hold,0.00|Insufficient confluence (score=2),2026-01-08 21:49:57.760
1020652,TXN,2026-01-08 21:49:57.427,PriceAction,Hold,0.00|No clear price action trend,2026-01-08 21:49:57.773
1020653,TXG,2026-01-08 21:49:57.467,Confluence,Buy,"0.65|Bullish confluence (4/5): MACD bullish, Volume spike, Price momentum, ADX uptrend",2026-01-08 21:49:57.810
1020654,TWST,2026-01-08 21:49:57.470,Enhanced_Consensus,Hold,Insufficient votes | conf=0% | quality=0%,2026-01-08 21:49:57.813
1020655,TXN,2026-01-08 21:49:57.483,Supertrend,Buy,0.65|Supertrend bullish continuation (7.03% above),2026-01-08 21:49:57.830
1020656,TXG,2026-01-08 21:49:57.517,Enhanced_Consensus,Buy,"? BUY: 7 votes, Composite=66%, Confirms=3 (BB conflict) | conf=70% | quality=72%",2026-01-08 21:49:57.867
1020657,TXN,2026-01-08 21:49:57.537,MeanRevMFI,Hold,0.00|No MFI mean reversion setup,2026-01-08 21:49:57.887
1020658,TXG,2026-01-08 21:49:57.573,Enhanced_Entry,Buy,"entry=$19.31, qty=65, stop=$1.54, quality=72%",2026-01-08 21:49:57.917
1020659,TXN,2026-01-08 21:49:57.593,TripleMomentum,Buy,1.00|Triple momentum bullish (3/3 indicators),2026-01-08 21:49:57.943
1020660,TXN,2026-01-08 21:49:57.650,SRBounce,Hold,0.00|Not near key S/R levels,2026-01-08 21:49:58.000
1020661,TXN,2026-01-08 21:49:57.707,CMFMomentum,Hold,0.00|No CMF momentum signal,2026-01-08 21:49:58.053
1020662,TXN,2026-01-08 21:49:57.763,ForceIndex,Hold,0.00|No Force Index breakout,2026-01-08 21:49:58.110
1020663,TXN,2026-01-08 21:49:57.820,WilliamsR,Hold,0.00|No Williams %R reversal signal,2026-01-08 21:49:58.167
1020664,TXN,2026-01-08 21:49:57.873,PSAR,Hold,0.00|SAR no flip,2026-01-08 21:49:58.223
1020665,UAA,2026-01-08 05:00:00.000,RelaxedEngine,Hold,Failed validation,2026-01-08 21:49:58.250
1020666,TXN,2026-01-08 21:49:57.930,Keltner,Hold,0.00|No Keltner breakout,2026-01-08 21:49:58.270
1020667,UAA,2026-01-08 21:49:57.960,TrendMTF,Hold,0.00|No clear trend setup,2026-01-08 21:49:58.300
1020668,UA,2026-01-08 05:00:00.000,RelaxedEngine,Hold,Failed validation,2026-01-08 21:49:58.303
1020669,TXN,2026-01-08 21:49:57.987,OBV,Hold,0.00|No OBV divergence,2026-01-08 21:49:58.327
1020670,UAA,2026-01-08 21:49:58.013,MeanRevSR,Hold,"0.00|No mean reversion setup (RSI=50.0, regime=Weak Trend)",2026-01-08 21:49:58.350
1020671,UA,2026-01-08 21:49:58.017,TrendMTF,Hold,0.00|No clear trend setup,2026-01-08 21:49:58.353
1020672,TXN,2026-01-08 21:49:58.043,Aroon,Hold,0.00|No Aroon trend change,2026-01-08 21:49:58.383
1020673,UAA,2026-01-08 21:49:58.067,BreakoutVol,Hold,0.00|No breakout pattern (ADX=40.7),2026-01-08 21:49:58.407
1020674,UA,2026-01-08 21:49:58.070,MeanRevSR,Hold,"0.00|No mean reversion setup (RSI=50.0, regime=High Volatility)",2026-01-08 21:49:58.410
1020675,TXN,2026-01-08 21:49:58.103,ROC,Hold,0.00|No ROC momentum burst,2026-01-08 21:49:58.443
1020676,UAA,2026-01-08 21:49:58.120,MomentumDiv,Hold,0.00|Indicators not ready,2026-01-08 21:49:58.460
1020677,UA,2026-01-08 21:49:58.123,BreakoutVol,Hold,0.00|No breakout pattern (ADX=35.3),2026-01-08 21:49:58.463
1020678,TXN,2026-01-08 21:49:58.160,TSI,Hold,0.00|No TSI crossover,2026-01-08 21:49:58.500
1020679,UAA,2026-01-08 21:49:58.173,EMA+RSI,Buy,"0.60|EMA(20/50) crossover ? ",2026-01-08 21:49:58.513
1020680,UA,2026-01-08 21:49:58.177,MomentumDiv,Hold,0.00|Indicators not ready,2026-01-08 21:49:58.520
1020681,TXN,2026-01-08 21:49:58.213,Vortex,Hold,0.00|No Vortex trend change,2026-01-08 21:49:58.557
1020682,UAA,2026-01-08 21:49:58.230,Bollinger,Hold,0.00|Strong uptrend - avoid shorting momentum,2026-01-08 21:49:58.570
1020683,UA,2026-01-08 21:49:58.233,EMA+RSI,Buy,"0.60|EMA(20/50) crossover ? ",2026-01-08 21:49:58.573
1020684,TXN,2026-01-08 21:49:58.273,Confluence,Hold,0.00|Insufficient confluence (score=2),2026-01-08 21:49:58.610
1020685,UAA,2026-01-08 21:49:58.287,ATR,Hold,0.00|No ATR breakout,2026-01-08 21:49:58.627
1020686,UA,2026-01-08 21:49:58.290,Bollinger,Hold,0.00|Strong uptrend - avoid shorting momentum,2026-01-08 21:49:58.630
1020687,TXN,2026-01-08 21:49:58.327,Enhanced_Consensus,Hold,Insufficient votes | conf=0% | quality=0%,2026-01-08 21:49:58.667
1020688,UAA,2026-01-08 21:49:58.340,MACD,Buy,0.65|MACD momentum building (hist=0.1457),2026-01-08 21:49:58.680
1020689,UA,2026-01-08 21:49:58.347,ATR,Hold,0.00|No ATR breakout,2026-01-08 21:49:58.687
1020690,UAA,2026-01-08 21:49:58.393,ADX,Buy,0.85|ADX strong trend ? (ADX=40.7),2026-01-08 21:49:58.733
1020691,UA,2026-01-08 21:49:58.403,MACD,Buy,0.65|MACD momentum building (hist=0.1442),2026-01-08 21:49:58.770
1020692,UAA,2026-01-08 21:49:58.450,Volume,Buy,0.64|Volume spike 1.4x with upward momentum,2026-01-08 21:49:58.790
1020693,UA,2026-01-08 21:49:58.487,ADX,Buy,0.85|ADX strong trend ? (ADX=35.3),2026-01-08 21:49:58.827
1020694,UAA,2026-01-08 21:49:58.507,Donchian,Hold,"0.00|Price within channel ($6.00, U=$6.10, L=$4.26)",2026-01-08 21:49:58.847
1020695,UA,2026-01-08 21:49:58.543,Volume,Buy,0.71|Volume spike 1.5x with upward momentum,2026-01-08 21:49:58.887
1020696,UAA,2026-01-08 21:49:58.560,Ichimoku,Buy,1.00|Bullish Ichimoku (price 12.3% above cloud),2026-01-08 21:49:58.903
1020697,UA,2026-01-08 21:49:58.600,Donchian,Hold,"0.00|Price within channel ($5.80, U=$5.89, L=$4.07)",2026-01-08 21:49:58.940
1020698,UAA,2026-01-08 21:49:58.617,PriceAction,Hold,0.00|No clear price action trend,2026-01-08 21:49:58.960
1020699,UA,2026-01-08 21:49:58.657,Ichimoku,Buy,1.00|Bullish Ichimoku (price 12.8% above cloud),2026-01-08 21:49:58.993
1020700,UAA,2026-01-08 21:49:58.673,Supertrend,Buy,0.61|Supertrend bullish continuation (12.62% above),2026-01-08 21:49:59.013
1020701,UA,2026-01-08 21:49:58.710,PriceAction,Sell,0.80|Strong downtrend: Lower highs & lower lows confirmed,2026-01-08 21:49:59.050
1020702,UAA,2026-01-08 21:49:58.730,MeanRevMFI,Hold,0.00|No MFI mean reversion setup,2026-01-08 21:49:59.070
1020703,UAMY,2026-01-08 21:49:58.737,SwingFilter,Hold,Volatility too high (10.57%) - excessive risk,2026-01-08 21:49:59.080
1020704,UA,2026-01-08 21:49:58.767,Supertrend,Buy,0.61|Supertrend bullish continuation (12.62% above),2026-01-08 21:49:59.107
1020705,UAA,2026-01-08 21:49:58.783,TripleMomentum,Buy,1.00|Triple momentum bullish (3/3 indicators),2026-01-08 21:49:59.123
1020706,UA,2026-01-08 21:49:58.823,MeanRevMFI,Hold,0.00|No MFI mean reversion setup,2026-01-08 21:49:59.163
1020707,UAA,2026-01-08 21:49:58.837,SRBounce,Hold,0.00|Not near key S/R levels,2026-01-08 21:49:59.180
1020708,UA,2026-01-08 21:49:58.877,TripleMomentum,Buy,1.00|Triple momentum bullish (3/3 indicators),2026-01-08 21:49:59.220
1020709,UAA,2026-01-08 21:49:58.893,CMFMomentum,Hold,0.00|No CMF momentum signal,2026-01-08 21:49:59.233
1020710,UA,2026-01-08 21:49:58.933,SRBounce,Hold,0.00|Not near key S/R levels,2026-01-08 21:49:59.273
1020711,UAA,2026-01-08 21:49:58.950,ForceIndex,Hold,0.00|No Force Index breakout,2026-01-08 21:49:59.290
1020712,UA,2026-01-08 21:49:58.990,CMFMomentum,Buy,"0.75|CMF accumulation (CMF=0.196, RSI=82)",2026-01-08 21:49:59.330
1020713,UAA,2026-01-08 21:49:59.007,WilliamsR,Hold,0.00|No Williams %R reversal signal,2026-01-08 21:49:59.343
1020714,UA,2026-01-08 21:49:59.043,ForceIndex,Hold,0.00|No Force Index breakout,2026-01-08 21:49:59.383
1020715,UAA,2026-01-08 21:49:59.057,PSAR,Hold,0.00|SAR no flip,2026-01-08 21:49:59.400
1020716,UA,2026-01-08 21:49:59.097,WilliamsR,Hold,0.00|No Williams %R reversal signal,2026-01-08 21:49:59.443
1020717,UAA,2026-01-08 21:49:59.113,Keltner,Hold,0.00|No Keltner breakout,2026-01-08 21:49:59.460
1020718,UA,2026-01-08 21:49:59.160,PSAR,Hold,0.00|SAR no flip,2026-01-08 21:49:59.500
1020719,UAA,2026-01-08 21:49:59.173,OBV,Hold,0.00|No OBV divergence,2026-01-08 21:49:59.513
1020720,UA,2026-01-08 21:49:59.213,Keltner,Hold,0.00|No Keltner breakout,2026-01-08 21:49:59.553
1020721,UAA,2026-01-08 21:49:59.230,Aroon,Hold,0.00|No Aroon trend change,2026-01-08 21:49:59.567
1020722,UA,2026-01-08 21:49:59.270,OBV,Hold,0.00|No OBV divergence,2026-01-08 21:49:59.610
1020723,UAA,2026-01-08 21:49:59.287,ROC,Buy,"0.61|ROC momentum burst ? (ROC=32.5%, vol=1.16x)",2026-01-08 21:49:59.627
1020724,UA,2026-01-08 21:49:59.327,Aroon,Hold,0.00|No Aroon trend change,2026-01-08 21:49:59.667
1020725,UAA,2026-01-08 21:49:59.340,TSI,Hold,0.00|No TSI crossover,2026-01-08 21:49:59.680
1020726,UA,2026-01-08 21:49:59.380,ROC,Buy,"0.60|ROC momentum burst ? (ROC=34.3%, vol=1.30x)",2026-01-08 21:49:59.723
1020727,UAA,2026-01-08 21:49:59.393,Vortex,Hold,0.00|No Vortex trend change,2026-01-08 21:49:59.733
1020728,UA,2026-01-08 21:49:59.437,TSI,Hold,0.00|No TSI crossover,2026-01-08 21:49:59.780
1020729,UAA,2026-01-08 21:49:59.450,Confluence,Hold,0.00|Insufficient confluence (score=3),2026-01-08 21:49:59.790
1020730,UA,2026-01-08 21:49:59.493,Vortex,Hold,0.00|No Vortex trend change,2026-01-08 21:49:59.833
1020731,UAA,2026-01-08 21:49:59.503,Enhanced_Consensus,Hold,Failed validation | conf=0% | quality=79%,2026-01-08 21:49:59.843
1020732,UA,2026-01-08 21:49:59.550,Confluence,Buy,"0.65|Bullish confluence (4/5): MACD bullish, Volume spike, Price momentum, ADX uptrend",2026-01-08 21:49:59.890
1020733,UA,2026-01-08 21:49:59.607,Enhanced_Consensus,Hold,Failed validation | conf=0% | quality=81%,2026-01-08 21:49:59.947
1020734,UGI,2026-01-08 21:49:59.927,SwingFilter,Hold,Weekly trend too weak (0.3%),2026-01-08 21:50:00.267
1020735,UNP,2026-01-08 21:50:01.303,SwingFilter,Hold,Weekly trend too weak (0.5%),2026-01-08 21:50:01.653
1020736,UPS,2026-01-08 05:00:00.000,RelaxedEngine,Hold,Failed validation,2026-01-08 21:50:02.107
1020737,UPS,2026-01-08 21:50:01.810,TrendMTF,Hold,0.00|No clear trend setup,2026-01-08 21:50:02.160
1020738,UPS,2026-01-08 21:50:01.867,MeanRevSR,Hold,"0.00|No mean reversion setup (RSI=50.0, regime=Weak Trend)",2026-01-08 21:50:02.217
1020739,UPS,2026-01-08 21:50:01.920,BreakoutVol,Hold,0.00|No breakout pattern (ADX=34.4),2026-01-08 21:50:02.273
1020740,UPS,2026-01-08 21:50:01.977,MomentumDiv,Hold,0.00|Indicators not ready,2026-01-08 21:50:02.330
1020741,UPS,2026-01-08 21:50:02.033,EMA+RSI,Hold,0.00|No EMA crossover,2026-01-08 21:50:02.387
1020742,UPS,2026-01-08 21:50:02.090,Bollinger,Sell,0.71|Bollinger mean reversion sell (RSI=74.7),2026-01-08 21:50:02.440
1020743,UPS,2026-01-08 21:50:02.147,ATR,Hold,0.00|No ATR breakout,2026-01-08 21:50:02.493
1020744,UPS,2026-01-08 21:50:02.197,MACD,Buy,0.65|MACD momentum building (hist=0.4058),2026-01-08 21:50:02.547
1020745,UPS,2026-01-08 21:50:02.250,ADX,Buy,0.85|ADX strong trend ? (ADX=34.4),2026-01-08 21:50:02.600
1020746,UP,2026-01-08 21:50:02.260,SwingFilter,Hold,Volatility too high (12.52%) - excessive risk,2026-01-08 21:50:02.610
1020747,UPS,2026-01-08 21:50:02.307,Volume,Hold,0.00|Volume too low: 1.11x,2026-01-08 21:50:02.643
1020748,UPS,2026-01-08 21:50:02.360,Donchian,Hold,"0.00|Price within channel ($106.97, U=$107.95, L=$94.50)",2026-01-08 21:50:02.700
1020749,UPS,2026-01-08 21:50:02.413,Ichimoku,Buy,1.00|Bullish Ichimoku (price 4.5% above cloud),2026-01-08 21:50:02.753
1020750,UPS,2026-01-08 21:50:02.463,PriceAction,Hold,0.00|No clear price action trend,2026-01-08 21:50:02.803
1020751,UPS,2026-01-08 21:50:02.517,Supertrend,Buy,0.65|Supertrend bullish continuation (5.66% above),2026-01-08 21:50:02.860
1020752,UPS,2026-01-08 21:50:02.573,MeanRevMFI,Hold,0.00|No MFI mean reversion setup,2026-01-08 21:50:02.913
1020753,UPS,2026-01-08 21:50:02.627,TripleMomentum,Buy,1.00|Triple momentum bullish (3/3 indicators),2026-01-08 21:50:02.970
1020754,UPS,2026-01-08 21:50:02.680,SRBounce,Hold,0.00|Not near key S/R levels,2026-01-08 21:50:03.020
1020755,UPS,2026-01-08 21:50:02.733,CMFMomentum,Hold,0.00|No CMF momentum signal,2026-01-08 21:50:03.077
1020756,UPS,2026-01-08 21:50:02.803,ForceIndex,Hold,0.00|No Force Index breakout,2026-01-08 21:50:03.143
1020757,UPS,2026-01-08 21:50:02.857,WilliamsR,Hold,0.00|No Williams %R reversal signal,2026-01-08 21:50:03.200
1020758,UPS,2026-01-08 21:50:02.913,PSAR,Hold,0.00|SAR no flip,2026-01-08 21:50:03.257
1020759,UPS,2026-01-08 21:50:02.973,Keltner,Hold,0.00|No Keltner breakout,2026-01-08 21:50:03.317
1020760,UPS,2026-01-08 21:50:03.030,OBV,Hold,0.00|No OBV divergence,2026-01-08 21:50:03.373
1020761,UPS,2026-01-08 21:50:03.087,Aroon,Hold,0.00|No Aroon trend change,2026-01-08 21:50:03.423
1020762,URG,2026-01-08 05:00:00.000,RelaxedEngine,Hold,REJECT - Insufficient confirmations,2026-01-08 21:50:03.443
1020763,UPS,2026-01-08 21:50:03.137,ROC,Buy,"0.60|ROC momentum burst ? (ROC=5.0%, vol=1.12x)",2026-01-08 21:50:03.480
1020764,URG,2026-01-08 21:50:03.157,TrendMTF,Hold,0.00|No clear trend setup,2026-01-08 21:50:03.497
1020765,UPS,2026-01-08 21:50:03.193,TSI,Hold,0.00|No TSI crossover,2026-01-08 21:50:03.537
1020766,URG,2026-01-08 21:50:03.210,MeanRevSR,Hold,"0.00|No mean reversion setup (RSI=50.0, regime=High Volatility)",2026-01-08 21:50:03.550
1020767,UPS,2026-01-08 21:50:03.250,Vortex,Hold,0.00|No Vortex trend change,2026-01-08 21:50:03.590
1020768,URG,2026-01-08 21:50:03.263,BreakoutVol,Hold,0.00|No breakout pattern (ADX=29.1),2026-01-08 21:50:03.603
1020769,UPS,2026-01-08 21:50:03.300,Confluence,Hold,0.00|Insufficient confluence (score=3),2026-01-08 21:50:03.640
1020770,URG,2026-01-08 21:50:03.320,MomentumDiv,Hold,0.00|Indicators not ready,2026-01-08 21:50:03.667
1020771,UPS,2026-01-08 21:50:03.353,Enhanced_Consensus,Hold,Failed validation | conf=0% | quality=62%,2026-01-08 21:50:03.703
1020772,URG,2026-01-08 21:50:03.373,EMA+RSI,Buy,"0.60|EMA(20/50) crossover ? ",2026-01-08 21:50:03.720
1020773,URG,2026-01-08 21:50:03.427,Bollinger,Sell,0.70|Bollinger mean reversion sell (RSI=67.1),2026-01-08 21:50:03.770
1020774,URG,2026-01-08 21:50:03.480,ATR,Hold,0.00|Volatility outside swing range: 5.48%,2026-01-08 21:50:03.827
1020775,URG,2026-01-08 21:50:03.533,MACD,Hold,0.00|No MACD signal,2026-01-08 21:50:03.883
1020776,URG,2026-01-08 21:50:03.590,ADX,Buy,0.80|ADX strong trend ? (ADX=29.1),2026-01-08 21:50:03.940
1020777,URG,2026-01-08 21:50:03.647,Volume,Hold,0.00|Volume too low: 0.50x,2026-01-08 21:50:03.993
1020778,URG,2026-01-08 21:50:03.700,Donchian,Hold,"0.00|Price within channel ($1.63, U=$1.68, L=$1.17)",2026-01-08 21:50:04.050
1020779,URG,2026-01-08 21:50:03.757,Ichimoku,Buy,1.00|Bullish Ichimoku (price 9.8% above cloud),2026-01-08 21:50:04.107
1020780,URG,2026-01-08 21:50:03.813,PriceAction,Buy,0.80|Strong uptrend: Higher highs & higher lows confirmed,2026-01-08 21:50:04.163
1020781,URG,2026-01-08 21:50:03.870,Supertrend,Buy,0.61|Supertrend bullish continuation (12.93% above),2026-01-08 21:50:04.220
1020782,URG,2026-01-08 21:50:03.927,MeanRevMFI,Sell,"0.71|MFI overbought reversal (MFI=79.4, band=93%)",2026-01-08 21:50:04.270
1020783,URG,2026-01-08 21:50:03.977,TripleMomentum,Hold,0.00|Insufficient momentum consensus,2026-01-08 21:50:04.330
1020784,URG,2026-01-08 21:50:04.040,SRBounce,Hold,0.00|Not near key S/R levels,2026-01-08 21:50:04.387
1020785,URG,2026-01-08 21:50:04.093,CMFMomentum,Buy,"0.90|CMF accumulation (CMF=0.381, RSI=67)",2026-01-08 21:50:04.443
1020786,URG,2026-01-08 21:50:04.150,ForceIndex,Hold,0.00|No Force Index breakout,2026-01-08 21:50:04.500
1020787,URG,2026-01-08 21:50:04.207,WilliamsR,Hold,0.00|No Williams %R reversal signal,2026-01-08 21:50:04.553
1020788,URG,2026-01-08 21:50:04.263,PSAR,Hold,0.00|SAR no flip,2026-01-08 21:50:04.610
1020789,URG,2026-01-08 21:50:04.317,Keltner,Hold,0.00|No Keltner breakout,2026-01-08 21:50:04.663
1020790,USFD,2026-01-08 21:50:04.353,SwingFilter,Hold,Weekly trend too weak (1.0%),2026-01-08 21:50:04.710
1020791,URG,2026-01-08 21:50:04.370,OBV,Hold,0.00|No OBV divergence,2026-01-08 21:50:04.720
1020792,URG,2026-01-08 21:50:04.420,Aroon,Hold,0.00|No Aroon trend change,2026-01-08 21:50:04.773
1020793,URG,2026-01-08 21:50:04.473,ROC,Hold,0.00|No ROC momentum burst,2026-01-08 21:50:04.827
1020794,URG,2026-01-08 21:50:04.527,TSI,Hold,0.00|No TSI crossover,2026-01-08 21:50:04.880
1020795,URG,2026-01-08 21:50:04.580,Vortex,Hold,0.00|No Vortex trend change,2026-01-08 21:50:04.993
1020796,URG,2026-01-08 21:50:04.693,Confluence,Hold,0.00|Insufficient confluence (score=2),2026-01-08 21:50:05.050
1020797,URG,2026-01-08 21:50:04.750,Enhanced_Consensus,Hold,REJECT - Insufficient confirmations | conf=0% | quality=65%,2026-01-08 21:50:05.100
1020798,VEEV,2026-01-08 21:50:05.887,SwingFilter,Hold,Weekly trend too weak (0.1%),2026-01-08 21:50:06.227
1020799,VERA,2026-01-08 21:50:06.337,SwingFilter,Hold,No clear weekly trend direction,2026-01-08 21:50:06.677
1020800,VERX,2026-01-08 21:50:07.907,SwingFilter,Hold,No clear weekly trend direction,2026-01-08 21:50:08.250
1020801,VLO,2026-01-08 05:00:00.000,RelaxedEngine,Hold,Failed validation,2026-01-08 21:50:09.363
1020802,VLO,2026-01-08 21:50:09.077,TrendMTF,Hold,0.00|No clear trend setup,2026-01-08 21:50:09.413
1020803,VLO,2026-01-08 21:50:09.130,MeanRevSR,Hold,"0.00|No mean reversion setup (RSI=50.0, regime=High Volatility)",2026-01-08 21:50:09.470
1020804,VLO,2026-01-08 21:50:09.187,BreakoutVol,Hold,0.00|No breakout pattern (ADX=26.3),2026-01-08 21:50:09.527
1020805,VLO,2026-01-08 21:50:09.243,MomentumDiv,Hold,0.00|Indicators not ready,2026-01-08 21:50:09.583
1020806,VLO,2026-01-08 21:50:09.297,EMA+RSI,Buy,"0.60|EMA(20/50) crossover ? ",2026-01-08 21:50:09.640
1020807,VLO,2026-01-08 21:50:09.353,Bollinger,Sell,0.73|Bollinger mean reversion sell (RSI=72.8),2026-01-08 21:50:09.693
1020808,VLO,2026-01-08 21:50:09.410,ATR,Hold,0.00|No ATR breakout,2026-01-08 21:50:09.750
1020809,VLTO,2026-01-08 21:50:09.413,SwingFilter,Hold,Weekly trend too weak (1.1%),2026-01-08 21:50:09.753
1020810,VLO,2026-01-08 21:50:09.467,MACD,Buy,0.65|MACD momentum building (hist=2.9484),2026-01-08 21:50:09.807
1020811,VLO,2026-01-08 21:50:09.523,ADX,Buy,0.72|ADX strong trend ? (ADX=26.3),2026-01-08 21:50:09.863
1020812,VLO,2026-01-08 21:50:09.577,Volume,Buy,0.85|Volume spike 1.8x with upward momentum,2026-01-08 21:50:09.920
1020813,VLO,2026-01-08 21:50:09.633,Donchian,Hold,"0.00|Price within channel ($191.32, U=$192.00, L=$159.90)",2026-01-08 21:50:09.973
1020814,VLO,2026-01-08 21:50:09.690,Ichimoku,Hold,0.00|Cloud too thin: 0.14% (need >1%),2026-01-08 21:50:10.030
1020815,VLO,2026-01-08 21:50:09.743,PriceAction,Buy,0.80|Strong uptrend: Higher highs & higher lows confirmed,2026-01-08 21:50:10.087
1020816,VLO,2026-01-08 21:50:09.800,Supertrend,Buy,0.63|Supertrend bullish continuation (10.39% above),2026-01-08 21:50:10.143
1020817,VLO,2026-01-08 21:50:09.857,MeanRevMFI,Hold,0.00|No MFI mean reversion setup,2026-01-08 21:50:10.200
1020818,VLO,2026-01-08 21:50:09.913,TripleMomentum,Buy,1.00|Triple momentum bullish (3/3 indicators),2026-01-08 21:50:10.250
1020819,VLO,2026-01-08 21:50:09.967,SRBounce,Hold,0.00|Not near key S/R levels,2026-01-08 21:50:10.307
1020820,VLO,2026-01-08 21:50:10.020,CMFMomentum,Hold,0.00|No CMF momentum signal,2026-01-08 21:50:10.363
1020821,VLO,2026-01-08 21:50:10.077,ForceIndex,Hold,0.00|No Force Index breakout,2026-01-08 21:50:10.420
1020822,VLO,2026-01-08 21:50:10.133,WilliamsR,Hold,0.00|No Williams %R reversal signal,2026-01-08 21:50:10.477
1020823,VLO,2026-01-08 21:50:10.190,PSAR,Hold,0.00|SAR no flip,2026-01-08 21:50:10.530
1020824,VLO,2026-01-08 21:50:10.247,Keltner,Hold,0.00|No Keltner breakout,2026-01-08 21:50:10.587
1020825,VMEO,2026-01-08 21:50:10.277,SwingFilter,Hold,Volatility too low (0.40%) - no swing opportunity,2026-01-08 21:50:10.617
1020826,VLO,2026-01-08 21:50:10.303,OBV,Hold,0.00|No OBV divergence,2026-01-08 21:50:10.643
1020827,VIR,2026-01-08 21:50:10.330,SwingFilter,Hold,Weekly trend too weak (1.2%),2026-01-08 21:50:10.670
1020828,VLO,2026-01-08 21:50:10.357,Aroon,Hold,0.00|No Aroon trend change,2026-01-08 21:50:10.700
1020829,VLO,2026-01-08 21:50:10.413,ROC,Buy,"0.89|ROC momentum burst ? (ROC=17.6%, vol=1.68x)",2026-01-08 21:50:10.757
1020830,VLO,2026-01-08 21:50:10.470,TSI,Hold,0.00|No TSI crossover,2026-01-08 21:50:10.810
1020831,VLO,2026-01-08 21:50:10.527,Vortex,Hold,0.00|No Vortex trend change,2026-01-08 21:50:10.867
1020832,VLO,2026-01-08 21:50:10.580,Confluence,Buy,"0.65|Bullish confluence (4/5): MACD bullish, Volume spike, Price momentum, ADX uptrend",2026-01-08 21:50:10.920
1020833,VLO,2026-01-08 21:50:10.633,Enhanced_Consensus,Hold,Failed validation | conf=0% | quality=69%,2026-01-08 21:50:10.977
1020834,VNO,2026-01-08 21:50:10.783,SwingFilter,Hold,No clear weekly trend direction,2026-01-08 21:50:11.127
1020835,VNOM,2026-01-08 05:00:00.000,RelaxedEngine,Hold,Insufficient votes,2026-01-08 21:50:11.187
1020836,VNOM,2026-01-08 21:50:10.900,TrendMTF,Hold,0.00|No clear trend setup,2026-01-08 21:50:11.243
1020837,VNOM,2026-01-08 21:50:10.957,MeanRevSR,Hold,"0.00|No mean reversion setup (RSI=50.0, regime=High Volatility)",2026-01-08 21:50:11.300
1020838,VNOM,2026-01-08 21:50:11.013,BreakoutVol,Hold,0.00|No breakout pattern (ADX=21.5),2026-01-08 21:50:11.357
1020839,VNOM,2026-01-08 21:50:11.070,MomentumDiv,Hold,0.00|Indicators not ready,2026-01-08 21:50:11.410
1020840,VNOM,2026-01-08 21:50:11.127,EMA+RSI,Hold,0.00|EMA sell rejected: EMAs too close (0.34%),2026-01-08 21:50:11.470
1020841,VNOM,2026-01-08 21:50:11.187,Bollinger,Buy,0.70|Bollinger mean reversion buy (RSI=37.5),2026-01-08 21:50:11.527
1020842,VNOM,2026-01-08 21:50:11.240,ATR,Hold,0.00|No ATR breakout,2026-01-08 21:50:11.583
1020843,VNOM,2026-01-08 21:50:11.307,MACD,Sell,0.65|MACD momentum building (hist=-0.3523),2026-01-08 21:50:11.647
1020844,VNOM,2026-01-08 21:50:11.363,ADX,Hold,0.00|ADX too weak: 21.5 < 22,2026-01-08 21:50:11.703
1020845,VNOM,2026-01-08 21:50:11.417,Volume,Sell,0.85|Volume spike 2.2x with downward momentum,2026-01-08 21:50:11.760
1020846,VNOM,2026-01-08 21:50:11.473,Donchian,Hold,"0.00|Price within channel ($36.30, U=$41.62, L=$35.45)",2026-01-08 21:50:11.817
1020847,VNOM,2026-01-08 21:50:11.530,Ichimoku,Hold,0.00|Cloud too thin: 0.85% (need >1%),2026-01-08 21:50:11.890
1020848,VNOM,2026-01-08 21:50:11.607,PriceAction,Hold,0.00|No clear price action trend,2026-01-08 21:50:11.947
1020849,VNOM,2026-01-08 21:50:11.660,Supertrend,Sell,0.65|Supertrend bearish continuation (7.68% below),2026-01-08 21:50:12.003
1020850,VNOM,2026-01-08 21:50:11.717,MeanRevMFI,Hold,0.00|No MFI mean reversion setup,2026-01-08 21:50:12.060
1020851,VNOM,2026-01-08 21:50:11.773,TripleMomentum,Hold,0.00|Insufficient momentum consensus,2026-01-08 21:50:12.117
1020852,VNOM,2026-01-08 21:50:11.830,SRBounce,Hold,0.00|Not near key S/R levels,2026-01-08 21:50:12.170
1020853,VNOM,2026-01-08 21:50:11.883,CMFMomentum,Hold,0.00|No CMF momentum signal,2026-01-08 21:50:12.223
1020854,VNOM,2026-01-08 21:50:11.937,ForceIndex,Hold,0.00|No Force Index breakout,2026-01-08 21:50:12.277
1020855,VRNS,2026-01-08 21:50:11.970,SwingFilter,Hold,Weekly trend too weak (0.5%),2026-01-08 21:50:12.307
1020856,VRDN,2026-01-08 21:50:11.970,SwingFilter,Hold,No clear weekly trend direction,2026-01-08 21:50:12.310
1020857,VNOM,2026-01-08 21:50:11.990,WilliamsR,Hold,0.00|No Williams %R reversal signal,2026-01-08 21:50:12.330
1020858,VNOM,2026-01-08 21:50:12.047,PSAR,Hold,0.00|SAR no flip,2026-01-08 21:50:12.387
1020859,VNOM,2026-01-08 21:50:12.100,Keltner,Hold,0.00|No Keltner breakout,2026-01-08 21:50:12.447
1020860,VNOM,2026-01-08 21:50:12.160,OBV,Hold,0.00|No OBV divergence,2026-01-08 21:50:12.503
1020861,VNOM,2026-01-08 21:50:12.213,Aroon,Hold,0.00|No Aroon trend change,2026-01-08 21:50:12.560
1020862,VNOM,2026-01-08 21:50:12.270,ROC,Hold,0.00|No ROC momentum burst,2026-01-08 21:50:12.613
1020863,VNOM,2026-01-08 21:50:12.327,TSI,Hold,0.00|No TSI crossover,2026-01-08 21:50:12.670
1020864,VNOM,2026-01-08 21:50:12.380,Vortex,Hold,0.00|No Vortex trend change,2026-01-08 21:50:12.727
1020865,VRNT,2026-01-08 21:50:12.377,SwingFilter,Hold,Volatility too low (0.34%) - no swing opportunity,2026-01-08 21:50:12.727
1020866,VNOM,2026-01-08 21:50:12.440,Confluence,Hold,0.00|Insufficient confluence (score=0),2026-01-08 21:50:12.783
1020867,VNOM,2026-01-08 21:50:12.497,Enhanced_Consensus,Hold,Insufficient votes | conf=0% | quality=0%,2026-01-08 21:50:12.840
1020868,VRTX,2026-01-08 05:00:00.000,RelaxedEngine,Hold,Insufficient votes,2026-01-08 21:50:13.507
1020869,VRTX,2026-01-08 21:50:13.217,TrendMTF,Hold,0.00|No clear trend setup,2026-01-08 21:50:13.563
1020870,VRTX,2026-01-08 21:50:13.273,MeanRevSR,Hold,"0.00|No mean reversion setup (RSI=50.0, regime=Quiet Market)",2026-01-08 21:50:13.620
1020871,VRTX,2026-01-08 21:50:13.330,BreakoutVol,Hold,0.00|No breakout pattern (ADX=18.6),2026-01-08 21:50:13.677
1020872,VRTX,2026-01-08 21:50:13.387,MomentumDiv,Hold,0.00|Indicators not ready,2026-01-08 21:50:13.730
1020873,VRTX,2026-01-08 21:50:13.440,EMA+RSI,Hold,0.00|No EMA crossover,2026-01-08 21:50:13.783
1020874,VRTX,2026-01-08 21:50:13.493,Bollinger,Sell,0.68|Bollinger mean reversion sell (RSI=59.4),2026-01-08 21:50:13.840
1020875,VRTX,2026-01-08 21:50:13.550,ATR,Hold,0.00|No ATR breakout,2026-01-08 21:50:13.897
1020876,VRTX,2026-01-08 21:50:13.610,MACD,Hold,0.00|No MACD signal,2026-01-08 21:50:13.963
1020877,VRTX,2026-01-08 21:50:13.673,ADX,Hold,0.00|ADX too weak: 18.6 < 22,2026-01-08 21:50:14.020
1020878,VRTX,2026-01-08 21:50:13.730,Volume,Buy,0.74|Volume spike 1.6x with upward momentum,2026-01-08 21:50:14.077
1020879,VRTX,2026-01-08 21:50:13.783,Donchian,Hold,"0.00|Price within channel ($469.68, U=$487.52, L=$433.81)",2026-01-08 21:50:14.127
1020880,VRTX,2026-01-08 21:50:13.837,Ichimoku,Buy,0.69|Bullish Ichimoku (price 1.9% above cloud),2026-01-08 21:50:14.183
1020881,VRTX,2026-01-08 21:50:13.893,PriceAction,Hold,0.00|No clear price action trend,2026-01-08 21:50:14.240
1020882,VRTX,2026-01-08 21:50:13.953,Supertrend,Buy,0.65|Supertrend bullish continuation (3.75% above),2026-01-08 21:50:14.300
1020883,VRTX,2026-01-08 21:50:14.010,MeanRevMFI,Hold,0.00|No MFI mean reversion setup,2026-01-08 21:50:14.357
1020884,VRSK,2026-01-08 21:50:14.013,SwingFilter,Hold,Weekly trend too weak (0.1%),2026-01-08 21:50:14.357
1020885,VRTX,2026-01-08 21:50:14.077,TripleMomentum,Hold,0.00|Insufficient momentum consensus,2026-01-08 21:50:14.423
1020886,VRTX,2026-01-08 21:50:14.133,SRBounce,Hold,0.00|Not near key S/R levels,2026-01-08 21:50:14.480
1020887,VRTX,2026-01-08 21:50:14.190,CMFMomentum,Hold,0.00|No CMF momentum signal,2026-01-08 21:50:14.530
1020888,VRTX,2026-01-08 21:50:14.247,ForceIndex,Hold,0.00|No Force Index breakout,2026-01-08 21:50:14.587
1020889,VRTX,2026-01-08 21:50:14.303,WilliamsR,Sell,0.80|Williams %R overbought reversal (-40.2 from -7.6),2026-01-08 21:50:14.643
1020890,VRTX,2026-01-08 21:50:14.357,PSAR,Hold,0.00|SAR no flip,2026-01-08 21:50:14.700
1020891,VRTX,2026-01-08 21:50:14.413,Keltner,Hold,0.00|No Keltner breakout,2026-01-08 21:50:14.760
1020892,VRTX,2026-01-08 21:50:14.473,OBV,Hold,0.00|No OBV divergence,2026-01-08 21:50:14.813
1020893,VRTX,2026-01-08 21:50:14.530,Aroon,Hold,0.00|No Aroon trend change,2026-01-08 21:50:14.870
1020894,VRTX,2026-01-08 21:50:14.587,ROC,Hold,0.00|No ROC momentum burst,2026-01-08 21:50:14.927
1020895,VRTX,2026-01-08 21:50:14.643,TSI,Hold,0.00|No TSI crossover,2026-01-08 21:50:14.987
1020896,VRTX,2026-01-08 21:50:14.700,Vortex,Hold,0.00|No Vortex trend change,2026-01-08 21:50:15.087
1020897,VSCO,2026-01-08 05:00:00.000,RelaxedEngine,Hold,Failed validation,2026-01-08 21:50:15.107
1020898,VRTX,2026-01-08 21:50:14.800,Confluence,Hold,0.00|Insufficient confluence (score=2),2026-01-08 21:50:15.140
1020899,VSCO,2026-01-08 21:50:14.823,TrendMTF,Hold,0.00|No clear trend setup,2026-01-08 21:50:15.163
1020900,VRTX,2026-01-08 21:50:14.857,Enhanced_Consensus,Hold,Insufficient votes | conf=0% | quality=0%,2026-01-08 21:50:15.200
1020901,VSCO,2026-01-08 21:50:14.880,MeanRevSR,Hold,0.00|Strong trend - avoid mean reversion,2026-01-08 21:50:15.257
1020902,VSCO,2026-01-08 21:50:14.970,BreakoutVol,Hold,0.00|No breakout pattern (ADX=53.9),2026-01-08 21:50:15.310
1020903,VSCO,2026-01-08 21:50:15.027,MomentumDiv,Hold,0.00|Indicators not ready,2026-01-08 21:50:15.367
1020904,VSCO,2026-01-08 21:50:15.083,EMA+RSI,Hold,0.00|No EMA crossover,2026-01-08 21:50:15.423
1020905,VSCO,2026-01-08 21:50:15.140,Bollinger,Sell,0.70|Bollinger mean reversion sell (RSI=76.8),2026-01-08 21:50:15.480
1020906,VSCO,2026-01-08 21:50:15.197,ATR,Hold,0.00|No ATR breakout,2026-01-08 21:50:15.550
1020907,VSCO,2026-01-08 21:50:15.250,MACD,Buy,0.88|MACD crossover + momentum (hist=0.1182),2026-01-08 21:50:15.603
1020908,VSCO,2026-01-08 21:50:15.307,ADX,Buy,0.85|ADX strong trend ? (ADX=53.9),2026-01-08 21:50:15.660
1020909,VSCO,2026-01-08 21:50:15.363,Volume,Hold,0.00|Volume too low: 0.94x,2026-01-08 21:50:15.717
1020910,VSCO,2026-01-08 21:50:15.420,Donchian,Hold,"0.00|Price within channel ($62.81, U=$63.82, L=$40.78)",2026-01-08 21:50:15.773
1020911,VSCO,2026-01-08 21:50:15.473,Ichimoku,Buy,1.00|Bullish Ichimoku (price 12.3% above cloud),2026-01-08 21:50:15.830
1020912,VSCO,2026-01-08 21:50:15.533,PriceAction,Hold,0.00|Not enough swing points,2026-01-08 21:50:15.883
1020913,VSCO,2026-01-08 21:50:15.587,Supertrend,Buy,0.63|Supertrend bullish continuation (10.95% above),2026-01-08 21:50:15.940
1020914,VSCO,2026-01-08 21:50:15.643,MeanRevMFI,Hold,0.00|No MFI mean reversion setup,2026-01-08 21:50:15.997
1020915,VSCO,2026-01-08 21:50:15.697,TripleMomentum,Buy,0.90|Triple momentum bullish (2/3 indicators),2026-01-08 21:50:16.053
1020916,VSCO,2026-01-08 21:50:15.757,SRBounce,Hold,0.00|Not near key S/R levels,2026-01-08 21:50:16.110
1020917,VSCO,2026-01-08 21:50:15.810,CMFMomentum,Hold,0.00|No CMF momentum signal,2026-01-08 21:50:16.163
1020918,VSCO,2026-01-08 21:50:15.867,ForceIndex,Hold,0.00|No Force Index breakout,2026-01-08 21:50:16.223
1020919,VSCO,2026-01-08 21:50:15.927,WilliamsR,Hold,0.00|No Williams %R reversal signal,2026-01-08 21:50:16.280
1020920,VSCO,2026-01-08 21:50:15.983,PSAR,Hold,0.00|SAR no flip,2026-01-08 21:50:16.337
1020921,VSCO,2026-01-08 21:50:16.040,Keltner,Hold,0.00|No Keltner breakout,2026-01-08 21:50:16.393
1020922,VSCO,2026-01-08 21:50:16.097,OBV,Hold,0.00|No OBV divergence,2026-01-08 21:50:16.450
1020923,VSCO,2026-01-08 21:50:16.150,Aroon,Hold,0.00|No Aroon trend change,2026-01-08 21:50:16.503
1020924,VSCO,2026-01-08 21:50:16.207,ROC,Hold,0.00|No ROC momentum burst,2026-01-08 21:50:16.550
1020925,VSCO,2026-01-08 21:50:16.263,TSI,Buy,"0.85|TSI bullish crossover (TSI=42.7, Signal=42.0)",2026-01-08 21:50:16.607
1020926,VSCO,2026-01-08 21:50:16.320,Vortex,Hold,0.00|No Vortex trend change,2026-01-08 21:50:16.673
1020927,VSCO,2026-01-08 21:50:16.387,Confluence,Buy,"0.65|Bullish confluence (4/5): MACD bullish, Volume spike, Price momentum, ADX uptrend",2026-01-08 21:50:16.730
1020928,VSCO,2026-01-08 21:50:16.443,Enhanced_Consensus,Hold,Failed validation | conf=0% | quality=63%,2026-01-08 21:50:16.787
1020929,VTYX,2026-01-08 21:50:17.460,SwingFilter,Hold,Volatility too high (14.21%) - excessive risk,2026-01-08 21:50:17.803
1020930,VZ,2026-01-08 21:50:18.013,SwingFilter,Hold,Weekly trend too weak (0.0%),2026-01-08 21:50:18.353
1020931,WAY,2026-01-08 21:50:18.317,SwingFilter,Hold,No clear weekly trend direction,2026-01-08 21:50:18.663
1020932,VVR,2026-01-08 21:50:19.137,SwingFilter,Hold,Weekly trend too weak (0.3%),2026-01-08 21:50:19.480
1020933,WELL,2026-01-08 21:50:20.430,SwingFilter,Hold,Weekly trend too weak (1.3%),2026-01-08 21:50:20.777
1020934,WERN,2026-01-08 05:00:00.000,RelaxedEngine,Hold,Failed validation,2026-01-08 21:50:21.230
1020935,WERN,2026-01-08 21:50:20.947,TrendMTF,Hold,0.00|No clear trend setup,2026-01-08 21:50:21.287
1020936,WERN,2026-01-08 21:50:21.003,MeanRevSR,Hold,0.00|Strong trend - avoid mean reversion,2026-01-08 21:50:21.343
1020937,WERN,2026-01-08 21:50:21.057,BreakoutVol,Hold,0.00|No breakout pattern (ADX=39.8),2026-01-08 21:50:21.400
1020938,WERN,2026-01-08 21:50:21.113,MomentumDiv,Hold,0.00|Indicators not ready,2026-01-08 21:50:21.457
1020939,WERN,2026-01-08 21:50:21.170,EMA+RSI,Hold,0.00|No EMA crossover,2026-01-08 21:50:21.510
1020940,WERN,2026-01-08 21:50:21.227,Bollinger,Sell,0.71|Bollinger mean reversion sell (RSI=72.3),2026-01-08 21:50:21.567
1020941,WERN,2026-01-08 21:50:21.283,ATR,Hold,0.00|No ATR breakout,2026-01-08 21:50:21.627
1020942,WERN,2026-01-08 21:50:21.343,MACD,Buy,0.65|MACD momentum building (hist=0.1023),2026-01-08 21:50:21.703
1020943,WERN,2026-01-08 21:50:21.407,ADX,Buy,0.85|ADX strong trend ? (ADX=39.8),2026-01-08 21:50:21.760
1020944,WEN,2026-01-08 21:50:21.447,SwingFilter,Hold,Weekly trend too weak (0.7%),2026-01-08 21:50:21.797
1020945,WERN,2026-01-08 21:50:21.463,Volume,Hold,0.00|Volume too low: 0.67x,2026-01-08 21:50:21.813
1020946,WERN,2026-01-08 21:50:21.520,Donchian,Hold,"0.00|Price within channel ($33.02, U=$33.23, L=$27.24)",2026-01-08 21:50:21.870
1020947,WERN,2026-01-08 21:50:21.573,Ichimoku,Buy,1.00|Bullish Ichimoku (price 7.8% above cloud),2026-01-08 21:50:21.927
1020948,WERN,2026-01-08 21:50:21.633,PriceAction,Hold,0.00|No clear price action trend,2026-01-08 21:50:21.983
1020949,WERN,2026-01-08 21:50:21.687,Supertrend,Buy,0.65|Supertrend bullish continuation (7.66% above),2026-01-08 21:50:22.040
1020950,W,2026-01-08 05:00:00.000,RealisticConservative,Buy,"? BUY: 6 votes, Composite=62%, Confirms=3 (BB conflict)",2026-01-08 21:50:22.047
1020951,W,2026-01-08 21:50:21.750,TrendMTF,Hold,0.00|No clear trend setup,2026-01-08 21:50:22.100
1020952,WERN,2026-01-08 21:50:21.750,MeanRevMFI,Hold,0.00|No MFI mean reversion setup,2026-01-08 21:50:22.103
1020953,W,2026-01-08 21:50:21.810,MeanRevSR,Hold,"0.00|No mean reversion setup (RSI=50.0, regime=High Volatility)",2026-01-08 21:50:22.160
1020954,WERN,2026-01-08 21:50:21.810,TripleMomentum,Buy,1.00|Triple momentum bullish (3/3 indicators),2026-01-08 21:50:22.163
1020955,W,2026-01-08 21:50:21.867,BreakoutVol,Hold,0.00|No breakout pattern (ADX=21.2),2026-01-08 21:50:22.217
1020956,WERN,2026-01-08 21:50:21.867,SRBounce,Hold,0.00|Not near key S/R levels,2026-01-08 21:50:22.220
1020957,W,2026-01-08 21:50:21.920,MomentumDiv,Hold,0.00|Indicators not ready,2026-01-08 21:50:22.273
1020958,WERN,2026-01-08 21:50:21.923,CMFMomentum,Buy,"0.72|CMF accumulation (CMF=0.089, RSI=72)",2026-01-08 21:50:22.273
1020959,W,2026-01-08 21:50:21.980,EMA+RSI,Hold,0.00|No EMA crossover,2026-01-08 21:50:22.330
1020960,WERN,2026-01-08 21:50:21.980,ForceIndex,Hold,0.00|No Force Index breakout,2026-01-08 21:50:22.330
1020961,W,2026-01-08 21:50:22.033,Bollinger,Sell,0.72|Bollinger mean reversion sell (RSI=66.7),2026-01-08 21:50:22.387
1020962,WERN,2026-01-08 21:50:22.033,WilliamsR,Hold,0.00|No Williams %R reversal signal,2026-01-08 21:50:22.387
1020963,W,2026-01-08 21:50:22.090,ATR,Hold,0.00|No ATR breakout,2026-01-08 21:50:22.440
1020964,WERN,2026-01-08 21:50:22.090,PSAR,Hold,0.00|SAR no flip,2026-01-08 21:50:22.443
1020965,W,2026-01-08 21:50:22.147,MACD,Buy,0.65|MACD momentum building (hist=1.2208),2026-01-08 21:50:22.497
1020966,WERN,2026-01-08 21:50:22.147,Keltner,Hold,0.00|No Keltner breakout,2026-01-08 21:50:22.500
1020967,W,2026-01-08 21:50:22.200,ADX,Hold,0.00|ADX too weak: 21.2 < 22,2026-01-08 21:50:22.553
1020968,WERN,2026-01-08 21:50:22.203,OBV,Hold,0.00|No OBV divergence,2026-01-08 21:50:22.553
1020969,W,2026-01-08 21:50:22.257,Volume,Hold,0.00|Volume too low: 1.03x,2026-01-08 21:50:22.610
1020970,WERN,2026-01-08 21:50:22.257,Aroon,Hold,0.00|No Aroon trend change,2026-01-08 21:50:22.610
1020971,W,2026-01-08 21:50:22.313,Donchian,Hold,"0.00|Price within channel ($113.45, U=$115.80, L=$91.06)",2026-01-08 21:50:22.667
1020972,WERN,2026-01-08 21:50:22.313,ROC,Buy,"0.70|ROC momentum burst ? (ROC=9.0%, vol=0.72x)",2026-01-08 21:50:22.667
1020973,W,2026-01-08 21:50:22.370,Ichimoku,Buy,1.00|Bullish Ichimoku (price 7.0% above cloud),2026-01-08 21:50:22.720
1020974,WERN,2026-01-08 21:50:22.370,TSI,Hold,0.00|No TSI crossover,2026-01-08 21:50:22.723
1020975,W,2026-01-08 21:50:22.427,PriceAction,Hold,0.00|Not enough swing points,2026-01-08 21:50:22.777
1020976,WERN,2026-01-08 21:50:22.427,Vortex,Hold,0.00|No Vortex trend change,2026-01-08 21:50:22.780
1020977,W,2026-01-08 21:50:22.480,Supertrend,Buy,0.61|Supertrend bullish continuation (12.52% above),2026-01-08 21:50:22.833
1020978,WERN,2026-01-08 21:50:22.483,Confluence,Hold,0.00|Insufficient confluence (score=3),2026-01-08 21:50:22.833
1020979,W,2026-01-08 21:50:22.537,MeanRevMFI,Hold,0.00|No MFI mean reversion setup,2026-01-08 21:50:22.887
1020980,WERN,2026-01-08 21:50:22.537,Enhanced_Consensus,Hold,Failed validation | conf=0% | quality=55%,2026-01-08 21:50:22.890
1020981,W,2026-01-08 21:50:22.590,TripleMomentum,Buy,1.00|Triple momentum bullish (3/3 indicators),2026-01-08 21:50:22.937
1020982,W,2026-01-08 21:50:22.640,SRBounce,Hold,0.00|Not near key S/R levels,2026-01-08 21:50:22.990
1020983,W,2026-01-08 21:50:22.693,CMFMomentum,Hold,0.00|No CMF momentum signal,2026-01-08 21:50:23.047
1020984,W,2026-01-08 21:50:22.750,ForceIndex,Hold,0.00|No Force Index breakout,2026-01-08 21:50:23.100
1020985,W,2026-01-08 21:50:22.807,WilliamsR,Hold,0.00|No Williams %R reversal signal,2026-01-08 21:50:23.157
1020986,W,2026-01-08 21:50:22.860,PSAR,Hold,0.00|SAR no flip,2026-01-08 21:50:23.213
1020987,W,2026-01-08 21:50:22.917,Keltner,Hold,0.00|No Keltner breakout,2026-01-08 21:50:23.270
1020988,W,2026-01-08 21:50:22.973,OBV,Hold,0.00|No OBV divergence,2026-01-08 21:50:23.330
1020989,W,2026-01-08 21:50:23.033,Aroon,Hold,0.00|No Aroon trend change,2026-01-08 21:50:23.387
1020990,W,2026-01-08 21:50:23.090,ROC,Buy,"0.70|ROC momentum burst ? (ROC=15.2%, vol=1.12x)",2026-01-08 21:50:23.437
1020991,W,2026-01-08 21:50:23.143,TSI,Hold,0.00|No TSI crossover,2026-01-08 21:50:23.493
1020992,W,2026-01-08 21:50:23.197,Vortex,Hold,0.00|No Vortex trend change,2026-01-08 21:50:23.550
1020993,W,2026-01-08 21:50:23.253,Confluence,Hold,0.00|Insufficient confluence (score=3),2026-01-08 21:50:23.607
1020994,W,2026-01-08 21:50:23.310,Enhanced_Consensus,Buy,"? BUY: 6 votes, Composite=62%, Confirms=3 (BB conflict) | conf=64% | quality=49%",2026-01-08 21:50:23.660
1020995,W,2026-01-08 21:50:23.363,Enhanced_Entry,Buy,"entry=$113.56, qty=7, stop=$9.08, quality=49%",2026-01-08 21:50:23.713
1020996,WMG,2026-01-08 21:50:23.777,SwingFilter,Hold,Weekly trend too weak (0.2%),2026-01-08 21:50:24.113
1020997,WRB,2026-01-08 21:50:24.927,SwingFilter,Hold,Weekly trend too weak (1.5%),2026-01-08 21:50:25.273
1020998,WRBY,2026-01-08 05:00:00.000,RealisticConservative,Buy,"? BUY: 11 votes, Composite=70%, Confirms=3 (BB conflict)",2026-01-08 21:50:25.777
1020999,WRBY,2026-01-08 21:50:25.490,TrendMTF,Hold,0.00|No clear trend setup,2026-01-08 21:50:25.833
1021000,WRBY,2026-01-08 21:50:25.547,MeanRevSR,Hold,"0.00|No mean reversion setup (RSI=50.0, regime=Weak Trend)",2026-01-08 21:50:25.890
1021001,WRBY,2026-01-08 21:50:25.600,BreakoutVol,Hold,0.00|No breakout pattern (ADX=27.6),2026-01-08 21:50:25.947
1021002,WRBY,2026-01-08 21:50:25.657,MomentumDiv,Hold,0.00|Indicators not ready,2026-01-08 21:50:26.000
1021003,WRBY,2026-01-08 21:50:25.713,EMA+RSI,Hold,0.00|No EMA crossover,2026-01-08 21:50:26.057
1021004,WRBY,2026-01-08 21:50:25.770,Bollinger,Sell,0.67|Bollinger mean reversion sell (RSI=65.5),2026-01-08 21:50:26.113
1021005,WRBY,2026-01-08 21:50:25.827,ATR,Hold,0.00|Volatility outside swing range: 5.47%,2026-01-08 21:50:26.170
1021006,WRBY,2026-01-08 21:50:25.883,MACD,Buy,0.88|MACD crossover + momentum (hist=0.0802),2026-01-08 21:50:26.227
1021007,WRBY,2026-01-08 21:50:25.940,ADX,Buy,0.76|ADX strong trend ? (ADX=27.6),2026-01-08 21:50:26.290
1021008,WRBY,2026-01-08 21:50:25.993,Volume,Hold,0.00|Volume too low: 0.65x,2026-01-08 21:50:26.347
1021009,WRBY,2026-01-08 21:50:26.050,Donchian,Hold,"0.00|Price within channel ($28.28, U=$31.00, L=$17.83)",2026-01-08 21:50:26.403
1021010,WM,2026-01-08 21:50:26.070,SwingFilter,Hold,Weekly trend too weak (0.7%),2026-01-08 21:50:26.453
1021011,WRBY,2026-01-08 21:50:26.103,Ichimoku,Buy,1.00|Bullish Ichimoku (price 12.7% above cloud),2026-01-08 21:50:26.457
1021012,WRBY,2026-01-08 21:50:26.160,PriceAction,Hold,0.00|No clear price action trend,2026-01-08 21:50:26.517
1021013,WRBY,2026-01-08 21:50:26.217,Supertrend,Buy,0.58|Supertrend bullish continuation (17.18% above),2026-01-08 21:50:26.567
1021014,WRBY,2026-01-08 21:50:26.273,MeanRevMFI,Hold,0.00|No MFI mean reversion setup,2026-01-08 21:50:26.623
1021015,WRBY,2026-01-08 21:50:26.330,TripleMomentum,Buy,1.00|Triple momentum bullish (3/3 indicators),2026-01-08 21:50:26.683
1021016,WRBY,2026-01-08 21:50:26.387,SRBounce,Hold,0.00|Not near key S/R levels,2026-01-08 21:50:26.740
1021017,WRBY,2026-01-08 21:50:26.440,CMFMomentum,Hold,0.00|No CMF momentum signal,2026-01-08 21:50:26.797
1021018,WRBY,2026-01-08 21:50:26.503,ForceIndex,Hold,0.00|No Force Index breakout,2026-01-08 21:50:26.867
1021019,WT,2026-01-08 05:00:00.000,RealisticConservative,Buy,"? BUY: 5 votes, Composite=56%, Confirms=2 (BB conflict)",2026-01-08 21:50:26.873
1021020,WRBY,2026-01-08 21:50:26.570,WilliamsR,Hold,0.00|No Williams %R reversal signal,2026-01-08 21:50:26.923
1021021,WT,2026-01-08 21:50:26.573,TrendMTF,Hold,0.00|No clear trend setup,2026-01-08 21:50:26.930
1021022,WRBY,2026-01-08 21:50:26.627,PSAR,Buy,"0.90|PSAR flip up (gap=24.12%, prev=5 bars)",2026-01-08 21:50:26.980
1021023,WT,2026-01-08 21:50:26.630,MeanRevSR,Hold,"0.00|No mean reversion setup (RSI=50.0, regime=Quiet Market)",2026-01-08 21:50:26.983
1021024,WRBY,2026-01-08 21:50:26.680,Keltner,Buy,0.65|Keltner breakout ? (vol=0.57x),2026-01-08 21:50:27.037
1021025,WT,2026-01-08 21:50:26.687,BreakoutVol,Hold,0.00|No breakout pattern (ADX=35.7),2026-01-08 21:50:27.040
1021026,WRBY,2026-01-08 21:50:26.740,OBV,Hold,0.00|No OBV divergence,2026-01-08 21:50:27.090
1021027,WT,2026-01-08 21:50:26.743,MomentumDiv,Hold,0.00|Indicators not ready,2026-01-08 21:50:27.097
1021028,WRBY,2026-01-08 21:50:26.793,Aroon,Hold,0.00|No Aroon trend change,2026-01-08 21:50:27.147
1021029,WT,2026-01-08 21:50:26.797,EMA+RSI,Hold,0.00|No EMA crossover,2026-01-08 21:50:27.153
1021030,WRBY,2026-01-08 21:50:26.853,ROC,Buy,"0.70|ROC momentum burst ? (ROC=7.2%, vol=0.57x)",2026-01-08 21:50:27.203
1021031,WT,2026-01-08 21:50:26.853,Bollinger,Sell,0.68|Bollinger mean reversion sell (RSI=64.2),2026-01-08 21:50:27.210
1021032,WTRG,2026-01-08 21:50:26.873,SwingFilter,Hold,Weekly trend too weak (0.4%),2026-01-08 21:50:27.227
1021033,WRBY,2026-01-08 21:50:26.907,TSI,Buy,"0.85|TSI bullish crossover (TSI=14.6, Signal=13.1)",2026-01-08 21:50:27.260
1021034,WT,2026-01-08 21:50:26.910,ATR,Hold,0.00|No ATR breakout,2026-01-08 21:50:27.263
1021035,WRBY,2026-01-08 21:50:26.963,Vortex,Hold,0.00|No Vortex trend change,2026-01-08 21:50:27.310
1021036,WT,2026-01-08 21:50:26.967,MACD,Hold,0.00|No MACD signal,2026-01-08 21:50:27.317
1021037,WRBY,2026-01-08 21:50:27.017,Confluence,Hold,0.00|Insufficient confluence (score=3),2026-01-08 21:50:27.367
1021038,WT,2026-01-08 21:50:27.023,ADX,Buy,0.85|ADX strong trend ? (ADX=35.7),2026-01-08 21:50:27.370
1021039,WRBY,2026-01-08 21:50:27.077,Enhanced_Consensus,Buy,"? BUY: 11 votes, Composite=70%, Confirms=3 (BB conflict) | conf=73% | quality=54%",2026-01-08 21:50:27.423
1021040,WT,2026-01-08 21:50:27.077,Volume,Hold,0.00|Volume too low: 0.99x,2026-01-08 21:50:27.427
1021041,WRBY,2026-01-08 21:50:27.130,Enhanced_Entry,Buy,"entry=$28.31, qty=33, stop=$2.26, quality=54%",2026-01-08 21:50:27.480
1021042,WT,2026-01-08 21:50:27.137,Donchian,Hold,"0.00|Price within channel ($13.15, U=$13.66, L=$10.91)",2026-01-08 21:50:27.483
1021043,WT,2026-01-08 21:50:27.190,Ichimoku,Buy,1.00|Bullish Ichimoku (price 4.2% above cloud),2026-01-08 21:50:27.540
1021044,WT,2026-01-08 21:50:27.247,PriceAction,Hold,0.00|No clear price action trend,2026-01-08 21:50:27.597
1021045,WT,2026-01-08 21:50:27.303,Supertrend,Buy,0.65|Supertrend bullish continuation (4.58% above),2026-01-08 21:50:27.650
1021046,WT,2026-01-08 21:50:27.357,MeanRevMFI,Hold,0.00|No MFI mean reversion setup,2026-01-08 21:50:27.707
1021047,WT,2026-01-08 21:50:27.413,TripleMomentum,Hold,0.00|Insufficient momentum consensus,2026-01-08 21:50:27.763
1021048,WT,2026-01-08 21:50:27.470,SRBounce,Hold,0.00|Not near key S/R levels,2026-01-08 21:50:27.820
1021049,WT,2026-01-08 21:50:27.527,CMFMomentum,Hold,0.00|No CMF momentum signal,2026-01-08 21:50:27.877
1021050,WT,2026-01-08 21:50:27.583,ForceIndex,Hold,0.00|No Force Index breakout,2026-01-08 21:50:27.930
1021051,WT,2026-01-08 21:50:27.640,WilliamsR,Hold,0.00|No Williams %R reversal signal,2026-01-08 21:50:27.987
1021052,WT,2026-01-08 21:50:27.693,PSAR,Hold,0.00|SAR no flip,2026-01-08 21:50:28.043
1021053,WT,2026-01-08 21:50:27.753,Keltner,Hold,0.00|No Keltner breakout,2026-01-08 21:50:28.100
1021054,WT,2026-01-08 21:50:27.807,OBV,Hold,0.00|No OBV divergence,2026-01-08 21:50:28.157
1021055,WT,2026-01-08 21:50:27.863,Aroon,Hold,0.00|No Aroon trend change,2026-01-08 21:50:28.210
1021056,WT,2026-01-08 21:50:27.920,ROC,Hold,0.00|No ROC momentum burst,2026-01-08 21:50:28.267
1021057,WT,2026-01-08 21:50:27.973,TSI,Hold,0.00|No TSI crossover,2026-01-08 21:50:28.330
1021058,WT,2026-01-08 21:50:28.030,Vortex,Hold,0.00|No Vortex trend change,2026-01-08 21:50:28.383
1021059,WT,2026-01-08 21:50:28.087,Confluence,Hold,0.00|Insufficient confluence (score=2),2026-01-08 21:50:28.440
1021060,WT,2026-01-08 21:50:28.143,Enhanced_Consensus,Buy,"? BUY: 5 votes, Composite=56%, Confirms=2 (BB conflict) | conf=60% | quality=59%",2026-01-08 21:50:28.497
1021061,WT,2026-01-08 21:50:28.200,Enhanced_Entry,Buy,"entry=$13.16, qty=90, stop=$0.91, quality=59%",2026-01-08 21:50:28.553
1021062,XIFR,2026-01-08 05:00:00.000,RealisticConservative,Buy,"? BUY: 7 votes, Composite=56%, Confirms=2 (BB conflict)",2026-01-08 21:50:29.550
1021063,XIFR,2026-01-08 21:50:29.263,TrendMTF,Hold,0.00|No clear trend setup,2026-01-08 21:50:29.603
1021064,XIFR,2026-01-08 21:50:29.317,MeanRevSR,Hold,"0.00|No mean reversion setup (RSI=50.0, regime=High Volatility)",2026-01-08 21:50:29.660
1021065,XIFR,2026-01-08 21:50:29.373,BreakoutVol,Hold,0.00|No breakout pattern (ADX=35.2),2026-01-08 21:50:29.717
1021066,XIFR,2026-01-08 21:50:29.430,MomentumDiv,Hold,0.00|Indicators not ready,2026-01-08 21:50:29.777
1021067,XIFR,2026-01-08 21:50:29.490,EMA+RSI,Buy,"0.60|EMA(20/50) crossover ? ",2026-01-08 21:50:29.833
1021068,XIFR,2026-01-08 21:50:29.547,Bollinger,Sell,0.68|Bollinger mean reversion sell (RSI=64.2),2026-01-08 21:50:29.890
1021069,XIFR,2026-01-08 21:50:29.603,ATR,Hold,0.00|No ATR breakout,2026-01-08 21:50:29.943
1021070,XIFR,2026-01-08 21:50:29.657,MACD,Hold,0.00|No MACD signal,2026-01-08 21:50:30.000
1021071,XIFR,2026-01-08 21:50:29.717,ADX,Buy,0.85|ADX strong trend ? (ADX=35.2),2026-01-08 21:50:30.057
1021072,XIFR,2026-01-08 21:50:29.773,Volume,Hold,0.00|Inconsistent price action,2026-01-08 21:50:30.113
1021073,XIFR,2026-01-08 21:50:29.827,Donchian,Hold,"0.00|Price within channel ($10.55, U=$11.40, L=$8.78)",2026-01-08 21:50:30.170
1021074,XIFR,2026-01-08 21:50:29.883,Ichimoku,Buy,0.85|Bullish Ichimoku (price 3.0% above cloud),2026-01-08 21:50:30.223
1021075,XIFR,2026-01-08 21:50:29.940,PriceAction,Hold,0.00|No clear price action trend,2026-01-08 21:50:30.280
1021076,XIFR,2026-01-08 21:50:29.997,Supertrend,Buy,0.65|Supertrend bullish continuation (2.96% above),2026-01-08 21:50:30.337
1021077,XIFR,2026-01-08 21:50:30.050,MeanRevMFI,Sell,"0.64|MFI overbought reversal (MFI=71.3, band=84%)",2026-01-08 21:50:30.393
1021078,XIFR,2026-01-08 21:50:30.107,TripleMomentum,Buy,0.95|Triple momentum bullish (2/3 indicators),2026-01-08 21:50:30.450
1021079,XIFR,2026-01-08 21:50:30.163,SRBounce,Hold,0.00|Not near key S/R levels,2026-01-08 21:50:30.503
1021080,XIFR,2026-01-08 21:50:30.220,CMFMomentum,Hold,0.00|No CMF momentum signal,2026-01-08 21:50:30.567
1021081,XIFR,2026-01-08 21:50:30.273,ForceIndex,Hold,0.00|No Force Index breakout,2026-01-08 21:50:30.623
1021082,XIFR,2026-01-08 21:50:30.330,WilliamsR,Hold,0.00|No Williams %R reversal signal,2026-01-08 21:50:30.680
1021083,XIFR,2026-01-08 21:50:30.393,PSAR,Hold,0.00|SAR no flip,2026-01-08 21:50:30.743
1021084,XIFR,2026-01-08 21:50:30.450,Keltner,Hold,0.00|No Keltner breakout,2026-01-08 21:50:30.800
1021085,XIFR,2026-01-08 21:50:30.507,OBV,Hold,0.00|No OBV divergence,2026-01-08 21:50:30.857
1021086,XIFR,2026-01-08 21:50:30.563,Aroon,Hold,0.00|No Aroon trend change,2026-01-08 21:50:30.910
1021087,XIFR,2026-01-08 21:50:30.617,ROC,Hold,0.00|No ROC momentum burst,2026-01-08 21:50:30.967
1021088,XIFR,2026-01-08 21:50:30.673,TSI,Hold,0.00|No TSI crossover,2026-01-08 21:50:31.023
1021089,XIFR,2026-01-08 21:50:30.730,Vortex,Hold,0.00|No Vortex trend change,2026-01-08 21:50:31.080
1021090,XIFR,2026-01-08 21:50:30.787,Confluence,Hold,0.00|Insufficient confluence (score=3),2026-01-08 21:50:31.137
1021091,WWW,2026-01-08 21:50:30.837,SwingFilter,Hold,No clear weekly trend direction,2026-01-08 21:50:31.187
1021092,XIFR,2026-01-08 21:50:30.843,Enhanced_Consensus,Buy,"? BUY: 7 votes, Composite=56%, Confirms=2 (BB conflict) | conf=60% | quality=73%",2026-01-08 21:50:31.190
1021093,XIFR,2026-01-08 21:50:30.897,Enhanced_Entry,Buy,"entry=$10.56, qty=121, stop=$0.84, quality=73%",2026-01-08 21:50:31.247
1021094,XRX,2026-01-08 21:50:31.330,SwingFilter,Hold,No clear weekly trend direction,2026-01-08 21:50:31.677
1021095,Z,2026-01-08 21:50:32.513,SwingFilter,Hold,No clear weekly trend direction,2026-01-08 21:50:32.860
1021096,ZETA,2026-01-08 05:00:00.000,RelaxedEngine,Hold,REJECT - Insufficient confirmations,2026-01-08 21:50:33.400
1021097,ZBH,2026-01-08 21:50:33.090,SwingFilter,Hold,Weekly trend too weak (1.5%),2026-01-08 21:50:33.433
1021098,ZETA,2026-01-08 21:50:33.110,TrendMTF,Hold,0.00|No clear trend setup,2026-01-08 21:50:33.457
1021099,ZETA,2026-01-08 21:50:33.167,MeanRevSR,Hold,"0.00|No mean reversion setup (RSI=50.0, regime=Weak Trend)",2026-01-08 21:50:33.513
1021100,ZETA,2026-01-08 21:50:33.223,BreakoutVol,Hold,0.00|No breakout pattern (ADX=25.1),2026-01-08 21:50:33.613
1021101,ZETA,2026-01-08 21:50:33.323,MomentumDiv,Hold,0.00|Indicators not ready,2026-01-08 21:50:33.670
1021102,ZETA,2026-01-08 21:50:33.383,EMA+RSI,Hold,0.00|No EMA crossover,2026-01-08 21:50:33.733
1021103,ZETA,2026-01-08 21:50:33.443,Bollinger,Hold,0.00|Strong uptrend - avoid shorting momentum,2026-01-08 21:50:33.790
1021104,ZETA,2026-01-08 21:50:33.497,ATR,Hold,0.00|No ATR breakout,2026-01-08 21:50:33.847
1021105,ZETA,2026-01-08 21:50:33.557,MACD,Hold,0.00|No MACD signal,2026-01-08 21:50:33.893
1021106,ZETA,2026-01-08 21:50:33.610,ADX,Buy,0.69|ADX strong trend ? (ADX=25.1),2026-01-08 21:50:33.950
1021107,XYL,2026-01-08 21:50:33.650,SwingFilter,Hold,Weekly trend too weak (0.5%),2026-01-08 21:50:33.990
1021108,ZETA,2026-01-08 21:50:33.667,Volume,Buy,0.62|Volume spike 1.3x with upward momentum,2026-01-08 21:50:34.007
1021109,ZETA,2026-01-08 21:50:33.723,Donchian,Hold,"0.00|Price within channel ($23.65, U=$24.06, L=$17.24)",2026-01-08 21:50:34.063
1021110,ZETA,2026-01-08 21:50:33.780,Ichimoku,Buy,1.00|Bullish Ichimoku (price 11.0% above cloud),2026-01-08 21:50:34.120
1021111,ZETA,2026-01-08 21:50:33.833,PriceAction,Hold,0.00|No clear price action trend,2026-01-08 21:50:34.173
1021112,ZETA,2026-01-08 21:50:33.893,Supertrend,Buy,0.62|Supertrend bullish continuation (12.00% above),2026-01-08 21:50:34.233
1021113,ZETA,2026-01-08 21:50:33.950,MeanRevMFI,Sell,"0.61|MFI overbought reversal (MFI=78.2, band=99%)",2026-01-08 21:50:34.290
1021114,ZETA,2026-01-08 21:50:34.007,TripleMomentum,Buy,0.95|Triple momentum bullish (2/3 indicators),2026-01-08 21:50:34.347
1021115,ZM,2026-01-08 21:50:34.057,SwingFilter,Hold,Weekly trend too weak (0.3%),2026-01-08 21:50:34.393
1021116,ZETA,2026-01-08 21:50:34.063,SRBounce,Hold,0.00|Not near key S/R levels,2026-01-08 21:50:34.403
1021117,ZETA,2026-01-08 21:50:34.120,CMFMomentum,Hold,0.00|No CMF momentum signal,2026-01-08 21:50:34.460
1021118,ZETA,2026-01-08 21:50:34.173,ForceIndex,Hold,0.00|No Force Index breakout,2026-01-08 21:50:34.513
1021119,ZETA,2026-01-08 21:50:34.230,WilliamsR,Hold,0.00|No Williams %R reversal signal,2026-01-08 21:50:34.570
1021120,ZETA,2026-01-08 21:50:34.287,PSAR,Hold,0.00|SAR no flip,2026-01-08 21:50:34.627
1021121,ZETA,2026-01-08 21:50:34.343,Keltner,Hold,0.00|No Keltner breakout,2026-01-08 21:50:34.683
1021122,ZETA,2026-01-08 21:50:34.397,OBV,Hold,0.00|No OBV divergence,2026-01-08 21:50:34.740
1021123,ZETA,2026-01-08 21:50:34.457,Aroon,Hold,0.00|No Aroon trend change,2026-01-08 21:50:34.793
1021124,ZTS,2026-01-08 21:50:34.477,SwingFilter,Hold,Weekly trend too weak (0.5%),2026-01-08 21:50:34.817
1021125,ZETA,2026-01-08 21:50:34.510,ROC,Buy,"0.52|ROC momentum burst ? (ROC=31.5%, vol=1.17x)",2026-01-08 21:50:34.850
1021126,ZETA,2026-01-08 21:50:34.567,TSI,Hold,0.00|No TSI crossover,2026-01-08 21:50:34.913
1021127,ZETA,2026-01-08 21:50:34.623,Vortex,Hold,0.00|No Vortex trend change,2026-01-08 21:50:34.970
1021128,ZETA,2026-01-08 21:50:34.677,Confluence,Hold,0.00|Insufficient confluence (score=3),2026-01-08 21:50:35.027
1021129,ZETA,2026-01-08 21:50:34.737,Enhanced_Consensus,Hold,REJECT - Insufficient confirmations | conf=0% | quality=75%,2026-01-08 21:50:35.083
1021130,ZVRA,2026-01-08 21:50:34.893,SwingFilter,Hold,No clear weekly trend direction,2026-01-08 21:50:35.243
